Order,Feature,Display_name,Unit,N,Kruskal_Wallis_H,df,P_raw,P_adj_BH_across_18_features,Kruskal_epsilon_squared
1,E_Holding.MP..mV.,Holding MP,mV,450,49.13476300540469,4,5.472780504696219e-10,5.472780504696219e-10,0.10142643372001055
2,E_Input.resistance..MOhm.,Input resistance,MΩ,450,271.67251197331865,4,1.390800267125958e-57,2.503440480826724e-56,0.6015112628613902
3,E_Membrane.time.constant..ms.,Membrane tau,ms,450,193.47013345688288,4,9.517978667986675e-41,3.4264723204752028e-40,0.42577558080198397
4,E_Rheobase..pA.,Rheobase,pA,450,254.05770517999653,4,8.697173441220032e-54,7.827456097098029e-53,0.5619274273707787
5,E_Sag.ratio,Sag ratio,ratio,450,170.16632862346955,4,9.633175207948369e-36,1.9266350415896737e-35,0.37340748005274055
6,E_Sag.time..s.,Sag time,s,450,116.73124771074173,4,2.66481253647228e-24,3.99721880470842e-24,0.25332864654099263
7,E_AP.threshold..mV.,AP threshold,mV,450,76.12864933189711,4,1.1498843439232542e-15,1.2175245994481514e-15,0.16208685243122944
8,E_AP.amplitude..mV.,AP amplitude,mV,450,174.19007524161657,4,1.318430391441236e-36,2.966468380742781e-36,0.3824496072845316
9,E_AP.width..ms.,AP width,ms,450,109.79762155647353,4,8.038073712348111e-23,1.0334666201590429e-22,0.23774746417185064
10,E_Upstroke.to.downstroke.ratio,Up/down ratio,ratio,450,87.75321933147802,4,3.950486454260058e-18,4.444297261042565e-18,0.18820948164377083
11,E_Afterhyperpolarization..mV.,AHP,mV,450,115.38286408759203,4,5.170161585426644e-24,7.1586852721292e-24,0.25029857098335284
12,E_Max.number.of.APs,Max APs,count,450,119.33588080437426,4,7.404606573715617e-25,1.2116628938807373e-24,0.25918175461657134
13,E_Latency..ms.,Latency,ms,450,107.4437899767902,4,2.5529280640221963e-22,3.0635136768266357e-22,0.23245795500402291
14,E_Latency....20pA.current..ms.,Latency @ +20 pA,ms,450,220.48557978538844,4,1.4737932126860284e-46,6.632069457087128e-46,0.48648444895592907
15,E_ISI.adaptation.index,ISI adaptation,index,450,129.3544971135526,4,5.3510966792940215e-27,9.631974022729238e-27,0.2816954991315789
16,E_ISI.coefficient.of.variation,ISI CV,CV,450,177.48566621885425,4,2.5850982154202755e-37,6.647395411080709e-37,0.38985542970529047
17,E_AP.amplitude.adaptation.index,AP amplitude adaptation,index,450,221.79308797814105,4,7.710091935352566e-47,4.626055161211539e-46,0.4894226696138001
18,E_AP.coefficient.of.variation,AP CV,CV,450,179.08622918403853,4,1.171587879136714e-37,3.514763637410142e-37,0.3934522004135697
