MSN_unique_ID,HC_cluster,Seurat_raw_cluster,raw_GC_HC_consensus
A10157_Batch4,HC8,S4,TRUE
A10158_Batch4,HC11,S2,TRUE
A10161_Batch4,HC11,S11,FALSE
A10162_Batch4,HC9,S10,TRUE
A10163_Batch4,HC11,S11,FALSE
A10164_Batch4,HC8,S4,TRUE
A10166_Batch4,HC9,S10,TRUE
A10167_Batch4,HC10,S8,TRUE
A10174_Batch4,HC4,S9,TRUE
A10175_Batch4,HC12,S6,TRUE
A10177_Batch4,HC2,S1,TRUE
A10181_Batch4,HC5,S7,TRUE
A10184_Batch4,HC6,S7,FALSE
A10185_Batch4,HC13,S5,TRUE
A10186_Batch4,HC1,S3,FALSE
A10231_Batch4,HC11,S2,TRUE
A10232_Batch4,HC4,S9,TRUE
A10243_Batch4,HC13,S5,TRUE
A10252_Batch4,HC11,S11,FALSE
A10292_Batch4,HC10,S8,TRUE
A10293_Batch4,HC12,S6,TRUE
A10295_Batch4,HC10,S8,TRUE
A10305_Batch4,HC13,S11,FALSE
A10313_Batch4,HC10,S8,TRUE
A11114_Batch4,HC8,S4,TRUE
A11121_Batch4,HC11,S2,TRUE
A11126_Batch4,HC11,S1,FALSE
A11132_Batch4,HC7,S5,FALSE
A11135_Batch4,HC2,S1,TRUE
A11156_Batch4,HC3,S3,TRUE
A11181_Batch4,HC11,S11,FALSE
A11184_Batch4,HC11,S6,FALSE
A11186_Batch4,HC11,S11,FALSE
A11254_Batch4,HC5,S7,TRUE
A11255_Batch4,HC4,S9,TRUE
A11274_Batch4,HC8,S4,TRUE
A1174_Batch4,HC1,S3,FALSE
A1176_Batch4,HC11,S2,TRUE
A1182_Batch4,HC11,S2,TRUE
A1222_Batch4,HC11,S2,TRUE
A1225_Batch4,HC2,S9,FALSE
A20256101_Batch7,HC12,S6,TRUE
A20256103_Batch7,HC9,S10,TRUE
A20256106_Batch7,HC8,S4,TRUE
A20256111_Batch7,HC5,S7,TRUE
A20256113_Batch7,HC11,S2,TRUE
A20256114_Batch7,HC5,S7,TRUE
A20256116_Batch7,HC11,S6,FALSE
A20256117_Batch7,HC2,S1,TRUE
A20256118_Batch7,HC2,S1,TRUE
A20256122_Batch7,HC11,S2,TRUE
A20256123_Batch7,HC11,S6,FALSE
A20256124_Batch7,HC11,S6,FALSE
A20256127_Batch7,HC8,S4,TRUE
A20256131_Batch7,HC10,S8,TRUE
A20256162_Batch7,HC10,S8,TRUE
A20256163_Batch7,HC11,S2,TRUE
A20256164_Batch7,HC2,S1,TRUE
A20256165_Batch7,HC12,S6,TRUE
A20256166_Batch7,HC8,S7,FALSE
A20256167_Batch7,HC8,S4,TRUE
A20256171_Batch7,HC10,S8,TRUE
A20256172_Batch7,HC11,S2,TRUE
A20256173_Batch7,HC12,S6,TRUE
A20256176_Batch7,HC8,S4,TRUE
A20256177_Batch7,HC11,S2,TRUE
A20256182_Batch7,HC11,S2,TRUE
A20256183_Batch7,HC6,S7,FALSE
A20256185_Batch7,HC2,S1,TRUE
A20256186_Batch7,HC11,S1,FALSE
A20256187_Batch7,HC12,S6,TRUE
A20256201_Batch7,HC13,S5,TRUE
A20256202_Batch7,HC5,S7,TRUE
A20256205_Batch7,HC13,S5,TRUE
A20256206_Batch7,HC12,S6,TRUE
A20256241_Batch7,HC8,S4,TRUE
A20256242_Batch7,HC11,S2,TRUE
A20256243_Batch7,HC11,S7,FALSE
A20256245_Batch7,HC13,S4,FALSE
A20256247_Batch7,HC8,S4,TRUE
A20256251_Batch7,HC13,S5,TRUE
A20256252_Batch7,HC13,S2,FALSE
A20256254_Batch7,HC13,S5,TRUE
A20256262_Batch7,HC9,S10,TRUE
A20256263_Batch7,HC13,S5,TRUE
A20256264_Batch7,HC13,S5,TRUE
A20256265_Batch7,HC13,S5,TRUE
A20256266_Batch7,HC11,S11,FALSE
A20256267_Batch7,HC8,S4,TRUE
A20256268_Batch7,HC8,S4,TRUE
A20256274_Batch7,HC11,S2,TRUE
A20256275_Batch7,HC3,S3,TRUE
A20256276_Batch7,HC8,S4,TRUE
A20256303_Batch7,HC10,S8,TRUE
A20256304_Batch7,HC11,S2,TRUE
A20256307_Batch7,HC2,S1,TRUE
A20256410_Batch7,HC8,S4,TRUE
A2025644_Batch7,HC13,S5,TRUE
A2025646_Batch7,HC9,S8,FALSE
A2025647_Batch7,HC8,S4,TRUE
A2025648_Batch7,HC11,S11,FALSE
A2025652_Batch7,HC11,S11,FALSE
A2025653_Batch7,HC11,S11,FALSE
A2025654_Batch7,HC11,S2,TRUE
A2025656_Batch7,HC11,S11,FALSE
A2025657_Batch7,HC11,S8,FALSE
A2025661_Batch7,HC6,S7,FALSE
A2025664_Batch7,HC10,S8,TRUE
A2025666_Batch7,HC11,S2,TRUE
A2025712_Batch7,HC13,S5,TRUE
A20257151_Batch7,HC11,S4,FALSE
A20257152_Batch7,HC6,S7,FALSE
A20257155_Batch7,HC8,S4,TRUE
A20257156_Batch7,HC3,S3,TRUE
A20257157_Batch7,HC11,S1,FALSE
A20257158_Batch7,HC2,S1,TRUE
A20257161_Batch7,HC4,S9,TRUE
A20257162_Batch7,HC7,S5,FALSE
A2025716_Batch7,HC4,S9,TRUE
A20257171_Batch7,HC9,S8,FALSE
A20257172_Batch7,HC11,S11,FALSE
A20257174_Batch7,HC13,S5,TRUE
A20257177_Batch7,HC4,S9,TRUE
A20257178_Batch7,HC6,S7,FALSE
A20257182_Batch7,HC11,S10,FALSE
A20257184_Batch7,HC7,S5,FALSE
A20257186_Batch7,HC2,S1,TRUE
A20257188_Batch7,HC2,S1,TRUE
A2025731_Batch7,HC10,S8,TRUE
A2025732_Batch7,HC4,S9,TRUE
A2025734_Batch7,HC9,S10,TRUE
A2025735_Batch7,HC11,S2,TRUE
A2025737_Batch7,HC9,S10,TRUE
A2025738_Batch7,HC12,S6,TRUE
A2025781_Batch7,HC13,S5,TRUE
A2025784_Batch7,HC9,S10,TRUE
A2025786_Batch7,HC2,S1,TRUE
A2025788_Batch7,HC2,S1,TRUE
A2025792_Batch7,HC12,S10,FALSE
A2025793_Batch7,HC12,S6,TRUE
A2025794_Batch7,HC3,S3,TRUE
A2025795_Batch7,HC2,S1,TRUE
A2025796_Batch7,HC2,S6,FALSE
A2025797_Batch7,HC8,S4,TRUE
A2025798_Batch7,HC8,S4,TRUE
D2510215_Batch8,HC1,S3,FALSE
D2510218_Batch8,HC8,S4,TRUE
D251022_Batch8,HC12,S6,TRUE
D2510232_Batch8,HC3,S3,TRUE
D2510233_Batch8,HC5,S7,TRUE
D2510242_Batch8,HC5,S7,TRUE
D2510245_Batch8,HC3,S3,TRUE
D251024_Batch8,HC5,S7,TRUE
D251025_Batch8,HC5,S7,TRUE
D251027_Batch8,HC3,S3,TRUE
D251031_Batch8,HC9,S10,TRUE
D251061_Batch8,HC11,S2,TRUE
D251062_Batch8,HC11,S2,TRUE
D251064_Batch8,HC10,S8,TRUE
D251071_Batch8,HC3,S1,FALSE
D251074_Batch8,HC2,S3,FALSE
D251075_Batch8,HC9,S10,TRUE
D251076_Batch8,HC11,S2,TRUE
D251081_Batch8,HC5,S7,TRUE
D251083_Batch8,HC2,S6,FALSE
D251084_Batch8,HC7,S5,FALSE
D2510885_Batch8,HC2,S1,TRUE
D251092_Batch8,HC1,S3,FALSE
D2511256_Batch8,HC3,S3,TRUE
D251161_Batch8,HC8,S4,TRUE
D251162_Batch8,HC3,S3,TRUE
D251163_Batch8,HC2,S1,TRUE
D251166_Batch8,HC1,S3,FALSE
D251167_Batch8,HC1,S3,FALSE
D251171_Batch8,HC13,S5,TRUE
D251172_Batch8,HC1,S3,FALSE
D251174_Batch8,HC4,S9,TRUE
D258113_Batch8,HC8,S4,TRUE
D258124_Batch8,HC4,S9,TRUE
D258132_Batch8,HC5,S7,TRUE
D258141_Batch8,HC13,S5,TRUE
D258142_Batch8,HC5,S7,TRUE
D258143_Batch8,HC11,S2,TRUE
D258151_Batch8,HC3,S3,TRUE
D258152_Batch8,HC3,S3,TRUE
D258155_Batch8,HC2,S1,TRUE
D258156_Batch8,HC2,S1,TRUE
D258181_Batch8,HC12,S6,TRUE
D258182_Batch8,HC13,S5,TRUE
D258183_Batch8,HC4,S3,FALSE
D258184_Batch8,HC2,S1,TRUE
D258191_Batch8,HC9,S10,TRUE
D258195_Batch8,HC2,S9,FALSE
D258221_Batch8,HC8,S4,TRUE
D258224_Batch8,HC12,S6,TRUE
D258283_Batch8,HC10,S8,TRUE
D25881_Batch8,HC13,S5,TRUE
D25883_Batch8,HC1,S3,FALSE
D259101_Batch8,HC3,S3,TRUE
D259121_Batch8,HC11,S2,TRUE
D259122_Batch8,HC5,S7,TRUE
D259161_Batch8,HC3,S3,TRUE
D259162_Batch8,HC9,S10,TRUE
D259164_Batch8,HC4,S9,TRUE
D25941_Batch8,HC9,S10,TRUE
D25943_Batch8,HC5,S7,TRUE
D25944_Batch8,HC6,S7,FALSE
D25945_Batch8,HC3,S3,TRUE
D25952_Batch8,HC12,S5,FALSE
D25953_Batch8,HC12,S6,TRUE
D25954_Batch8,HC3,S3,TRUE
D25955_Batch8,HC3,S3,TRUE
D25957_Batch8,HC8,S4,TRUE
D25958_Batch8,HC11,S11,FALSE
D25992_Batch8,HC4,S3,FALSE
D25993_Batch8,HC8,S4,TRUE
D25994_Batch8,HC1,S3,FALSE
D25995_Batch8,HC12,S6,TRUE
D25996_Batch8,HC4,S9,TRUE
J10103_Batch3,HC11,S2,TRUE
J10104_Batch3,HC3,S3,TRUE
J10105_Batch3,HC10,S8,TRUE
J10106_Batch3,HC5,S7,TRUE
J10113_Batch3,HC6,S7,FALSE
J10114_Batch3,HC2,S1,TRUE
J10141_Batch3,HC11,S2,TRUE
J10144_Batch3,HC11,S2,TRUE
J10146_Batch3,HC5,S7,TRUE
J10147_Batch3,HC9,S10,TRUE
J10152_Batch3,HC3,S3,TRUE
J10153_Batch3,HC11,S2,TRUE
J10154_Batch3,HC10,S8,TRUE
J10156_Batch3,HC11,S6,FALSE
J1021_Batch3,HC13,S5,TRUE
J1022_Batch3,HC4,S5,FALSE
J1024_Batch3,HC10,S8,TRUE
J1025_Batch3,HC2,S1,TRUE
J1026_Batch3,HC13,S5,TRUE
J1034_Batch3,HC4,S9,TRUE
J1042_Batch3,HC6,S7,FALSE
J1074_Batch3,HC9,S10,TRUE
J1081_Batch3,HC10,S8,TRUE
J1082_Batch3,HC12,S6,TRUE
J1083_Batch3,HC10,S4,FALSE
J1092_Batch3,HC10,S8,TRUE
J1093_Batch3,HC10,S8,TRUE
J1287_Batch6,HC13,S5,TRUE
J2106_Batch6,HC2,S1,TRUE
J2107_Batch6,HC2,S1,TRUE
J2111_Batch6,HC11,S1,FALSE
J2112_Batch6,HC9,S10,TRUE
J2113_Batch6,HC11,S2,TRUE
J2114_Batch6,HC13,S5,TRUE
J2122_Batch6,HC2,S1,TRUE
J2126_Batch6,HC2,S1,TRUE
J2142_Batch6,HC2,S1,TRUE
J2145_Batch6,HC4,S9,TRUE
J2147_Batch6,HC13,S5,TRUE
J2243_Batch6,HC10,S8,TRUE
J2245_Batch6,HC4,S9,TRUE
J2251_Batch6,HC8,S4,TRUE
J2252_Batch6,HC3,S3,TRUE
J2254_Batch6,HC3,S3,TRUE
J2264_Batch6,HC2,S1,TRUE
J231_Batch6,HC6,S7,FALSE
J232_Batch6,HC11,S6,FALSE
J235_Batch6,HC11,S2,TRUE
J252_Batch6,HC8,S4,TRUE
J265_Batch6,HC13,S5,TRUE
J268_Batch6,HC8,S11,FALSE
J271_Batch6,HC4,S9,TRUE
J273_Batch6,HC2,S9,FALSE
J274_Batch6,HC9,S8,FALSE
J3101_Batch6,HC8,S4,TRUE
J3112_Batch6,HC3,S3,TRUE
J3141_Batch6,HC13,S5,TRUE
J3144_Batch6,HC3,S3,TRUE
J3213_Batch6,HC3,S3,TRUE
J3216_Batch6,HC4,S9,TRUE
J3243_Batch6,HC7,S5,FALSE
J3253_Batch6,HC11,S2,TRUE
J3254_Batch6,HC10,S8,TRUE
J3256_Batch6,HC8,S4,TRUE
J3262_Batch6,HC9,S8,FALSE
J3268_Batch6,HC11,S2,TRUE
J3284_Batch6,HC2,S1,TRUE
J3314_Batch6,HC2,S1,TRUE
J341_Batch6,HC3,S3,TRUE
J344_Batch6,HC4,S9,TRUE
J346_Batch6,HC3,S3,TRUE
J351_Batch6,HC11,S11,FALSE
J372_Batch6,HC11,S2,TRUE
J373_Batch6,HC13,S5,TRUE
J375_Batch6,HC13,S5,TRUE
J377_Batch6,HC8,S4,TRUE
J4118_Batch6,HC4,S5,FALSE
J412_Batch6,HC11,S2,TRUE
J4141_Batch6,HC11,S2,TRUE
J4144_Batch6,HC2,S1,TRUE
J4145_Batch6,HC2,S1,TRUE
J4146_Batch6,HC2,S1,TRUE
J4147_Batch6,HC11,S11,FALSE
J4153_Batch6,HC8,S4,TRUE
J4156_Batch6,HC11,S2,TRUE
J4162_Batch6,HC12,S10,FALSE
J4163_Batch6,HC12,S6,TRUE
J4165_Batch6,HC12,S10,FALSE
J4175_Batch6,HC4,S9,TRUE
J4177_Batch6,HC4,S9,TRUE
J4183_Batch6,HC9,S10,TRUE
J4184_Batch6,HC12,S6,TRUE
J4212_Batch6,HC11,S2,TRUE
J4214_Batch6,HC12,S6,TRUE
J4216_Batch6,HC11,S2,TRUE
J4217_Batch6,HC2,S1,TRUE
J4229_Batch6,HC11,S2,TRUE
J4235_Batch6,HC1,S3,FALSE
J4241_Batch6,HC9,S8,FALSE
J4242_Batch6,HC13,S5,TRUE
J4247_Batch6,HC2,S1,TRUE
J4257_Batch6,HC13,S5,TRUE
J426_Batch6,HC2,S1,TRUE
J4281_Batch6,HC8,S11,FALSE
J4283_Batch6,HC10,S8,TRUE
J4284_Batch6,HC10,S4,FALSE
J4285_Batch6,HC12,S6,TRUE
J434_Batch6,HC2,S1,TRUE
J435_Batch6,HC2,S1,TRUE
J438_Batch6,HC2,S1,TRUE
J471_Batch6,HC2,S9,FALSE
J485_Batch6,HC3,S3,TRUE
J486_Batch6,HC10,S8,TRUE
J487_Batch6,HC3,S3,TRUE
J495_Batch6,HC12,S6,TRUE
J5122_Batch6,HC6,S7,FALSE
J5126_Batch6,HC4,S9,TRUE
J5128_Batch6,HC11,S2,TRUE
J5141_Batch6,HC10,S8,TRUE
J5144_Batch6,HC13,S5,TRUE
J5146_Batch6,HC2,S1,TRUE
J5149_Batch6,HC12,S10,FALSE
J5161_Batch6,HC9,S10,TRUE
J5162_Batch6,HC8,S2,FALSE
J5164_Batch6,HC8,S4,TRUE
J5165_Batch6,HC12,S6,TRUE
J5167_Batch6,HC7,S5,FALSE
J5168_Batch6,HC10,S8,TRUE
J5191_Batch6,HC4,S9,TRUE
J5192_Batch6,HC11,S2,TRUE
J5193_Batch6,HC2,S6,FALSE
J5194_Batch6,HC8,S4,TRUE
J5195_Batch6,HC13,S5,TRUE
J5196_Batch6,HC4,S9,TRUE
J5197_Batch6,HC10,S8,TRUE
J5201_Batch6,HC5,S7,TRUE
J5202_Batch6,HC8,S2,FALSE
J5204_Batch6,HC12,S6,TRUE
J5205_Batch6,HC13,S5,TRUE
J5207_Batch6,HC2,S1,TRUE
J5209_Batch6,HC3,S3,TRUE
J5211_Batch6,HC12,S6,TRUE
J5212_Batch6,HC13,S5,TRUE
J5214_Batch6,HC13,S2,FALSE
J5215_Batch6,HC4,S9,TRUE
J5216_Batch6,HC10,S8,TRUE
J5217_Batch6,HC13,S5,TRUE
J5221_Batch6,HC12,S6,TRUE
J5222_Batch6,HC9,S10,TRUE
J5223_Batch6,HC2,S1,TRUE
J5224_Batch6,HC12,S10,FALSE
J5227_Batch6,HC8,S4,TRUE
J5231_Batch6,HC8,S4,TRUE
J5233_Batch6,HC11,S2,TRUE
J5235_Batch6,HC3,S3,TRUE
J5236_Batch6,HC3,S3,TRUE
J5237_Batch6,HC9,S2,FALSE
J5238_Batch6,HC8,S4,TRUE
M1141_Batch5,HC10,S8,TRUE
M1143_Batch5,HC10,S8,TRUE
M1145_Batch5,HC12,S1,FALSE
M1163_Batch5,HC4,S9,TRUE
M1164_Batch5,HC2,S1,TRUE
M1175_Batch5,HC3,S3,TRUE
M12132_Batch5,HC13,S5,TRUE
M12134_Batch5,HC13,S5,TRUE
M1252_Batch5,HC6,S7,FALSE
M1273_Batch5,HC11,S2,TRUE
M1274_Batch5,HC12,S6,TRUE
M1275_Batch5,HC2,S1,TRUE
M1276_Batch5,HC9,S10,TRUE
M1293_Batch5,HC2,S9,FALSE
M1296_Batch5,HC6,S7,FALSE
M132_Batch5,HC13,S5,TRUE
M2103_Batch5,HC11,S11,FALSE
M2253_Batch5,HC4,S9,TRUE
M2255_Batch5,HC11,S2,TRUE
M234_Batch5,HC1,S3,FALSE
M251_Batch5,HC2,S6,FALSE
M253_Batch5,HC8,S4,TRUE
M266_Batch5,HC1,S3,FALSE
M272_Batch5,HC3,S3,TRUE
M3111_Batch5,HC6,S7,FALSE
M3122_Batch5,HC13,S5,TRUE
M3124_Batch5,HC11,S11,FALSE
M3212_Batch5,HC6,S7,FALSE
M3214_Batch5,HC8,S4,TRUE
M3263_Batch5,HC8,S4,TRUE
M3266_Batch5,HC2,S1,TRUE
M3271_Batch5,HC5,S7,TRUE
M3272_Batch5,HC2,S1,TRUE
M3273_Batch5,HC12,S6,TRUE
M3274_Batch5,HC10,S8,TRUE
M3281_Batch5,HC5,S7,TRUE
M3282_Batch5,HC2,S1,TRUE
M3285_Batch5,HC9,S10,TRUE
M3311_Batch5,HC6,S7,FALSE
M342_Batch5,HC8,S4,TRUE
M354_Batch5,HC11,S11,FALSE
M362_Batch5,HC6,S7,FALSE
M376_Batch5,HC6,S7,FALSE
M377_Batch5,HC8,S4,TRUE
M4112_Batch5,HC8,S4,TRUE
M4113_Batch5,HC11,S2,TRUE
M4114_Batch5,HC4,S9,TRUE
M4115_Batch5,HC9,S7,FALSE
M4116_Batch5,HC11,S2,TRUE
M414_Batch5,HC11,S1,FALSE
M4155_Batch5,HC10,S8,TRUE
M4164_Batch5,HC11,S6,FALSE
M4167_Batch5,HC8,S4,TRUE
M416_Batch5,HC5,S7,TRUE
M4172_Batch5,HC12,S6,TRUE
M4173_Batch5,HC8,S4,TRUE
M4176_Batch5,HC4,S9,TRUE
M4178_Batch5,HC4,S9,TRUE
M4179_Batch5,HC4,S3,FALSE
M417_Batch5,HC11,S2,TRUE
M4181_Batch5,HC11,S11,FALSE
M4185_Batch5,HC4,S3,FALSE
M4186_Batch5,HC12,S6,TRUE
M421_Batch5,HC2,S1,TRUE
M42210_Batch5,HC12,S6,TRUE
M4222_Batch5,HC5,S7,TRUE
M4225_Batch5,HC12,S9,FALSE
M4227_Batch5,HC11,S2,TRUE
M4231_Batch5,HC8,S4,TRUE
M4237_Batch5,HC11,S1,FALSE
M423_Batch5,HC5,S7,TRUE
M4243_Batch5,HC12,S6,TRUE
M4246_Batch5,HC12,S1,FALSE
M4252_Batch5,HC12,S6,TRUE
M4253_Batch5,HC2,S1,TRUE
M472_Batch5,HC11,S2,TRUE
M483_Batch5,HC4,S9,TRUE
M484_Batch5,HC10,S8,TRUE
M491_Batch5,HC9,S10,TRUE
M492_Batch5,HC11,S2,TRUE
M493_Batch5,HC2,S1,TRUE
M496_Batch5,HC12,S6,TRUE
M497_Batch5,HC11,S2,TRUE
M498_Batch5,HC11,S2,TRUE
O1013_Batch2,HC11,S2,TRUE
O8202_Batch2,HC4,S9,TRUE
O8204_Batch2,HC5,S7,TRUE
O8211_Batch2,HC10,S8,TRUE
O8212_Batch2,HC12,S6,TRUE
O8221_Batch2,HC3,S3,TRUE
O8233_Batch2,HC12,S10,FALSE
O8244_Batch2,HC2,S1,TRUE
O8264_Batch2,HC13,S5,TRUE
O8272_Batch2,HC11,S11,FALSE
O8275_Batch2,HC3,S3,TRUE
O9115_Batch2,HC8,S4,TRUE
O9123_Batch2,HC12,S6,TRUE
O9131_Batch2,HC10,S8,TRUE
O9132_Batch2,HC2,S10,FALSE
O9161_Batch2,HC12,S6,TRUE
O9163_Batch2,HC5,S7,TRUE
O9171_Batch2,HC10,S4,FALSE
O9191_Batch2,HC2,S1,TRUE
O9192_Batch2,HC4,S9,TRUE
O9204_Batch2,HC9,S10,TRUE
O9206_Batch2,HC11,S11,FALSE
O9231_Batch2,HC4,S9,TRUE
O9232_Batch2,HC4,S9,TRUE
O9241_Batch2,HC8,S4,TRUE
O9242_Batch2,HC12,S6,TRUE
O9243_Batch2,HC6,S7,FALSE
O9244_Batch2,HC1,S3,FALSE
O9267_Batch2,HC11,S2,TRUE
O9271_Batch2,HC10,S8,TRUE
O9275_Batch2,HC13,S5,TRUE
O935_Batch2,HC4,S3,FALSE
O993_Batch2,HC13,S5,TRUE
