MSN_unique_ID,true,predicted,correct,confidence,Experimental_day,Sequencing_batch,D1_D2,tSNE_1,tSNE_2,P_E1,P_E2,P_E3,P_E4,P_E5
A10157_Batch4,E3,E3,True,0.6376116201780271,24_10_15,Batch4,D1,-1.35650160634278,13.6087614766028,0.015899959962966764,0.01131241871427892,0.6376116201780271,0.2576975622858433,0.07747843885888411
A10158_Batch4,E2,E2,True,0.5497221243110907,24_10_15,Batch4,D2,-1.07920802726324,5.56978122878541,0.009741777240499516,0.5497221243110907,0.26237932768562744,0.1717900154182534,0.006366755344528991
A10161_Batch4,E2,E2,True,0.7829478863221278,24_10_16,Batch4,D1,-7.59699152611495,5.40153386776646,0.12555357067510012,0.7829478863221278,0.01787267733395682,0.06521475700939407,0.008411108659421183
A10162_Batch4,E4,E4,True,0.8560014483782732,24_10_16,Batch4,D2,4.35191352694803,-0.661643109802668,0.02118344823346135,0.09509991197775448,0.017974556458146378,0.8560014483782732,0.00974063495236452
A10163_Batch4,E2,E2,True,0.8248551392984829,24_10_16,Batch4,D1,-6.2544346710045,4.08828921964007,0.0674703086908429,0.8248551392984829,0.012718078040667753,0.09039907789435465,0.004557396075651927
A10164_Batch4,E3,E3,True,0.6732653774257361,24_10_16,Batch4,D1,-1.55410130163531,13.6051908733993,0.016590732896214967,0.009581948084468555,0.6732653774257361,0.22850868765374255,0.07205325393983786
A10166_Batch4,E4,E2,False,0.6798171330184752,24_10_16,Batch4,D2,4.07856013271171,2.63290098498403,0.010745301011186122,0.6798171330184752,0.012197666166651487,0.2940412054674525,0.003198694336234579
A10167_Batch4,E4,E4,True,0.39658414596321095,24_10_16,Batch4,D1,3.70029390996043,12.5207327082372,0.01910641381776296,0.04446538973253759,0.3518977966404266,0.39658414596321095,0.187946253846062
A10174_Batch4,E1,E1,True,0.7303868603497259,24_10_17,Batch4,D1,-1.77503237636644,-10.6714704367635,0.7303868603497259,0.2579612068439709,0.004297964177511671,0.004657770699057141,0.0026961979297346846
A10175_Batch4,E2,E1,False,0.7306710649089051,24_10_17,Batch4,D1,-0.810328622228751,-7.46866134039981,0.7306710649089051,0.25819647526229467,0.0032721279780882676,0.005254658803812936,0.0026056730468990343
A10177_Batch4,E1,E1,True,0.9896339736396178,24_10_17,Batch4,D1,4.51440832130992,-9.07462005288535,0.9896339736396178,0.00437920047152674,0.0009708006363090822,0.004284017583053914,0.0007320076694924182
A10181_Batch4,E5,E5,True,0.8986448481751295,24_10_18,Batch4,D1,1.80978457582494,14.5464499432516,0.01682998056263651,0.010636669939290366,0.01637861209293877,0.05750988923000504,0.8986448481751295
A10184_Batch4,E5,E1,False,0.3556338530822008,24_10_18,Batch4,,0.471821976070281,18.4564818823007,0.3556338530822008,0.14493743220399047,0.09856961338386919,0.18660151742719272,0.21425758390274663
A10185_Batch4,E2,E2,True,0.7339450605962075,24_10_18,Batch4,,-6.78710171211172,0.636153862814247,0.011945085559339258,0.7339450605962075,0.17685067303119514,0.07232183829223664,0.0049373425210212625
A10186_Batch4,E1,E1,True,0.9243101534846956,24_10_18,Batch4,D1,1.47691660036896,-16.9035691694904,0.9243101534846956,0.023909443362645284,0.012329515882883947,0.019241297082250062,0.020209590187524832
A10231_Batch4,E2,E2,True,0.7465203770264996,24_10_23,Batch4,D2,0.0062491002518692,5.01886696356357,0.006367840800115356,0.7465203770264996,0.06500947749098682,0.17788236427596293,0.004219940406435174
A10232_Batch4,E1,E1,True,0.8903934018943447,24_10_23,Batch4,D2,-2.18844005193358,-9.7767964505225,0.8903934018943447,0.09584443823044077,0.00607849301366236,0.0052728169082420446,0.0024108499533104567
A10243_Batch4,E2,E2,True,0.9787746006884909,24_10_24,Batch4,D1,-8.14944406049091,-2.87754702659909,0.011099668450323672,0.9787746006884909,0.003080931640289949,0.0043620646708677465,0.002682734550027968
A10252_Batch4,E2,E2,True,0.798904512087402,24_10_25,Batch4,D1,-4.14200262859073,0.41419304783394,0.1768271431073901,0.798904512087402,0.005970151349622925,0.01687827348447063,0.0014199199711143855
A10292_Batch4,E4,E4,True,0.6540072264426648,24_10_29,Batch4,D1,3.42750813879159,8.19325162065419,0.004269787816281264,0.0794180593219662,0.2582319656726793,0.6540072264426648,0.004072960746408348
A10293_Batch4,E2,E2,True,0.9548283605074513,24_10_29,Batch4,D2,-3.42477988166894,-2.65228077200309,0.03686934980744112,0.9548283605074513,0.0021181574431277765,0.00519680062372784,0.0009873316182522306
A10295_Batch4,E4,E4,True,0.6407946838051432,24_10_29,Batch4,D2,4.64875895580581,7.26979130773013,0.014784623963746305,0.06223404463355077,0.27200652865929725,0.6407946838051432,0.010180118938262563
A10305_Batch4,E2,E2,True,0.9572567477189169,24_10_30,Batch4,D1,-4.52346526856496,2.53419264104656,0.0031189581065385933,0.9572567477189169,0.01677380352841105,0.02199093331547357,0.0008595573306598122
A10313_Batch4,E4,E4,True,0.7657309245849115,24_10_31,Batch4,D2,2.51981670123507,11.0820110427918,0.007559721269041069,0.008038626348325922,0.20830322551482697,0.7657309245849115,0.010367502282894377
A11114_Batch4,E3,E3,True,0.7752942866870299,24_11_11,Batch4,D1,-4.58484866663822,13.5765419293828,0.034568173736669004,0.026994779702688886,0.7752942866870299,0.1284115448794583,0.03473121499415407
A11121_Batch4,E2,E2,True,0.8939892661333192,24_11_12,Batch4,D1,-2.11948651359279,4.42339709855518,0.0053608753216082185,0.8939892661333192,0.05219706126294108,0.04646594010419222,0.0019868571779394256
A11135_Batch4,E1,E1,True,0.9233276717705866,24_11_13,Batch4,D1,1.43854307177548,-7.74677624922192,0.9233276717705866,0.06587596602703834,0.0026546354108651273,0.0068170567032621995,0.0013246700882476785
A11156_Batch4,E1,E1,True,0.9925923066404979,24_11_15,Batch4,D1,4.85223265855468,-12.41734840457,0.9925923066404979,0.0005675748617129809,0.001300074128250937,0.003849415590171539,0.0016906287793666383
A11181_Batch4,E2,E2,True,0.8331748002560094,24_11_18,Batch4,D1,-6.6084534537425,2.72516252734387,0.08403160718549461,0.8331748002560094,0.007877117699105337,0.0723713793390354,0.0025450955203551503
A11184_Batch4,E2,E2,True,0.9496545194618732,24_11_18,Batch4,D1,-1.92230582185123,-0.623321339118537,0.0346715898653473,0.9496545194618732,0.0028332988985030776,0.01195885652508406,0.000881735249192329
A11186_Batch4,E2,E2,True,0.8404824373277795,24_11_18,Batch4,D1,-4.03279402526433,4.94651728218408,0.012436922774494498,0.8404824373277795,0.10221379043897132,0.03980653731579804,0.005060312142956696
A11254_Batch4,E5,E5,True,0.9104680613063543,24_11_25,Batch4,D1,5.90318865504082,14.5140249871497,0.025108882487833818,0.015767674141386977,0.007906165668768417,0.04074921639565668,0.9104680613063543
A11255_Batch4,E1,E1,True,0.8224832198332039,24_11_25,Batch4,D1,-1.07490867101639,-9.70090312931181,0.8224832198332039,0.16367660366531847,0.005719315519319908,0.006084616000581018,0.002036244981576934
A11274_Batch4,E3,E3,True,0.8801765441049368,24_11_27,Batch4,D1,-2.59985292220789,11.9408696406313,0.004107883747631594,0.0012270047101705039,0.8801765441049368,0.11255556450241536,0.0019330029348457926
A1174_Batch4,E1,E1,True,0.8541769872722718,24_11_7,Batch4,D1,1.12185187060692,-17.1279912473178,0.8541769872722718,0.03769903354198415,0.022817232452542323,0.0370123805064784,0.048294366226723534
A1176_Batch4,E2,E2,True,0.9337453357306753,24_11_7,Batch4,D2,-0.417904705838209,2.31891273966268,0.00917656180353406,0.9337453357306753,0.007296880130271254,0.04808811143590343,0.001693110899616035
A1182_Batch4,E2,E2,True,0.2731244756821162,24_11_8,Batch4,,-1.02119802593207,8.38659156998243,0.04197933578119848,0.2731244756821162,0.25088227667809593,0.26121472842329235,0.17279918343529704
A1222_Batch4,E2,E2,True,0.4953022276563907,24_12_2,Batch4,D1,1.63010875540447,4.09000749777769,0.010607390615280656,0.4953022276563907,0.03282288894996256,0.45494520603976557,0.0063222867386005565
A1225_Batch4,E1,E1,True,0.9687897693928976,24_12_2,Batch4,D1,6.62899749914633,-7.8355995233183,0.9687897693928976,0.01679845668167353,0.0019021460587739496,0.01148261235267909,0.0010270155139754994
A20256101_Batch7,E2,E2,True,0.8632759598926646,25_6_10,Batch7,D2,-0.610627875797554,-3.04031514506218,0.10195857362145158,0.8632759598926646,0.002634537986569222,0.030890575359685108,0.0012403531396293832
A20256103_Batch7,E4,E2,False,0.6602628968443013,25_6_10,Batch7,D1,3.82102177842085,0.418261923745202,0.05461872499030057,0.6602628968443013,0.006133064254509951,0.27581179141181905,0.0031735224990693954
A20256106_Batch7,E3,E3,True,0.7489136893123265,25_6_10,Batch7,D2,-4.87712522683641,13.6623516090676,0.04012831100354818,0.035949184062158815,0.7489136893123265,0.13220701221173858,0.04280180341022798
A20256111_Batch7,E5,E5,True,0.5581326663022153,25_6_11,Batch7,D1,4.26020926879348,14.9295416072246,0.033685797823801183,0.12823766359446764,0.13255425602641557,0.14738961625310038,0.5581326663022153
A20256113_Batch7,E2,E2,True,0.9257462640764604,25_6_11,Batch7,D2,-2.18324433795304,3.14791439943383,0.0042303591783889975,0.9257462640764604,0.01206596524169581,0.05678260421760214,0.0011748072858523543
A20256114_Batch7,E5,E5,True,0.9781100832905952,25_6_11,Batch7,D1,1.888325066485,16.1026085411753,0.003496785803996771,0.0032590474901334214,0.00555446818284427,0.009579615232430729,0.9781100832905952
A20256116_Batch7,E2,E2,True,0.9637684288798468,25_6_11,Batch7,D2,-3.14494544666251,-1.1356513446781,0.009131152328947368,0.9637684288798468,0.002606908842102979,0.023804564015710118,0.0006889459333927982
A20256117_Batch7,E1,E1,True,0.5202402437404117,25_6_11,Batch7,D2,7.33330177313019,-3.51839992857944,0.5202402437404117,0.32664737904499086,0.015968509239853584,0.09124328370587366,0.045900584268870136
A20256118_Batch7,E1,E1,True,0.9908933005710332,25_6_11,Batch7,D2,3.29922222534297,-10.2273668449225,0.9908933005710332,0.005433809346257512,0.0011135563367789052,0.0018648822149001478,0.0006944515310305112
A20256122_Batch7,E2,E2,True,0.5572116885215957,25_6_12,Batch7,D2,-1.66944276838026,6.94223954451065,0.02406914812963318,0.5572116885215957,0.059454786633112384,0.32271605116291574,0.036548325552743205
A20256123_Batch7,E2,E2,True,0.9689559188714024,25_6_12,Batch7,D2,-2.91090105575642,-1.35340980691531,0.009048562036749587,0.9689559188714024,0.002259525688969667,0.019081808849876467,0.0006541845530019921
A20256124_Batch7,E2,E2,True,0.8970039895752774,25_6_12,Batch7,D2,-1.43181295924444,-0.530270114003586,0.07882511120466035,0.8970039895752774,0.004272832408773348,0.01856589725574494,0.0013321695555441027
A20256127_Batch7,E3,E3,True,0.893546399866995,25_6_12,Batch7,D2,-3.98211741979211,11.5460575743084,0.002475030715636076,0.001699920938464341,0.893546399866995,0.10080512869768568,0.001473519781218896
A20256131_Batch7,E4,E4,True,0.6008040727878787,25_6_13,Batch7,D2,4.3247603225404,10.9747939657917,0.016433469604488812,0.11777232074081427,0.20574905672359986,0.6008040727878787,0.05924108014321842
A20256162_Batch7,E4,E4,True,0.8090570154003537,25_6_16,Batch7,D1,4.07493873667863,10.585802224033,0.0053967920742911905,0.045908034882302926,0.12627777985320746,0.8090570154003537,0.013360377789844969
A20256163_Batch7,E2,E2,True,0.7812477592824005,25_6_16,Batch7,D2,-1.41014404635028,2.76895084926929,0.010185807609406163,0.7812477592824005,0.012021082869505286,0.19436422797203096,0.002181122266656804
A20256164_Batch7,E1,E1,True,0.9913862439854321,25_6_16,Batch7,D2,2.93077501185611,-9.04258898329194,0.9913862439854321,0.0056534921867153415,0.0012834918618075553,0.0010372273683371047,0.0006395445977079291
A20256165_Batch7,E2,E2,True,0.9679918236496888,25_6_16,Batch7,D1,-1.02125239522255,-4.34815043111412,0.01941261856200343,0.9679918236496888,0.0012645706860449945,0.00997453309077111,0.0013564540114916937
A20256167_Batch7,E3,E4,False,0.5310883746307293,25_6_16,Batch7,D2,-2.17958390886629,14.1342606197241,0.016475597581092846,0.022696125648976533,0.2907771274664701,0.5310883746307293,0.13896277467273097
A20256171_Batch7,E4,E4,True,0.7927913255210024,25_6_17,Batch7,D2,3.59562246892808,10.6988503955089,0.0037732438673762185,0.02378069423583335,0.16976822183037796,0.7927913255210024,0.009886514545410376
A20256172_Batch7,E2,E2,True,0.9584465066147713,25_6_17,Batch7,D2,-1.1321242824269,1.85594409714753,0.010235304842205596,0.9584465066147713,0.004094425665830961,0.026399317356625283,0.0008244455205667523
A20256173_Batch7,E2,E1,False,0.6167724532392742,25_6_17,Batch7,D2,0.44596228217151,-6.36817039852145,0.6167724532392742,0.36392258847326786,0.0028927422374538103,0.014681147818991713,0.0017310682310126204
A20256176_Batch7,E3,E3,True,0.6847966799551792,25_6_17,Batch7,D2,-4.4877224568472,8.10294260854854,0.00932911741869545,0.10863592375073776,0.6847966799551792,0.191552079025348,0.005686199850039646
A20256177_Batch7,E2,E2,True,0.586406074399741,25_6_17,Batch7,D2,1.42109330971882,2.54667229254218,0.12299951381083433,0.586406074399741,0.014785137098543606,0.26257334635140017,0.01323592833948088
A20256182_Batch7,E2,E2,True,0.7590163205379886,25_6_18,Batch7,D2,0.718312775349631,5.05875148230027,0.0073268471296842165,0.7590163205379886,0.10408664675036307,0.1253243525234596,0.004245833058504669
A20256183_Batch7,E5,E5,True,0.9544419555203936,25_6_18,Batch7,D1,0.718684349140364,17.1585484397539,0.014862801754522351,0.0100075307912356,0.007392284613205017,0.013295427320643774,0.9544419555203936
A20256185_Batch7,E1,E1,True,0.9648255486946483,25_6_18,Batch7,D2,4.28271123551643,-8.97355989804743,0.9648255486946483,0.014587865453887636,0.001742812848488407,0.01757763472025128,0.0012661382827244187
A20256187_Batch7,E2,E1,False,0.5549256738875514,25_6_18,Batch7,D2,-1.04370877700583,-5.99307316519084,0.5549256738875514,0.4301960619938244,0.004966929722280506,0.00490571106191756,0.005005623334425946
A20256201_Batch7,E2,E2,True,0.9145585737154898,25_6_20,Batch7,D2,-6.15753208224223,0.0926470878998556,0.003912733892290515,0.9145585737154898,0.023732308972033406,0.05649103481761863,0.0013053486025677028
A20256202_Batch7,E5,E5,True,0.6068474245840527,25_6_20,Batch7,D2,4.33514156764078,15.6308877543991,0.02590744519564896,0.10658410374902746,0.06452523286441422,0.19613579360685673,0.6068474245840527
A20256205_Batch7,E2,E2,True,0.9292768160604525,25_6_20,Batch7,D2,-6.90096230768475,-5.03328324726264,0.015635592575972884,0.9292768160604525,0.014183265218509674,0.03450883222761674,0.006395493917448167
A20256206_Batch7,E2,E2,True,0.7518405619609695,25_6_20,Batch7,D2,0.992155470638315,-3.06833779860855,0.05434907129195097,0.7518405619609695,0.005983328363178198,0.1847947355175795,0.00303230286632202
A20256241_Batch7,E3,E2,False,0.5288319931768315,25_6_24,Batch7,D2,-4.28672142073328,6.69791597053598,0.010078908749433683,0.5288319931768315,0.2387151092505007,0.2175093706887013,0.004864618134532715
A20256242_Batch7,E2,E2,True,0.8000780520712311,25_6_24,Batch7,D2,0.476553229635717,4.54104303294701,0.010429689431412061,0.8000780520712311,0.06538669612762983,0.11924779532551466,0.004857767044212616
A20256247_Batch7,E3,E3,True,0.8610806259640288,25_6_24,Batch7,D2,-4.18308963441514,11.4555921731896,0.004447851597892494,0.010462637813081493,0.8610806259640288,0.11771165078344858,0.006297233841548724
A20256251_Batch7,E2,E2,True,0.9840092746057049,25_6_25,Batch7,D2,-7.25422189576491,-1.84337803939709,0.003961525176179278,0.9840092746057049,0.002714811652333605,0.008480633764007295,0.000833754801774911
A20256252_Batch7,E2,E2,True,0.9792671449561904,25_6_25,Batch7,D2,-4.40578807928036,1.96717253864366,0.0031901207934585383,0.9792671449561904,0.006269915505934827,0.010558863747575425,0.0007139549968411726
A20256254_Batch7,E2,E2,True,0.9702937502987119,25_6_25,Batch7,D2,-8.73071318483227,-2.84546947319238,0.004616316125109518,0.9702937502987119,0.011370361176440729,0.010894185374329943,0.0028253870254077106
A20256262_Batch7,E4,E4,True,0.8254339102970296,25_6_26,Batch7,D2,4.6616679413351,1.73234707930134,0.019839515815580067,0.12871767844107299,0.015439349734748689,0.8254339102970296,0.01056954571156863
A20256263_Batch7,E2,E2,True,0.9816127531288147,25_6_26,Batch7,D2,-6.39868609103373,-1.21982149911991,0.0023494945566470767,0.9816127531288147,0.0050036927772772865,0.010211137843950608,0.000822921693310161
A20256264_Batch7,E2,E2,True,0.982037765974129,25_6_26,Batch7,D2,-8.07605844409482,-2.24911646773464,0.009007211494870838,0.982037765974129,0.0026870028749662483,0.004673324694755786,0.001594694961278194
A20256265_Batch7,E2,E2,True,0.9847043348532112,25_6_26,Batch7,D2,-7.65614849789656,-1.45647281006715,0.002972508497859736,0.9847043348532112,0.004222490739700523,0.007139458188705753,0.000961207720522895
A20256266_Batch7,E2,E2,True,0.9515770387337966,25_6_26,Batch7,D2,-5.00274905645155,4.31781772180382,0.010772503492328793,0.9515770387337966,0.014371610846286843,0.02113365835404325,0.0021451885735444642
A20256267_Batch7,E3,E3,True,0.8380902625569195,25_6_26,Batch7,D2,-4.480225579232,10.461376976658,0.0036380635295375874,0.020168101569313288,0.8380902625569195,0.13532740082833805,0.0027761715158914693
A20256268_Batch7,E3,E3,True,0.7904112688079532,25_6_26,Batch7,D2,-3.41938599326865,9.27456311261013,0.006900957389697648,0.026117797765090208,0.7904112688079532,0.17194626304177546,0.004623712995483464
A20256274_Batch7,E2,E2,True,0.9668690855241742,25_6_27,Batch7,D2,-1.75727040083576,1.8211436678712,0.005539099742925575,0.9668690855241742,0.0041437666694688095,0.022745329111698534,0.0007027189517331745
A20256275_Batch7,E1,E1,True,0.9911340572107642,25_6_27,Batch7,D2,2.15324692034119,-14.8289248429036,0.9911340572107642,0.00225279323127439,0.0021669746428496905,0.0014233364115691152,0.003022838503542607
A20256276_Batch7,E3,E3,True,0.8051476062261057,25_6_27,Batch7,D2,-3.54870348919811,11.315999556533,0.0030632380780615796,0.006156795569535861,0.8051476062261057,0.18202223911569038,0.0036101210106064905
A20256303_Batch7,E4,E4,True,0.8257384467990679,25_6_30,Batch7,D2,2.90555550552881,11.4476166451968,0.006852087460649347,0.00698079276774318,0.1464975609172046,0.8257384467990679,0.01393111205533505
A20256304_Batch7,E2,E2,True,0.9218012244126661,25_6_30,Batch7,D2,0.206493849583301,3.54929424100261,0.007124101250675971,0.9218012244126661,0.011562002327515386,0.057795790902658455,0.0017168811064841327
A20256307_Batch7,E1,E1,True,0.9576100172296118,25_6_30,Batch7,D2,1.56315727956298,-8.9370288032546,0.9576100172296118,0.0366562682150069,0.0022536836696516057,0.00245890967585435,0.0010211212098752648
A20256410_Batch7,E3,E3,True,0.8911101542136671,25_6_4,Batch7,D2,-4.02394376507766,10.5736445314419,0.003660546132334461,0.004261365588129205,0.8911101542136671,0.09805092246879264,0.002917011597076958
A2025644_Batch7,E2,E2,True,0.9744954461378892,25_6_4,Batch7,D2,-7.44722904713313,-2.6811403351055,0.01686862339346157,0.9744954461378892,0.0017745180992654239,0.005625720931363804,0.001235691438020041
A2025646_Batch7,E4,E4,True,0.7932835534709056,25_6_4,Batch7,D2,5.26994197306967,9.79184683486092,0.00384060247061991,0.09868316452249865,0.09652073085109146,0.7932835534709056,0.007671948684884161
A2025647_Batch7,E3,E3,True,0.6972493198869846,25_6_4,Batch7,D2,-1.85296067608757,13.4462892169482,0.020284391017243008,0.009048588828097176,0.6972493198869846,0.23599504104764055,0.03742265922003458
A2025648_Batch7,E2,E2,True,0.6798296942844023,25_6_4,Batch7,D2,-6.38613481255539,6.21450678671362,0.009904684913098755,0.6798296942844023,0.23778209989069585,0.06741487896196932,0.0050686419498338475
A2025652_Batch7,E2,E2,True,0.8874822682335703,25_6_5,Batch7,D2,-4.99200116715097,4.80969051678505,0.016775437549114706,0.8874822682335703,0.055766553453281784,0.03424640149747876,0.005729339266554406
A2025653_Batch7,E2,E2,True,0.8970718260400037,25_6_5,Batch7,D2,-6.2417215502684,3.22930367329633,0.08181742985950513,0.8970718260400037,0.008098882398768227,0.010796622873968419,0.0022152388277546973
A2025654_Batch7,E2,E2,True,0.930305227743912,25_6_5,Batch7,D2,-2.60573655159585,0.496916471098271,0.044269880934285064,0.930305227743912,0.00399946730749706,0.0204052555038776,0.0010201685104282829
A2025656_Batch7,E2,E2,True,0.9334801539806198,25_6_5,Batch7,D1,-6.11101615872577,4.46675902885289,0.012647103312007899,0.9334801539806198,0.01406758092620214,0.03751029149802879,0.0022948702831415272
A2025661_Batch7,E5,E5,True,0.7502375974612576,25_6_6,Batch7,D2,-1.8736624229109,16.2427127881399,0.05774202227143681,0.041697867484030544,0.07476680299036272,0.07555570979291235,0.7502375974612576
A2025664_Batch7,E4,E3,False,0.493309093828774,25_6_6,Batch7,D1,3.38777429219226,8.28544030516474,0.00912377181449206,0.08880551708510777,0.493309093828774,0.4022000166107983,0.006561600660827907
A2025666_Batch7,E2,E2,True,0.7811344368693813,25_6_6,Batch7,D2,-0.522512929881404,5.25566895939264,0.01336524130461095,0.7811344368693813,0.14066748858579897,0.05718711213114368,0.0076457211090651955
A2025712_Batch7,E2,E2,True,0.9852684277629801,25_7_1,Batch7,D2,-5.97680563657606,-1.96992571397597,0.004856976610266936,0.9852684277629801,0.002995857109887943,0.005720133497229663,0.0011586050196355539
A20257152_Batch7,E5,E5,True,0.7262741401046964,25_7_15,Batch7,D2,-1.26838862318126,16.2285108860453,0.021153205384784407,0.021119525658378407,0.14254732631649833,0.08890580253564237,0.7262741401046964
A20257155_Batch7,E3,E3,True,0.8710616641469212,25_7_15,Batch7,D1,-4.79857545974203,9.74755720221098,0.005773729808931715,0.014481347000139857,0.8710616641469212,0.10505737589916411,0.0036258831448430723
A20257156_Batch7,E1,E1,True,0.9819961296646308,25_7_15,Batch7,D2,1.93650762830629,-15.7682745786136,0.9819961296646308,0.004603201405878959,0.003860960127717398,0.0030856039957267607,0.006454104806045962
A20257158_Batch7,E1,E1,True,0.8807392047203321,25_7_15,Batch7,D2,2.5703380900527,-7.49106904474834,0.8807392047203321,0.1034870171319068,0.003972065643210875,0.010141139656138656,0.0016605728484116785
A20257161_Batch7,E1,E2,False,0.5705558618316156,25_7_16,Batch7,D2,-3.09796538302749,-12.8727937627946,0.40062500056931993,0.5705558618316156,0.0065149487723110315,0.0072518294485597766,0.015052359378193707
A2025716_Batch7,E1,E1,True,0.9251991682134257,25_7_1,Batch7,D2,-0.642931170614678,-10.7549743599717,0.9251991682134257,0.06676459779905083,0.002742836167863529,0.003770899413867154,0.0015224984057927824
A20257171_Batch7,E4,E4,True,0.6504827972307198,25_7_17,Batch7,D2,5.31008161093853,10.0111555438491,0.01899715442286584,0.11029097380659103,0.1738696669827803,0.6504827972307198,0.04635940755704309
A20257172_Batch7,E2,E2,True,0.9088799388982124,25_7_17,Batch7,D2,-5.87743899023807,3.4108263075081,0.063895177070822,0.9088799388982124,0.007825045530764078,0.01748577353706097,0.0019140649631406593
A20257174_Batch7,E2,E2,True,0.9812695675331662,25_7_17,Batch7,D2,-7.65430085422048,-2.8982053929166,0.01062328536423066,0.9812695675331662,0.0017505915213941908,0.0049340071220554576,0.0014225484591534811
A20257177_Batch7,E1,E1,True,0.9204402226573862,25_7_17,Batch7,D2,-2.13439009064551,-12.083319566442,0.9204402226573862,0.06104278953949933,0.006355438455333875,0.0043280879268516245,0.007833461420928615
A20257178_Batch7,E5,E5,True,0.7294912031783684,25_7_17,Batch7,D2,-1.95390041143141,16.1428383460809,0.045967263724095826,0.03416022754377416,0.09605982313557887,0.0943214824181829,0.7294912031783684
A20257186_Batch7,E1,E1,True,0.9751889351981187,25_7_18,Batch7,D2,3.16451070157925,-9.47096773535447,0.9751889351981187,0.01188702598908157,0.0012976816975771095,0.010836969498621117,0.0007893876166013592
A20257188_Batch7,E1,E1,True,0.5234042855096802,25_7_18,Batch7,,4.14028736563564,-5.7635795859729,0.5234042855096802,0.4358074717659823,0.006377090454803245,0.03233714608108581,0.002074006188448504
A2025731_Batch7,E4,E4,True,0.6958422025921954,25_7_3,Batch7,D2,2.98342434797779,12.0666009760063,0.008493544260847776,0.01512115151568202,0.2190857987408147,0.6958422025921954,0.061457302890460315
A2025732_Batch7,E1,E1,True,0.8344056775613671,25_7_3,Batch7,D2,-2.3175358827566,-12.3241906321703,0.8344056775613671,0.14710328936512818,0.004930945209995869,0.004972503659969661,0.00858758420353898
A2025734_Batch7,E4,E4,True,0.5293495423975473,25_7_3,Batch7,D2,6.43532280054506,0.273003493717698,0.2224714595248522,0.20050464976572366,0.028681916079371136,0.5293495423975473,0.01899243223250596
A2025735_Batch7,E2,E2,True,0.8316818422077782,25_7_3,Batch7,D2,-0.113316357519167,4.65654518662281,0.007520578765894472,0.8316818422077782,0.07275149274355673,0.08479619374801367,0.0032498925347569626
A2025737_Batch7,E4,E2,False,0.6843533435446254,25_7_3,Batch7,D2,3.23304468661353,1.78845835113222,0.09757397637365478,0.6843533435446254,0.011854992495501008,0.1987251390594858,0.007492548526732913
A2025738_Batch7,E2,E2,True,0.8251086204663296,25_7_3,Batch7,D2,-3.6740010288947,-3.48685610328989,0.1579087068614537,0.8251086204663296,0.004779626454279874,0.009996116433803373,0.00220692978413352
A2025781_Batch7,E2,E2,True,0.9591065242695365,25_7_8,Batch7,D2,-9.28999149268047,-3.16960499068736,0.009930773837076396,0.9591065242695365,0.010902639111828908,0.013511774398548799,0.00654828838300907
A2025784_Batch7,E4,E4,True,0.5685610928284996,25_7_8,Batch7,D1,5.0095643011464,0.161117754152484,0.0505389367171085,0.36739044368966917,0.00879501530231078,0.5685610928284996,0.004714511462411909
A2025786_Batch7,E1,E1,True,0.7248844839212438,25_7_8,Batch7,D2,5.7807196207825,-6.34913740040446,0.7248844839212438,0.10290579638516878,0.008888550038700118,0.15803526362780862,0.005285906027078702
A2025788_Batch7,E1,E1,True,0.5140111505503786,25_7_8,Batch7,D2,3.36399077146198,-4.88244290915934,0.5140111505503786,0.44942217882871155,0.00546334758289272,0.028799609502782864,0.002303713535234399
A2025793_Batch7,E2,E2,True,0.9416103951672128,25_7_9,Batch7,D2,-0.199867349918203,-1.37768636157624,0.0402239806253434,0.9416103951672128,0.003116407106324251,0.013958608352840067,0.0010906087482792893
A2025794_Batch7,E1,E1,True,0.9810830660619677,25_7_9,Batch7,D2,4.68527060628561,-14.1708512522402,0.9810830660619677,0.007666029035345784,0.003573827831699672,0.0028580963936235813,0.00481898067736285
A2025795_Batch7,E1,E1,True,0.9749966558894837,25_7_9,Batch7,D2,3.18123084365184,-9.7847986968815,0.9749966558894837,0.007997125916787787,0.0015306769335802063,0.01454037444595084,0.0009351668141974506
A2025797_Batch7,E3,E3,True,0.6854429333540147,25_7_9,Batch7,D2,-1.81248119485089,14.0299306981234,0.02413695464153219,0.017168940568966288,0.6854429333540147,0.16965794582428012,0.10359322561120644
A2025798_Batch7,E3,E3,True,0.5622766888829296,25_7_9,Batch7,D2,-3.13173058104669,8.15798840701571,0.014208375788923698,0.31173670215643595,0.5622766888829296,0.10124993954425499,0.010528293627455759
D2510215_Batch8,E1,E1,True,0.6406537730953508,25_10_21,Batch8,D1,4.81571448410621,-17.7218291760277,0.6406537730953508,0.10485480129472478,0.04892123441617548,0.10489435499532995,0.1006758361984191
D2510218_Batch8,E3,E3,True,0.7545356180451174,25_10_21,Batch8,D1,-1.87190905360177,11.574266764626,0.00830621028676247,0.003071555327228417,0.7545356180451174,0.22897746291727888,0.005109153423612523
D251022_Batch8,E2,E2,True,0.6886514262041203,25_10_2,Batch8,D1,-2.03131356319985,-6.65668437197391,0.24103775077206724,0.6886514262041203,0.01626843118328079,0.03381091085845366,0.020231480982077967
D2510232_Batch8,E1,E1,True,0.6742922930590383,25_10_23,Batch8,D2,6.46194514219402,-12.5312224101831,0.6742922930590383,0.07474033281218069,0.0325121340670219,0.16296077410649862,0.05549446595526058
D2510233_Batch8,E5,E5,True,0.7933535450844187,25_10_23,Batch8,D1,1.31879246890575,15.0164748805513,0.0288395414202256,0.018374762738470725,0.051727325790335545,0.10770482496654944,0.7933535450844187
D2510242_Batch8,E5,E5,True,0.8102607655609028,25_10_24,Batch8,D2,4.47763487689908,15.6898328912472,0.013645070149552317,0.029383745496448305,0.01885612064531139,0.1278542981477853,0.8102607655609028
D2510245_Batch8,E1,E1,True,0.9923173703970792,25_10_24,Batch8,D2,3.51706767117804,-13.5673187957664,0.9923173703970792,0.0026576322306702473,0.0018771287906360953,0.0010472520009062217,0.0021006165807079618
D251024_Batch8,E5,E5,True,0.5158642613046783,25_10_2,Batch8,D1,6.37543957840267,16.007943287805,0.3457326286167794,0.06267909824583906,0.013579207766738998,0.06214480406596432,0.5158642613046783
D251025_Batch8,E5,E5,True,0.9514103311098505,25_10_2,Batch8,D1,1.64294331306143,15.3006084209947,0.007886425811466414,0.006767041965416635,0.012484842641652871,0.02145135847161346,0.9514103311098505
D251027_Batch8,E1,E1,True,0.9749782227572209,25_10_2,Batch8,D1,1.55904856590559,-15.8541444144908,0.9749782227572209,0.005577457566716293,0.005013180542287529,0.004938093960179497,0.009493045173595914
D251031_Batch8,E4,E4,True,0.7813999199070775,25_10_3,Batch8,D2,5.34056132931938,-1.40814548927904,0.14903203277894897,0.025439703358941718,0.022892449877496134,0.7813999199070775,0.021235894077535577
D251061_Batch8,E2,E2,True,0.6595206191898703,25_10_6,Batch8,D1,-0.855641638185154,4.7838173779293,0.008442848523304127,0.6595206191898703,0.029171039120896605,0.2969369271272761,0.005928566038652995
D251062_Batch8,E2,E2,True,0.9323254028438129,25_10_6,Batch8,D1,-1.01945904892319,2.76210988907765,0.011652098082309858,0.9323254028438129,0.007182271376129197,0.04727575957100584,0.001564468126742033
D251064_Batch8,E4,E4,True,0.788086493057176,25_10_6,Batch8,D1,3.89678967098812,11.1398435766298,0.007410462757423824,0.03518408120509766,0.1439552815825522,0.788086493057176,0.025363681397750273
D251071_Batch8,E1,E1,True,0.9402469226911162,25_10_7,Batch8,D2,5.70747135966656,-10.8900267653294,0.9402469226911162,0.01145390134543728,0.0029775462838593537,0.042186456816851944,0.0031351728627354155
D251074_Batch8,E1,E1,True,0.9445361566500164,25_10_7,Batch8,D1,8.7621976769284,-8.27853578169404,0.9445361566500164,0.0049561568900297745,0.0035264790297550703,0.036546470131072165,0.01043473729912682
D251075_Batch8,E4,E4,True,0.7295361767552982,25_10_7,Batch8,D2,4.73189865788341,1.18478022905553,0.09795846701292728,0.12708788180317168,0.017505696522375384,0.7295361767552982,0.02791177790622747
D251076_Batch8,E2,E2,True,0.9644076044456953,25_10_7,Batch8,D2,-2.6448924687027,2.90305535765574,0.003244682031731147,0.9644076044456953,0.009106261898526233,0.02246686394766025,0.0007745876763870608
D251081_Batch8,E5,E5,True,0.9781675718147613,25_10_8,Batch8,D1,1.67577568453267,16.1265859503461,0.003583239937185109,0.0029962435914720037,0.005872402135923345,0.009380542520658185,0.9781675718147613
D2510885_Batch8,E1,E1,True,0.9941870455565316,25_10_8,Batch8,D1,4.71601126588545,-9.97593563189942,0.9941870455565316,0.0014522860828188131,0.0008393270669375032,0.0028343138421359658,0.0006870274515758964
D251092_Batch8,E1,E1,True,0.9297437454634534,25_10_9,Batch8,D1,4.43168064900619,-17.1330365174523,0.9297437454634534,0.020027922888109843,0.01213432291178938,0.017711885608925008,0.02038212312772224
D2511256_Batch8,E1,E1,True,0.9789196103430997,25_11_25,Batch8,D1,4.32308904893453,-15.3100307873521,0.9789196103430997,0.00508234360702627,0.0042460564805536765,0.006065703686491442,0.005686285882828774
D251161_Batch8,E3,E3,True,0.7470940235939927,25_11_6,Batch8,D2,-2.11715589871523,12.4521193075707,0.026669735590437747,0.007904250032493758,0.7470940235939927,0.2026415760980882,0.015690414684987546
D251162_Batch8,E1,E1,True,0.9692437254681543,25_11_6,Batch8,D2,4.12703540347724,-14.488714372338,0.9692437254681543,0.011401338513077956,0.0057684054440565475,0.004446828782458044,0.009139701792253015
D251163_Batch8,E1,E4,False,0.3869128652578432,25_11_6,Batch8,D1,7.38792180097618,-3.66046773284118,0.36673902353304527,0.1642041656693662,0.02032453265564262,0.3869128652578432,0.06181941288410272
D251166_Batch8,E1,E1,True,0.963262640781776,25_11_6,Batch8,D1,3.42422430177609,-17.5860494283303,0.963262640781776,0.008242884558837517,0.007355957384952299,0.009962471280382263,0.011176045994052034
D251167_Batch8,E1,E1,True,0.9039254411582517,25_11_6,Batch8,D1,4.45964183946673,-17.2872377581639,0.9039254411582517,0.028656752451357428,0.015886817370226035,0.025601879660633334,0.025929109359531823
D251171_Batch8,E2,E2,True,0.9657430739842335,25_11_7,Batch8,D1,-7.2914557581173,-3.80253580118625,0.0223935407021028,0.9657430739842335,0.0030835854437437586,0.005140734178757653,0.003639065691162205
D251172_Batch8,E1,E1,True,0.9534519556673179,25_11_7,Batch8,D1,3.4683515253511,-17.3883264811233,0.9534519556673179,0.011915288280818634,0.008462199442297794,0.012128217366471844,0.014042339243094112
D251174_Batch8,E1,E1,True,0.801366467683937,25_11_7,Batch8,D1,-3.19981576832196,-9.2646383928914,0.801366467683937,0.16406125650058526,0.007015347247329919,0.02515060157153993,0.002406326996607701
D258113_Batch8,E3,E3,True,0.5943362574825766,25_8_11,Batch8,,-5.09860705036294,7.61081714318876,0.014866850733200786,0.25251913990682107,0.5943362574825766,0.1290047643336132,0.009272987543788486
D258124_Batch8,E1,E1,True,0.987544953370301,25_8_12,Batch8,D1,0.342508742436683,-13.8948591232084,0.987544953370301,0.006085014538624256,0.002443198724863687,0.001538591815538072,0.0023882415506729544
D258132_Batch8,E5,E5,True,0.894027827881023,25_8_13,Batch8,D1,4.79240385130889,14.5031350707007,0.010139584121807035,0.02085725762766003,0.014536374407745455,0.06043895596176453,0.894027827881023
D258141_Batch8,E2,E2,True,0.8634662217774212,25_8_14,Batch8,D1,-9.06011928812868,-5.13301021645841,0.02593754132159148,0.8634662217774212,0.036612867601959184,0.05336581686477465,0.020617552434253537
D258142_Batch8,E5,E5,True,0.9148403247362522,25_8_14,Batch8,D1,2.77303102578303,15.1441380293309,0.005796380920328846,0.00739491953749509,0.013962004945830742,0.0580063698600933,0.9148403247362522
D258143_Batch8,E2,E2,True,0.711680078467141,25_8_14,Batch8,D1,1.03392498981858,4.30344106026448,0.007483064796833501,0.711680078467141,0.03227675961191098,0.24354505801159926,0.0050150391125147135
D258151_Batch8,E1,E1,True,0.9864832744575567,25_8_15,Batch8,D1,1.80152385362607,-14.9508184145474,0.9864832744575567,0.005035900924108204,0.0026920561518779555,0.0018963889448708666,0.003892379521586194
D258152_Batch8,E1,E1,True,0.9588865817879432,25_8_15,Batch8,D1,3.69733849059661,-14.6752119016014,0.9588865817879432,0.0167022933419384,0.006765498985327947,0.006274273543509359,0.011371352341281253
D258155_Batch8,E1,E1,True,0.9727723455939515,25_8_15,Batch8,D1,2.3883618813131,-9.71088033990263,0.9727723455939515,0.017197754955843317,0.001530495296835432,0.007737912242048215,0.0007614919113215429
D258156_Batch8,E1,E1,True,0.89940667641439,25_8_15,Batch8,D1,8.55602948291211,-7.45914796425146,0.89940667641439,0.016948623043790818,0.0052164276962795705,0.05906379889540395,0.019364473950135967
D258181_Batch8,E2,E1,False,0.7011431733760031,25_8_18,Batch8,D2,-0.155379912694988,-6.99939149864033,0.7011431733760031,0.26331193290179167,0.004327650580891689,0.02535940063702711,0.005857842504286358
D258182_Batch8,E2,E2,True,0.9809099030812216,25_8_18,Batch8,D2,-8.53069916700351,-3.35078128279077,0.005490458250148435,0.9809099030812216,0.0036537820074778217,0.007505100601546369,0.0024407560596058685
D258183_Batch8,E1,E1,True,0.9928461701315877,25_8_18,Batch8,D1,1.0406580175033,-15.5380196513774,0.9928461701315877,0.0012906590705848925,0.0019176313193811502,0.0013475966649847792,0.0025979428134615496
D258184_Batch8,E1,E1,True,0.9925779199690496,25_8_18,Batch8,D1,5.20012730703502,-10.1944822271636,0.9925779199690496,0.0011349171280571379,0.0008254754405212904,0.00451087545739967,0.000950812004972243
D258191_Batch8,E4,E2,False,0.7751119581208109,25_8_19,Batch8,,2.65496564220338,0.556359107015023,0.01375394899784325,0.7751119581208109,0.007198723852999461,0.20184183047423676,0.0020935385541098676
D258195_Batch8,E1,E1,True,0.8322115927689856,25_8_19,Batch8,D2,-0.951487725955338,-10.1878621337199,0.8322115927689856,0.15550360614494455,0.005466288504905795,0.0038889954994752287,0.002929517081688423
D258221_Batch8,E3,E3,True,0.40882887698303383,25_8_22,Batch8,D2,-6.46509091867939,9.06715394390221,0.04809604473209842,0.14593019052201528,0.40882887698303383,0.36602014235288527,0.03112474540996698
D258224_Batch8,E2,E2,True,0.9273647664466634,25_8_22,Batch8,D2,-4.73320338558682,-4.14635465115013,0.06486853995362728,0.9273647664466634,0.0017679956603158342,0.00446532000966392,0.0015333779297292292
D258283_Batch8,E4,E3,False,0.38898842047849175,25_8_28,Batch8,D1,2.60020469485485,7.47228377970039,0.013096873512526192,0.2511926875074736,0.38898842047849175,0.33969380483878875,0.007028213662719791
D25881_Batch8,E2,E2,True,0.9708584409412229,25_8_8,Batch8,D2,-8.2927244394505,-4.5921938728012,0.006589718882804498,0.9708584409412229,0.007077402126003288,0.0113300105097602,0.00414442754020901
D25883_Batch8,E1,E1,True,0.9752324268467781,25_8_8,Batch8,D2,3.12014890961174,-17.889649810058,0.9752324268467781,0.0042072021843916115,0.0050180305773974984,0.007950038243746965,0.00759230214768579
D259101_Batch8,E1,E1,True,0.9471531749811014,25_9_10,Batch8,D1,6.03300560829503,-14.1918499313841,0.9471531749811014,0.010727051877846845,0.010637126988824205,0.015530146383154978,0.01595249976907256
D259121_Batch8,E2,E4,False,0.5084843311479845,25_9_12,Batch8,D1,1.99279391601006,3.60107910811366,0.02476146825859945,0.39128974060490695,0.034865617206331044,0.5084843311479845,0.040598842782177784
D259122_Batch8,E5,E5,True,0.6513759007455336,25_9_12,Batch8,D1,3.24198240510642,16.2776092506705,0.10277029276428834,0.050720661908610576,0.047901056700397876,0.14723208788116945,0.6513759007455336
D259161_Batch8,E1,E1,True,0.9639086087751343,25_9_16,Batch8,D1,3.91238806753196,-16.6743625828949,0.9639086087751343,0.008881574004416578,0.007064904963051463,0.008888031559574027,0.011256880697824101
D259162_Batch8,E4,E4,True,0.4960381060185397,25_9_16,Batch8,D2,5.04319196605133,-1.86212999350022,0.41638094311030843,0.05737326847506652,0.013100682498750526,0.4960381060185397,0.017106999897334593
D259164_Batch8,E1,E1,True,0.9748819817823369,25_9_16,Batch8,D1,-1.08494149548056,-14.5918320612465,0.9748819817823369,0.015456386214884347,0.0034828543667853227,0.0027781164609327336,0.0034006611750607694
D25941_Batch8,E4,E4,True,0.5368290035399937,25_9_4,Batch8,D1,4.97782242057495,-1.63251941219614,0.37560465575905805,0.05989925673503636,0.014107854782974015,0.5368290035399937,0.013559229182937681
D25943_Batch8,E5,E5,True,0.5608525249274905,25_9_4,Batch8,D1,6.08724221380779,14.5412666487419,0.11557688939503238,0.09049860035273613,0.019557172293395073,0.2135148130313459,0.5608525249274905
D25944_Batch8,E5,E5,True,0.6967965691663881,25_9_4,Batch8,D1,0.841066624815851,17.8925329703651,0.11249320955940993,0.06278527475808597,0.04529960362676845,0.0826253428893475,0.6967965691663881
D25945_Batch8,E1,E1,True,0.9922618171029666,25_9_4,Batch8,D2,4.21155751307371,-13.443081427876,0.9922618171029666,0.0022100028236103015,0.001645736502514834,0.0017832437183803308,0.002099199852527895
D25952_Batch8,E2,E2,True,0.9739277505816762,25_9_5,Batch8,D2,-5.30870201489109,-3.99669795512575,0.017290945804283038,0.9739277505816762,0.0015468276255324361,0.005795271721626538,0.0014392042668817026
D25953_Batch8,E2,E2,True,0.9639872540811759,25_9_5,Batch8,D1,-3.68254984552231,-2.63342245033806,0.02494652028609575,0.9639872540811759,0.0015839710390650203,0.00873463358267239,0.0007476210109910276
D25954_Batch8,E1,E1,True,0.9710023695913588,25_9_5,Batch8,D1,3.09109495772375,-16.0225630674664,0.9710023695913588,0.007543984148839801,0.005684381749766518,0.006460543482183452,0.009308721027851144
D25955_Batch8,E1,E1,True,0.9751467704334432,25_9_5,Batch8,D2,3.48063607107245,-14.6685403183254,0.9751467704334432,0.008781847564189036,0.004571814575522916,0.0043395768103385675,0.007159990616505997
D25957_Batch8,E3,E3,True,0.836258065152318,25_9_5,Batch8,D1,-1.57370986838936,10.9607754591075,0.007817547920956493,0.0031890762743393493,0.836258065152318,0.14895625819073083,0.0037790524616548764
D25958_Batch8,E2,E2,True,0.8274740577413587,25_9_5,Batch8,D1,-6.64517845932097,5.76382994217659,0.007977976937163315,0.8274740577413587,0.12047276964576413,0.04091528726063391,0.0031599084150798077
D25992_Batch8,E1,E1,True,0.9923375913298822,25_9_9,Batch8,D1,1.53984136831115,-14.2522654049194,0.9923375913298822,0.002585673226992972,0.0013446907073461673,0.0022956832260801027,0.00143636150969835
D25993_Batch8,E3,E3,True,0.5282624262822511,25_9_9,Batch8,D2,-2.87515597693292,7.60497685370699,0.01053130796696596,0.2889487193257505,0.5282624262822511,0.16280500755879826,0.009452538866234246
D25994_Batch8,E1,E1,True,0.8629304631746302,25_9_9,Batch8,D2,4.61781768832369,-17.1329087206383,0.8629304631746302,0.04315137331777222,0.020506337520936557,0.038070771426836056,0.03534105455982478
D25995_Batch8,E2,E2,True,0.5492637496125543,25_9_9,Batch8,D2,0.339413870201594,-5.30380229765313,0.31737932007416797,0.5492637496125543,0.01259201084931946,0.10716903178160023,0.013595887682358357
D25996_Batch8,E1,E1,True,0.9610827226434968,25_9_9,Batch8,D2,0.0744878113256752,-11.1315005515173,0.9610827226434968,0.032442775694342764,0.0024889796321487623,0.0025964002899703416,0.0013891217400414562
J10103_Batch3,E2,E2,True,0.6672149640875066,24_10_10,Batch3,D2,1.30272455854477,3.02472388114612,0.04016320033489252,0.6672149640875066,0.020276104565412307,0.2579297614915953,0.014415969520593392
J10104_Batch3,E1,E1,True,0.9861518292536142,24_10_10,Batch3,D1,5.90992825217691,-12.9939151522824,0.9861518292536142,0.0015329060124722705,0.0025913025317574286,0.005524751666117614,0.004199210536038523
J10105_Batch3,E4,E2,False,0.59591507905427,24_10_10,Batch3,,2.06551443433207,6.87248705709219,0.00821562212934897,0.59591507905427,0.10587242141496565,0.28518822041269976,0.004808656988715355
J10106_Batch3,E5,E5,True,0.8532380739606396,24_10_10,Batch3,D1,5.12690460151086,14.728712023356,0.015589551778321165,0.014779636207961033,0.013417954930475288,0.10297478312260301,0.8532380739606396
J10113_Batch3,E5,E5,True,0.8946724580346497,24_10_11,Batch3,D1,-0.240826238650706,15.9644988114799,0.008994840853666256,0.01202308547213365,0.02452280973934555,0.05978680590020482,0.8946724580346497
J10114_Batch3,E1,E1,True,0.5903222378233467,24_10_11,Batch3,D2,0.782528116387713,-8.1243329079441,0.5903222378233467,0.3838730460991224,0.0034719734619457743,0.02055283373166975,0.0017799088839154451
J10141_Batch3,E2,E2,True,0.9123621276474602,24_10_14,Batch3,D2,-0.312380891216408,3.73339791663864,0.004997097925540814,0.9123621276474602,0.014818839516867703,0.06641040250379897,0.0014115324063323118
J10144_Batch3,E2,E2,True,0.5028669936043141,24_10_14,Batch3,D1,0.777841569944951,5.70381195743292,0.007481710888099684,0.5028669936043141,0.16168046803894454,0.3223622440032024,0.005608583465439141
J10146_Batch3,E5,E5,True,0.9684326032546189,24_10_14,Batch3,D1,5.86349756618205,15.8549577878446,0.013468415175678459,0.007420826361691982,0.003626392279586106,0.007051762928424675,0.9684326032546189
J10147_Batch3,E4,E4,True,0.5284127114085336,24_10_14,Batch3,D2,5.94065866184101,0.369540714541046,0.21963904268012463,0.11691094754711648,0.05481168279254623,0.5284127114085336,0.08022561557167895
J10152_Batch3,E1,E1,True,0.8718254054023332,24_10_15,Batch3,D1,5.48914979686029,-13.8158344906903,0.8718254054023332,0.045161981944031294,0.016513637489559186,0.03844942011510877,0.028049555048967365
J10153_Batch3,E2,E4,False,0.497506801364567,24_10_15,Batch3,D2,1.05528570380166,5.31968825094055,0.005519986903532361,0.4203805786292259,0.07281574222104226,0.497506801364567,0.003776890881632313
J10154_Batch3,E4,E4,True,0.7073766709933633,24_10_15,Batch3,D2,2.06078799272067,11.6703050329386,0.017273553784411783,0.00766731920037611,0.2533734666402915,0.7073766709933633,0.014308989381557329
J10156_Batch3,E2,E2,True,0.9432074103809891,24_10_15,Batch3,D2,-3.25826657508674,-0.80466158416404,0.026632571535028553,0.9432074103809891,0.0027429535668047457,0.026617033895473766,0.0008000306217036682
J1021_Batch3,E2,E2,True,0.9468896707386496,24_10_2,Batch3,D1,-6.53304160838194,-2.52506086515258,0.04388307773882749,0.9468896707386496,0.0023534538607336434,0.005853635899193897,0.0010201617625957191
J1024_Batch3,E4,E3,False,0.5106639117230318,24_10_2,Batch3,D2,1.68867177878255,7.80528402314046,0.009855543589329212,0.11981781594404514,0.5106639117230318,0.3532148951329064,0.006447833610687403
J1025_Batch3,E1,E1,True,0.9685188259543556,24_10_2,Batch3,D1,6.51205246170952,-6.14569053523006,0.9685188259543556,0.0142065889419272,0.0031256451000278873,0.01056516097919479,0.003583779024494616
J1026_Batch3,E2,E2,True,0.9634298258837402,24_10_2,Batch3,D2,-7.85976629592707,-3.55630924405276,0.02709227605541335,0.9634298258837402,0.002346445173295649,0.004357931452525432,0.002773521435025042
J1034_Batch3,E1,E1,True,0.9245298593179534,24_10_3,Batch3,D1,-2.08992046649499,-12.2121343823767,0.9245298593179534,0.06274757030381785,0.004287060099880424,0.0029271194634711505,0.005508390814877133
J1042_Batch3,E5,E5,True,0.9562583761651311,24_10_4,Batch3,D1,0.99671114608386,16.1266285007228,0.011135832733284645,0.007078321958257374,0.00988641758453025,0.01564105155879669,0.9562583761651311
J1074_Batch3,E4,E4,True,0.6252377503160012,24_10_7,Batch3,D1,4.39671451330036,2.44261364033373,0.009135577834035806,0.3504537632684835,0.010713423840365477,0.6252377503160012,0.004459484741114176
J1081_Batch3,E4,E4,True,0.48343910083646474,24_10_8,Batch3,D1,2.16842203850735,12.966638293307,0.03514608783059322,0.0219063569883102,0.20626789277608487,0.48343910083646474,0.25324056156854696
J1082_Batch3,E2,E2,True,0.9245846510893654,24_10_8,Batch3,D1,-2.21462932186064,-2.80801990937063,0.052045161616688665,0.9245846510893654,0.002164827666397511,0.020246181036525306,0.0009591785910230132
J1092_Batch3,E4,E4,True,0.6537226134223688,24_10_9,Batch3,D1,3.43302705836777,7.7139924673628,0.005359289703932801,0.16668905170366596,0.16951492328141587,0.6537226134223688,0.004714121888616631
J1093_Batch3,E4,E4,True,0.5008930021147074,24_10_9,Batch3,D2,1.34346421732628,9.00444664788775,0.007985031607581959,0.007353533416727167,0.4780209023567269,0.5008930021147074,0.005747530504256435
J1287_Batch6,E2,E2,True,0.8472240186484464,25_1_28,Batch6,D2,-6.84529032784584,0.989715364486688,0.0063520307167747635,0.8472240186484464,0.09156639427507529,0.051972143402292226,0.00288541295741152
J2106_Batch6,E1,E1,True,0.9875107214012127,25_2_10,Batch6,D2,5.34098098561609,-8.84217552650408,0.9875107214012127,0.0019348030480917258,0.001252847822675753,0.007646946277927577,0.001654681450092347
J2107_Batch6,E1,E1,True,0.9742574870158461,25_2_10,Batch6,D1,4.02617349753637,-7.67257667102334,0.9742574870158461,0.013861267142809294,0.001983848866763176,0.008602039887599116,0.0012953570869820709
J2112_Batch6,E4,E4,True,0.7639989503250485,25_2_11,Batch6,D1,5.39294295198514,0.460241440757907,0.056967634968777194,0.12757448624470097,0.030538756651911497,0.7639989503250485,0.020920171809562148
J2113_Batch6,E2,E2,True,0.9173755763740804,25_2_11,Batch6,D1,-3.23481449683821,4.05145827902894,0.018923183022993912,0.9173755763740804,0.02318367169059917,0.035926821955537605,0.004590746956789081
J2114_Batch6,E2,E2,True,0.9199224557541198,25_2_11,Batch6,D1,-8.86475952118632,-2.2856090330103,0.048087796031003466,0.9199224557541198,0.012188841225135316,0.010383365001657156,0.009417541988084194
J2122_Batch6,E1,E1,True,0.9916955541118572,25_2_12,Batch6,D1,3.90851141109846,-9.07043251635227,0.9916955541118572,0.003179645989610907,0.0009032803301149561,0.00354508731554526,0.0006764322528715337
J2126_Batch6,E1,E1,True,0.8462155822040215,25_2_12,Batch6,D1,3.17448550999672,-7.24568832554892,0.8462155822040215,0.12822481352280332,0.005009621445707539,0.018316305854629657,0.0022336769728380605
J2142_Batch6,E1,E1,True,0.4983860163047703,25_2_14,Batch6,D1,3.41619558197292,-5.44854400333185,0.4983860163047703,0.3097873211629856,0.010459905681182312,0.1753396746786693,0.006027082172392481
J2145_Batch6,E1,E1,True,0.6000480427722233,25_2_14,Batch6,D1,-2.8381781544764,-9.60441626053238,0.6000480427722233,0.3769373552054082,0.006116624632763065,0.01432779669584546,0.002570180693760199
J2147_Batch6,E2,E2,True,0.9573434393595249,25_2_14,Batch6,D1,-8.76711626652496,-4.16627112021078,0.005521598380461727,0.9573434393595249,0.015244429638779224,0.01844579283760714,0.0034447397836274173
J2243_Batch6,E4,E4,True,0.6208446983747652,25_2_24,Batch6,D2,3.91631632563552,11.6825746788317,0.01334942679194461,0.05427919476143009,0.2608362650859386,0.6208446983747652,0.05069041498592137
J2245_Batch6,E1,E1,True,0.9513780495223344,25_2_24,Batch6,D1,-1.31870658732114,-12.390781708615,0.9513780495223344,0.0394177595095461,0.0032656308478408985,0.0019847313755661186,0.003953828744712673
J2251_Batch6,E3,E3,True,0.7566402804195175,25_2_25,Batch6,D1,-3.51287709647288,10.7465891358408,0.004068952818451051,0.016845244083655297,0.7566402804195175,0.21740070908420991,0.00504481359416647
J2252_Batch6,E1,E1,True,0.9952290887186126,25_2_25,Batch6,D1,2.47923301735398,-13.6545585457706,0.9952290887186126,0.0007248026220218025,0.0014776860719237284,0.0010835215427253066,0.0014849010447164823
J2254_Batch6,E1,E1,True,0.9847336235952231,25_2_25,Batch6,D1,3.18311720647458,-11.8169583103258,0.9847336235952231,0.010202310359688856,0.0015798087522856342,0.0020875527979301914,0.0013967044948723227
J2264_Batch6,E1,E1,True,0.7220472877714238,25_2_26,Batch6,D1,3.0927000402548,-5.86790415805065,0.7220472877714238,0.20963297706707895,0.004360308874955943,0.061428432636012956,0.0025309936505285837
J231_Batch6,E5,E5,True,0.9404719309762566,25_2_3,Batch6,D2,-0.485262131130093,16.8496235615012,0.01646934474841937,0.011702300073615852,0.009783740817304345,0.021572683384403823,0.9404719309762566
J232_Batch6,E2,E2,True,0.9652862176180566,25_2_3,Batch6,D2,-3.21691687682229,-1.66948567271759,0.02006442006914835,0.9652862176180566,0.0018883186336157059,0.01212759724386666,0.0006334464353123824
J235_Batch6,E2,E2,True,0.8988739483467788,25_2_3,Batch6,D2,-1.75222933822484,2.69054113279388,0.005055614264062612,0.8988739483467788,0.011159475880824523,0.08369255390907619,0.0012184075992579537
J252_Batch6,E3,E3,True,0.7929775009512521,25_2_5,Batch6,D1,-4.84596781738342,8.51136934684147,0.009388510238620362,0.05662394678911098,0.7929775009512521,0.1347193051531067,0.006290736867909999
J265_Batch6,E2,E2,True,0.9404462942212779,25_2_6,Batch6,D2,-8.07097902404759,-5.42568465855711,0.02796039862344281,0.9404462942212779,0.00797375432945134,0.010960370453697063,0.012659182372130848
J271_Batch6,E1,E1,True,0.9808910031207627,25_2_7,Batch6,D1,-0.633487936953139,-12.7111130216635,0.9808910031207627,0.011003815824860715,0.002880249483411103,0.001657836358124775,0.0035670952128406532
J273_Batch6,E1,E1,True,0.9526323513059255,25_2_7,Batch6,D1,1.8686368669872,-9.64770748089521,0.9526323513059255,0.035925922236308125,0.003932570322460069,0.005558885768397073,0.0019502703669092838
J274_Batch6,E4,E4,True,0.522368033444894,25_2_7,Batch6,D1,6.06379309312359,12.6075747476399,0.018306201606936766,0.06740470326899188,0.06421514670213595,0.522368033444894,0.3277059149770414
J3101_Batch6,E3,E3,True,0.37799139087146755,25_3_10,Batch6,D1,-3.32829453792464,15.0480539197371,0.018531610075089373,0.04989848131333704,0.37799139087146755,0.2565936379796604,0.2969848797604458
J3112_Batch6,E1,E1,True,0.9928338809583764,25_3_11,Batch6,D2,5.21398869357539,-13.1647757085517,0.9928338809583764,0.0009802940756970132,0.001511052046922032,0.0028269857466679932,0.0018477871723365502
J3141_Batch6,E2,E2,True,0.9832087265059426,25_3_14,Batch6,D2,-6.39657981369655,-4.92769373295672,0.009321456379234825,0.9832087265059426,0.0016764424795930718,0.003627137644206441,0.002166236991023212
J3144_Batch6,E1,E1,True,0.6496913260004077,25_3_14,Batch6,D1,3.0073347335382,-11.9545929695861,0.6496913260004077,0.25441742661877986,0.010907414759669309,0.07105245006448754,0.013931382556655972
J3213_Batch6,E1,E1,True,0.9928312645436517,25_3_21,Batch6,D2,3.06296662110261,-13.4402250414807,0.9928312645436517,0.002542834736622561,0.0015744999283264576,0.0013676453404915182,0.0016837554509078008
J3216_Batch6,E1,E1,True,0.9871334614532358,25_3_21,Batch6,D2,1.03358142703317,-11.7985538535924,0.9871334614532358,0.008389298097179523,0.0011982194091061326,0.002381643929408912,0.000897377111069951
J3253_Batch6,E2,E2,True,0.9241931350631621,25_3_25,Batch6,D2,-1.01507184799013,0.403790204451058,0.03830977713327117,0.9241931350631621,0.004116699337987352,0.03227617661162107,0.0011042118539580255
J3254_Batch6,E4,E4,True,0.7485094345463643,25_3_25,Batch6,D2,2.31608822849806,11.8141083653843,0.014499075919615528,0.007669817946973998,0.2161198775008322,0.7485094345463643,0.01320179408621386
J3256_Batch6,E3,E3,True,0.7750679433590121,25_3_25,Batch6,D1,-2.64992208123096,11.4470139776964,0.0034385585730137527,0.0031086199960758147,0.7750679433590121,0.2157106447825366,0.002674233289361918
J3262_Batch6,E4,E4,True,0.6686508572325777,25_3_26,Batch6,D2,3.85126265783783,5.29610831659754,0.005084040956311168,0.27906544582358045,0.04180203436283475,0.6686508572325777,0.005397621624696055
J3268_Batch6,E2,E2,True,0.8569334203810305,25_3_26,Batch6,D1,-1.61845508377924,4.77658972899984,0.005479143017880589,0.8569334203810305,0.04474838331910647,0.08996261603327074,0.0028764372487112915
J3284_Batch6,E1,E1,True,0.9639563189165498,25_3_28,Batch6,D1,5.13396771334889,-7.15310950440412,0.9639563189165498,0.025052638809406596,0.0019104836404859242,0.008159888550499119,0.000920670083058751
J3314_Batch6,E1,E1,True,0.9850000613296755,25_3_31,Batch6,D1,6.87501216671511,-5.54324019021556,0.9850000613296755,0.002814531474577153,0.0011957250621232297,0.00812600005884357,0.0028636820747804225
J341_Batch6,E1,E1,True,0.9910364705277127,25_3_4,Batch6,D1,2.95027675087312,-13.2975702740648,0.9910364705277127,0.0040262589350168335,0.0016741759416487435,0.0011800365340453643,0.002083058061576198
J344_Batch6,E1,E1,True,0.922131733539837,25_3_4,Batch6,D1,-3.5782345669181,-10.6174914695279,0.922131733539837,0.063489553588803,0.00604680259463223,0.0032470769222291977,0.0050848333544983365
J346_Batch6,E1,E1,True,0.9802919589803413,25_3_4,Batch6,D1,2.39798063541984,-15.7200389986314,0.9802919589803413,0.005149626039272483,0.004202768279210701,0.003468609979135225,0.006887036722040139
J351_Batch6,E2,E2,True,0.9568095404453679,25_3_5,Batch6,D1,-6.27791613608618,3.7190754161902,0.016819051752826768,0.9568095404453679,0.004953427636451158,0.020183634432234445,0.001234345733119742
J372_Batch6,E2,E2,True,0.8378688133746459,25_3_7,Batch6,D1,-2.03825147711825,6.02552851666619,0.008733135415637248,0.8378688133746459,0.05777719479548653,0.08979232533791044,0.005828531076319743
J373_Batch6,E2,E2,True,0.9808313734224743,25_3_7,Batch6,D1,-5.48829385646851,-1.94754806719712,0.006809802802600162,0.9808313734224743,0.001767938606589649,0.009966813432151597,0.0006240717361845099
J375_Batch6,E2,E2,True,0.9842662036103691,25_3_7,Batch6,D1,-5.57955719254549,-2.92656528433196,0.006670466391449624,0.9842662036103691,0.0014617852926017006,0.0065914913104674015,0.0010100533951123178
J377_Batch6,E3,E4,False,0.6818441170901989,25_3_7,Batch6,D2,-1.60968538848073,10.3295960880041,0.00821834194130341,0.037381867797500114,0.2610996221886005,0.6818441170901989,0.011456050982397272
J412_Batch6,E2,E2,True,0.9583664574644495,25_4_1,Batch6,D1,-2.7754018066881,4.17564590522851,0.007648931323499766,0.9583664574644495,0.014634858259474266,0.01738597148549748,0.0019637814670790577
J4141_Batch6,E2,E2,True,0.9282249900043005,25_4_14,Batch6,D1,0.114126226529406,3.93589395495272,0.008223370359746402,0.9282249900043005,0.01644590291390883,0.04495123091088484,0.0021545058111594566
J4144_Batch6,E1,E1,True,0.9155392257111954,25_4_14,Batch6,D1,4.14859348005305,-8.74849249092905,0.9155392257111954,0.021614133815970344,0.0034383856803850586,0.0567943838252368,0.002613870967212418
J4145_Batch6,E1,E1,True,0.9081414818684307,25_4_14,Batch6,D1,6.30982414930538,-5.74529463847515,0.9081414818684307,0.04833269882055188,0.003464448044944811,0.037184723936118845,0.002876647329953923
J4146_Batch6,E1,E1,True,0.9715821452900641,25_4_14,Batch6,D1,4.77797505273584,-7.67211398490825,0.9715821452900641,0.01885200857204227,0.00280379753303356,0.005446314606525696,0.0013157339983346217
J4147_Batch6,E2,E2,True,0.8808593774989297,25_4_14,Batch6,D1,-5.6686751712358,5.69512385794648,0.005684028453725169,0.8808593774989297,0.08395506987063954,0.02742931284514169,0.0020722113315638628
J4153_Batch6,E3,E3,True,0.6710780372053784,25_4_15,Batch6,D2,-4.6331013947188,7.96112206140624,0.009383827681351299,0.15224416814988914,0.6710780372053784,0.16101609945329978,0.006277867510081553
J4156_Batch6,E2,E2,True,0.8835503276508412,25_4_15,Batch6,D2,-1.86749587859246,1.50859742593134,0.005407820893504069,0.8835503276508412,0.008488928001272126,0.10135060343975945,0.0012023200146235675
J4163_Batch6,E2,E1,False,0.4849976448283012,25_4_16,Batch6,D2,1.60145706837207,-5.31256436031638,0.4849976448283012,0.3722734276430134,0.0062757569593726165,0.1322675373883235,0.004185633180989454
J4175_Batch6,E1,E1,True,0.8762506580022655,25_4_17,Batch6,D1,-2.9483962948184,-13.2550271987499,0.8762506580022655,0.07722542979339661,0.010629301422184705,0.01067215876855061,0.025222452013602337
J4177_Batch6,E1,E2,False,0.527105215317534,25_4_17,Batch6,D1,-2.07897957354102,-9.31476848881428,0.4521124099760312,0.527105215317534,0.005658853401092672,0.013026004410063938,0.0020975168952781296
J4183_Batch6,E4,E4,True,0.5308879651660056,25_4_18,Batch6,D2,4.16708465603243,-1.3099485787162,0.22493378987261603,0.22193130828432814,0.013152663350064691,0.5308879651660056,0.009094273326985643
J4184_Batch6,E2,E2,True,0.9438109922781797,25_4_18,Batch6,D2,-4.15100593735723,-4.52255857681404,0.048009984687452,0.9438109922781797,0.0015997029765055831,0.0047995300905657404,0.001779789967297059
J4212_Batch6,E2,E2,True,0.9030651559033482,25_4_21,Batch6,D2,-0.679726591389948,0.975312720665805,0.05256017331846912,0.9030651559033482,0.004807280203644498,0.03798651406658037,0.001580876507958096
J4214_Batch6,E2,E2,True,0.8227353443923195,25_4_21,Batch6,D2,-0.580532446387562,-4.98732178870178,0.12203840343163778,0.8227353443923195,0.0032213061169662207,0.04924801880203216,0.0027569272570444033
J4216_Batch6,E2,E2,True,0.8167880435021384,25_4_21,Batch6,D2,1.24854401885177,6.19623752379466,0.005828334140140092,0.8167880435021384,0.08131486449794849,0.09372392835994149,0.0023448294998315005
J4217_Batch6,E1,E1,True,0.9295946640633396,25_4_21,Batch6,D2,1.11221820257876,-8.93891111406929,0.9295946640633396,0.06282132262566492,0.002447004564440214,0.004082256840346437,0.001054751906209085
J4229_Batch6,E2,E2,True,0.9518942939427352,25_4_22,Batch6,D1,-2.74609275089886,0.139121453617845,0.03341051925211243,0.9518942939427352,0.003037144890360309,0.010768739966779007,0.0008893019480133695
J4235_Batch6,E1,E1,True,0.9685933589029375,25_4_23,Batch6,D1,3.23172604072026,-17.9390622036626,0.9685933589029375,0.005824229260983042,0.006309946379540936,0.009019021960341836,0.010253443496196706
J4241_Batch6,E4,E5,False,0.4806751055564987,25_4_24,Batch6,,5.98664843609847,13.1475895299424,0.023582009424399305,0.04856040955802136,0.01799217709718265,0.4291902983638978,0.4806751055564987
J4242_Batch6,E2,E2,True,0.9625719092748571,25_4_24,Batch6,D2,-6.30900957344795,-0.576577965906506,0.0033329613217848012,0.9625719092748571,0.015538499514549,0.01736853409324033,0.0011880957955689038
J4247_Batch6,E1,E2,False,0.5115958762909789,25_4_24,Batch6,D2,1.74611280159067,-7.84743143917632,0.3946457783727112,0.5115958762909789,0.006015349243711135,0.08496762177206342,0.0027753743205351403
J4257_Batch6,E2,E2,True,0.9755929529701866,25_4_25,Batch6,D2,-6.92887905214177,-3.87654503363081,0.01783093729039172,0.9755929529701866,0.0016008261586000184,0.003042529165028086,0.0019327544157937315
J426_Batch6,E1,E1,True,0.9822287640619555,25_4_2,Batch6,D1,6.4253944596076,-7.00270511544009,0.9822287640619555,0.003561612354794435,0.0012518238905827007,0.01175650218805397,0.001201297504613518
J4283_Batch6,E4,E3,False,0.5471431052346297,25_4_28,Batch6,D2,2.31773291404181,11.1912571961194,0.00943827773493557,0.0077367650549114465,0.5471431052346297,0.42078339015805244,0.014898461817470744
J4285_Batch6,E2,E2,True,0.9208498606583754,25_4_28,Batch6,D2,-1.74835766359895,-4.47385625995522,0.06588060116089944,0.9208498606583754,0.001556482785472246,0.010412656614675253,0.0013003987805776988
J434_Batch6,E1,E1,True,0.8170623794661597,25_4_3,Batch6,D2,6.14155783969843,-7.48879970770288,0.8170623794661597,0.13318180987384765,0.0045523340489323294,0.043233333685149096,0.00197014292591129
J435_Batch6,E1,E1,True,0.929361602342777,25_4_3,Batch6,D1,7.52465819572448,-5.96288645208736,0.929361602342777,0.01127750932155302,0.002386669217016368,0.05037094982019407,0.006603269298459752
J438_Batch6,E1,E1,True,0.9143281916882835,25_4_3,Batch6,D1,7.93781621019993,-5.22114143201488,0.9143281916882835,0.005101256253195263,0.002928784905230718,0.06504182694574213,0.01259994020754827
J471_Batch6,E1,E1,True,0.9743130876724007,25_4_7,Batch6,D1,8.53085804518504,-8.27613372183497,0.9743130876724007,0.005564800088643876,0.002302097030996131,0.015735626946408305,0.0020843882615510178
J485_Batch6,E1,E1,True,0.9871911285398263,25_4_8,Batch6,D1,2.70571379501904,-14.4342487026303,0.9871911285398263,0.005077054121186137,0.002388756404667952,0.002088869461769124,0.0032541914725507342
J486_Batch6,E4,E4,True,0.7525318250536482,25_4_8,Batch6,D2,3.50742176177301,9.16194091918712,0.0035222632531134827,0.057037830937037286,0.18209944420762025,0.7525318250536482,0.004808636548580662
J487_Batch6,E1,E1,True,0.9835920406171876,25_4_8,Batch6,D2,2.9859537381419,-11.9362954192067,0.9835920406171876,0.010690132713242628,0.001416437146994209,0.0030541249243365917,0.0012472645982391888
J495_Batch6,E2,E2,True,0.9804657101754154,25_4_9,Batch6,D2,-2.03539658568981,-3.861239428278,0.005431493188409845,0.9804657101754154,0.0017215679682766108,0.011283379243549036,0.0010978494243487902
J5122_Batch6,E5,E5,True,0.9301724092064052,25_5_12,Batch6,D1,1.17502065873219,16.719408353522,0.026920275782898923,0.015027371407709097,0.010654309074568564,0.017225634528418476,0.9301724092064052
J5126_Batch6,E1,E1,True,0.685474656308524,25_5_12,Batch6,D2,-0.555571140162462,-9.33648908800121,0.685474656308524,0.2968713984250132,0.004456017802395054,0.011638991411260973,0.0015589360528067626
J5128_Batch6,E2,E2,True,0.9558708669814332,25_5_12,Batch6,D2,-2.08943259359237,3.27096559279912,0.011719033883337266,0.9558708669814332,0.008261207010789882,0.0224234938210752,0.0017253983033643655
J5141_Batch6,E4,E4,True,0.6670442002753038,25_5_14,Batch6,D2,2.20891473244914,8.12898821937458,0.0050958421933492625,0.04123080938643303,0.28309659053898056,0.6670442002753038,0.0035325576059332398
J5144_Batch6,E2,E2,True,0.6778846037216748,25_5_14,Batch6,D2,-9.11192258924996,-5.13275298247623,0.04334362016794486,0.6778846037216748,0.11762386892969623,0.13134442032517907,0.02980348685550519
J5146_Batch6,E1,E1,True,0.852904768320422,25_5_14,Batch6,D2,7.98350621353609,-4.50875061838877,0.852904768320422,0.01530633782316007,0.006615803342677285,0.04350638180588328,0.08166670870785764
J5161_Batch6,E4,E4,True,0.7470731482359408,25_5_16,Batch6,D2,4.63944612064608,2.28416370735669,0.016402033376089312,0.19423921006550612,0.02829239586835193,0.7470731482359408,0.013993212454111665
J5164_Batch6,E3,E3,True,0.5422629023171675,25_5_16,Batch6,D2,-3.87393916689842,8.92885687849887,0.004941036599875443,0.0343203755885419,0.5422629023171675,0.41514804141479705,0.0033276440796181986
J5165_Batch6,E2,E1,False,0.9460807217909817,25_5_16,Batch6,D2,0.334856547071087,-7.06501678680607,0.9460807217909817,0.04620117626826941,0.0024997947530210926,0.0034665440547022256,0.001751763133025453
J5168_Batch6,E4,E5,False,0.27963631799764777,25_5_16,Batch6,D1,2.99565407097771,13.1850652463422,0.19705543064897582,0.14330601065356913,0.1459529667407504,0.23404927395905695,0.27963631799764777
J5191_Batch6,E1,E1,True,0.9838556423052377,25_5_19,Batch6,D2,0.235486703445668,-12.2571847688828,0.9838556423052377,0.011457217731554559,0.0018571811972391418,0.001098104419496332,0.0017318543464724865
J5192_Batch6,E2,E2,True,0.6719506337451021,25_5_19,Batch6,D2,2.49572020544416,4.63147569754783,0.009305246286254903,0.6719506337451021,0.12420093759337465,0.18751416980370625,0.00702901257156223
J5194_Batch6,E3,E3,True,0.8666538396534902,25_5_19,Batch6,D2,-4.37421416940889,9.04075016449566,0.004823430478300376,0.01298811852765519,0.8666538396534902,0.1121191746539585,0.0034154366865954944
J5195_Batch6,E2,E2,True,0.8862600580121692,25_5_19,Batch6,D2,-9.59891901138807,-4.45047032898672,0.061579607653440505,0.8862600580121692,0.012137397785479115,0.015533075445085219,0.02448986110382616
J5196_Batch6,E1,E1,True,0.6252291352463403,25_5_19,Batch6,D2,-4.05675574599078,-12.4260591292663,0.6252291352463403,0.22042611387787162,0.03212617295564632,0.046272390242190695,0.07594618767795107
J5197_Batch6,E4,E4,True,0.747366198778084,25_5_19,Batch6,D2,2.33049659125518,11.6014186556924,0.011472104002521957,0.005701436085380238,0.22322979536985177,0.747366198778084,0.012230465764162144
J5201_Batch6,E5,E5,True,0.9679889166907494,25_5_20,Batch6,D1,5.03153889647579,15.2539309527945,0.006734250682054775,0.003834548905682537,0.005724176655343987,0.01571810706616886,0.9679889166907494
J5204_Batch6,E2,E2,True,0.9553936233719431,25_5_20,Batch6,D2,-4.73442439747258,-3.60861498219678,0.034074966190783075,0.9553936233719431,0.0014840501232433634,0.008009910540107674,0.001037449773922756
J5205_Batch6,E2,E2,True,0.9319969786787452,25_5_20,Batch6,D2,-9.62194957158478,-3.07034399070452,0.04095886485470224,0.9319969786787452,0.007138439326476491,0.010509428004206636,0.009396289135869623
J5207_Batch6,E1,E1,True,0.9617438204098688,25_5_20,Batch6,D2,3.60876516496148,-7.94689053150151,0.9617438204098688,0.027916956973591266,0.0017999098299443927,0.0076999861329988765,0.0008393266535969163
J5209_Batch6,E1,E1,True,0.984531374422731,25_5_20,Batch6,D2,2.34459993230813,-14.4620683704715,0.984531374422731,0.0064814735405966245,0.0028777528631090555,0.0017713918319026778,0.0043380073416608
J5211_Batch6,E2,E2,True,0.7971123273242576,25_5_21,Batch6,D2,-0.270577854704682,-4.87684886119452,0.12185082527586029,0.7971123273242576,0.003993783725493768,0.07376487515100155,0.003278188523387031
J5212_Batch6,E2,E2,True,0.9819664669625611,25_5_21,Batch6,D2,-5.91351000621425,-1.35197867466094,0.0031899758759511266,0.9819664669625611,0.004268648101318344,0.009607324907708945,0.0009675841524602466
J5214_Batch6,E2,E2,True,0.9469483760439484,25_5_21,Batch6,D2,-3.28606192261809,2.97549320006793,0.004084151707877194,0.9469483760439484,0.023627349552658453,0.02408100658141416,0.0012591161141015123
J5215_Batch6,E1,E1,True,0.9541124602094978,25_5_21,Batch6,D2,-0.382341688001117,-11.986795832087,0.9541124602094978,0.039893592498113396,0.002121647436587968,0.0020898005040461123,0.001782499351754559
J5216_Batch6,E4,E4,True,0.7342306041314279,25_5_21,Batch6,D1,3.63634220715817,8.81267385349148,0.004280242649176255,0.05877776038976546,0.19737049468636483,0.7342306041314279,0.005340898143265474
J5217_Batch6,E2,E2,True,0.984029017937767,25_5_21,Batch6,D2,-7.82155386389792,-0.984132293661625,0.00597276878368633,0.984029017937767,0.0027468878207113955,0.006517004236186505,0.0007343212216486496
J5221_Batch6,E2,E2,True,0.9196924313756653,25_5_22,Batch6,D2,0.131379740206467,-3.41282005581168,0.017465084460398878,0.9196924313756653,0.0025079122634143916,0.05876361663005249,0.0015709552704686579
J5222_Batch6,E4,E4,True,0.5188499499416871,25_5_22,Batch6,D2,2.96024481944044,1.09475305863588,0.012136919517852889,0.4500559492292864,0.014463146669931488,0.5188499499416871,0.00449403464124232
J5223_Batch6,E1,E1,True,0.8378282337265293,25_5_22,Batch6,D2,4.82581542004525,-3.52361709942566,0.8378282337265293,0.0638426191958886,0.00586514700028138,0.08629681043839516,0.00616718963890532
J5227_Batch6,E3,E3,True,0.8665444607748422,25_5_22,Batch6,D2,-3.34137915923234,11.7776406113045,0.004860524667443134,0.004951799934981125,0.8665444607748422,0.11769560590736054,0.005947608715373089
J5231_Batch6,E3,E3,True,0.8330630963031892,25_5_23,Batch6,D2,-5.22847321583795,10.7450178892376,0.006073244845289161,0.040258510308143196,0.8330630963031892,0.11541004042390744,0.005195108119471279
J5233_Batch6,E2,E2,True,0.7873942585285132,25_5_23,Batch6,D2,2.14623635544647,5.01472977762254,0.010326870055641294,0.7873942585285132,0.06743714452818954,0.13034696773813362,0.0044947591495223035
J5235_Batch6,E1,E1,True,0.9551517131321896,25_5_23,Batch6,D2,5.41443116546212,-13.467296006279,0.9551517131321896,0.010277265487724547,0.007911070776048974,0.015237799638749648,0.011422150965286863
J5236_Batch6,E1,E1,True,0.9738340863914539,25_5_23,Batch6,D1,2.65077343773267,-15.3464033145668,0.9738340863914539,0.009021688966644575,0.004983258254445939,0.004017492556671974,0.008143473830783884
J5238_Batch6,E3,E3,True,0.3902987490869698,25_5_23,Batch6,D1,-4.47142850804539,7.74503019551464,0.00853767587986257,0.25215682137919687,0.3902987490869698,0.3434995878838192,0.005507165770151693
M1141_Batch5,E4,E4,True,0.46240359739240333,25_1_14,Batch5,D2,4.52652442037785,11.8453519068529,0.021979137984068815,0.24245592870429938,0.14945729776819558,0.46240359739240333,0.12370403815103295
M1143_Batch5,E4,E4,True,0.5541963547763777,25_1_14,Batch5,D2,4.62162941393434,7.04854475647548,0.028956636766560784,0.18181780701265113,0.2153565150522665,0.5541963547763777,0.019672686392143663
M1163_Batch5,E1,E1,True,0.8727244363805828,25_1_16,Batch5,D1,0.692938589369699,-10.1729073420161,0.8727244363805828,0.1057238938800891,0.0032056884638806855,0.01674289160016735,0.0016030896752801862
M1164_Batch5,E1,E1,True,0.8378033865717807,25_1_16,Batch5,D1,1.76666916643401,-8.12554716503967,0.8378033865717807,0.15017991144200293,0.003909752998588415,0.00676013291004831,0.0013468160775794557
M1175_Batch5,E1,E1,True,0.9957050581538173,25_1_17,Batch5,D1,3.82272117832824,-12.8429771771283,0.9957050581538173,0.001068660267989503,0.000981816445258954,0.0013741504661374793,0.0008703146667966563
M12132_Batch5,E2,E2,True,0.9431524814624386,24_12_13,Batch5,D1,-8.52474535961237,-1.94244706528609,0.04343983366289806,0.9431524814624386,0.0038213120746498816,0.007731388420995943,0.0018549843790175876
M12134_Batch5,E2,E2,True,0.9480575945488925,24_12_13,Batch5,D2,-9.71315062289,-3.78603680835832,0.02081435485141144,0.9480575945488925,0.00810036349133435,0.013738270113332072,0.009289416995029874
M1252_Batch5,E5,E5,True,0.8719720128053591,24_12_5,Batch5,D1,-0.255891808568494,17.3733102631066,0.04477047748195218,0.03008692299754665,0.01748622073999026,0.035684365975152135,0.8719720128053591
M1273_Batch5,E2,E2,True,0.7308974458975565,25_1_27,Batch5,D1,1.14505412482378,5.94406667948651,0.0066532358559511775,0.7308974458975565,0.12899301163128055,0.13025314212354008,0.0032031644916719134
M1274_Batch5,E2,E1,False,0.9169753411353291,25_1_27,Batch5,D2,0.484569530077488,-6.91593883811294,0.9169753411353291,0.07235982388833265,0.002318089893645003,0.006859432678843634,0.0014873124038498307
M1275_Batch5,E1,E1,True,0.5760093568525442,25_1_27,Batch5,D2,3.91049824544536,-6.75420738860228,0.5760093568525442,0.08300659852245676,0.011909375090554978,0.31926082278520246,0.00981384674924165
M1276_Batch5,E4,E4,True,0.7364142643650111,25_1_27,Batch5,D2,5.21195383605943,-1.26012861916036,0.17007701586924598,0.055067692895858195,0.01704272766009247,0.7364142643650111,0.021398299209792308
M1293_Batch5,E1,E1,True,0.485657508081711,24_12_9,Batch5,D1,0.376451318635672,-9.37119286287758,0.485657508081711,0.3826716282274437,0.009048495226488913,0.11910564096491634,0.003516727499439791
M1296_Batch5,E5,E5,True,0.9235507412546238,24_12_9,Batch5,D1,-0.697781156768727,16.5955466305417,0.0219536265509531,0.016604734476970324,0.01612523630145013,0.02176566141600254,0.9235507412546238
M132_Batch5,E2,E2,True,0.9410329398770049,25_1_3,Batch5,D2,-6.10242526552484,-0.26425382786303,0.004793407445849315,0.9410329398770049,0.02497340451856332,0.02737201743216768,0.0018282307264145313
M2103_Batch5,E2,E2,True,0.9581897701199316,25_2_10,Batch5,D1,-5.4947753575085,4.83742530645601,0.004405088027653158,0.9581897701199316,0.018772742742013092,0.017407840215775267,0.0012245588946267732
M2253_Batch5,E1,E1,True,0.9885884671815144,25_2_25,Batch5,D1,1.26994921794523,-10.8824314728585,0.9885884671815144,0.007282056670295919,0.0013630620843754003,0.002056762983886039,0.0007096510799284021
M2255_Batch5,E2,E2,True,0.8209491660403844,25_2_25,Batch5,D1,2.2344776763859,3.68338026183254,0.02964738256189156,0.8209491660403844,0.03260677381521839,0.09910434904189103,0.017692328540614276
M234_Batch5,E1,E1,True,0.7864991583633517,25_2_3,Batch5,D1,2.48616882219049,-17.7285683057852,0.7864991583633517,0.06148570473059309,0.03070280844805015,0.06182294888484063,0.059489379573164504
M253_Batch5,E3,E3,True,0.7895523419709063,25_2_5,Batch5,D1,-3.45142608428073,14.7766773993011,0.012090649134134619,0.013106427660069232,0.7895523419709063,0.14013730046042644,0.045113280774463665
M266_Batch5,E1,E1,True,0.670399600134991,25_2_6,Batch5,D1,4.29059200346013,-18.091127296776,0.670399600134991,0.09586988618728937,0.04470910760718439,0.09091645881091881,0.09810494725961652
M272_Batch5,E1,E1,True,0.9880686685558087,25_2_7,Batch5,D1,3.23197060166744,-14.1873192336279,0.9880686685558087,0.004528344911759669,0.0024370045475481886,0.001647661257063864,0.003318320727819202
M3111_Batch5,E5,E5,True,0.7300849401242665,25_3_11,Batch5,,-1.33326107117437,15.4728887421778,0.05122805772684618,0.0348863764898461,0.09722433706520414,0.08657628859383702,0.7300849401242665
M3122_Batch5,E2,E2,True,0.9833163024822476,25_3_12,Batch5,D1,-6.08109232038533,-1.71276690619741,0.00671651938542925,0.9833163024822476,0.002892515724873563,0.005951403013946138,0.001123259393503399
M3124_Batch5,E2,E2,True,0.8322151192008337,25_3_12,Batch5,D2,-5.81004985282604,3.53772216806799,0.12593537545569,0.8322151192008337,0.007967439892805215,0.03159464721079442,0.0022874182398764306
M3212_Batch5,E5,E5,True,0.9628806967074595,25_3_21,Batch5,D1,0.321695194422245,16.5008465970472,0.006368510951420294,0.00603429119590261,0.011280507781618892,0.013435993363598651,0.9628806967074595
M3214_Batch5,E3,E3,True,0.8385663915525147,25_3_21,Batch5,D2,-3.10223973097579,10.1495467411365,0.005164314964464456,0.003014723490167115,0.8385663915525147,0.14992607249995046,0.0033284974929029755
M3263_Batch5,E3,E2,False,0.4680877069514473,25_3_26,Batch5,D1,-2.65831965959973,7.52196567635598,0.016151442434521286,0.4680877069514473,0.39205893099232364,0.10885249394255217,0.014849425679155667
M3266_Batch5,E1,E1,True,0.9644414543056669,25_3_26,Batch5,D1,4.04143919797871,-8.16314380938266,0.9644414543056669,0.014312223190118267,0.0016287878400521826,0.018387224849476514,0.001230309814686054
M3271_Batch5,E5,E5,True,0.7468384025343734,25_3_27,Batch5,D1,2.63064685296521,15.3988989149945,0.010588890897918597,0.01594930237374059,0.042868002020203584,0.18375540217376385,0.7468384025343734
M3272_Batch5,E1,E1,True,0.8241765938714729,25_3_27,Batch5,D2,8.59570599772339,-4.61882169678339,0.8241765938714729,0.013343117261335267,0.00702231992862919,0.11161256643959358,0.04384540249896884
M3273_Batch5,E2,E1,False,0.7798081443803266,25_3_27,Batch5,D2,-0.994582886871193,-7.45363463770368,0.7798081443803266,0.20937275798358043,0.0031358990972415184,0.004438029786139269,0.003245168752712205
M3274_Batch5,E4,E4,True,0.7855545672920766,25_3_27,Batch5,D1,3.57988424549415,11.7889008696081,0.008788399596894371,0.023918511917106797,0.12885909823270522,0.7855545672920766,0.052879422961216636
M3281_Batch5,E5,E5,True,0.9653276387076859,25_3_28,Batch5,D1,5.60518058391167,15.8727053598356,0.009573519032845139,0.010398284977502946,0.008395790874530202,0.006304766407435615,0.9653276387076859
M3282_Batch5,E1,E1,True,0.8007307457249405,25_3_28,Batch5,D2,7.30525476997532,-3.93354204219174,0.8007307457249405,0.13312356971235512,0.007978900035023757,0.03922686751367401,0.01893991701400641
M3285_Batch5,E4,E2,False,0.4217895198385521,25_3_28,Batch5,D2,4.15457106584352,-1.20481334292602,0.27386179963446755,0.4217895198385521,0.008306446610722143,0.2898822060840424,0.00616002783221585
M3311_Batch5,E5,E5,True,0.9216951406445785,25_3_31,Batch5,D1,-0.825920649702516,16.3428299578459,0.00954529570023433,0.00913920999748598,0.02926047149416476,0.030359882163536245,0.9216951406445785
M342_Batch5,E3,E3,True,0.6124300311633187,25_3_4,Batch5,D2,-1.98543293945054,9.35963027793744,0.012344338299145476,0.05812731139748208,0.6124300311633187,0.2807235117101326,0.036374807429920955
M354_Batch5,E2,E2,True,0.6803456514285597,25_3_5,Batch5,,-7.69489905146143,5.88591500068855,0.11884711735503796,0.6803456514285597,0.03173169855939446,0.1348558194451904,0.03421971321181736
M362_Batch5,E5,E5,True,0.6152735659541728,25_3_6,Batch5,D1,0.209906724291453,17.9247063401138,0.14391718583466068,0.08150961863673893,0.05522944746564407,0.10407018210878348,0.6152735659541728
M376_Batch5,E5,E5,True,0.9634143168217811,25_3_7,Batch5,D1,0.689156401889948,16.2969165583846,0.010213792331844197,0.006426164957644228,0.0084462029906925,0.011499522898037772,0.9634143168217811
M4112_Batch5,E3,E3,True,0.8095098739401205,25_4_11,Batch5,D2,-4.4684640491286,11.0980415821721,0.0037812984796003354,0.004687941622507003,0.8095098739401205,0.17965369422879152,0.0023671917289805632
M4113_Batch5,E2,E2,True,0.774172076240016,25_4_11,Batch5,D2,0.513641766805392,2.20556930687367,0.10493209198594534,0.774172076240016,0.00978859864550536,0.10641223348778935,0.004694999640743706
M4114_Batch5,E1,E1,True,0.9097386094530966,25_4_11,Batch5,D1,-2.35470898853014,-12.688772772938,0.9097386094530966,0.07260728952602225,0.005497030836501191,0.0040567891573310465,0.008100281027048678
M4116_Batch5,E2,E2,True,0.7270230610127396,25_4_11,Batch5,D2,2.57831034284164,5.31493479417656,0.005236791058490812,0.7270230610127396,0.02196776345809301,0.24364766952384917,0.0021247149468273325
M4155_Batch5,E4,E4,True,0.7702059994247863,25_4_15,Batch5,D2,3.78066233322076,12.0368573325617,0.007052684071588847,0.028225658075224428,0.10099192552662498,0.7702059994247863,0.09352373290177532
M4164_Batch5,E2,E2,True,0.9383741269731415,25_4_16,Batch5,D2,-2.08478839597797,-1.09976036284284,0.023384215997978776,0.9383741269731415,0.003096589849436795,0.03432055417092573,0.0008245130085169084
M4167_Batch5,E3,E3,True,0.4799722709904586,25_4_16,Batch5,D1,-2.1878970033143,9.04280121280199,0.011852532245656626,0.0962021035246859,0.4799722709904586,0.3798779116893526,0.03209518154984639
M416_Batch5,E5,E5,True,0.8560469898842491,25_4_1,Batch5,D1,6.01740235016062,16.1139432129116,0.0756597329434295,0.03740551228766008,0.012758984996237782,0.018128779888423575,0.8560469898842491
M4172_Batch5,E2,E2,True,0.8878004952565033,25_4_17,Batch5,D2,0.12499463668635,-4.3086222256305,0.054240208582075844,0.8878004952565033,0.0027687391927244957,0.05020507372307605,0.00498548324562022
M4173_Batch5,E3,E3,True,0.7726362796678524,25_4_17,Batch5,D2,-2.49551729279358,10.4920667824478,0.0027586627880598854,0.0054586717824519,0.7726362796678524,0.21660952799747138,0.002536857764164247
M4176_Batch5,E1,E1,True,0.9503415344227043,25_4_17,Batch5,D1,0.0340572642848624,-10.5027040664601,0.9503415344227043,0.04097576448282422,0.003021865127890311,0.004171251721913298,0.0014895842446678662
M4178_Batch5,E1,E1,True,0.9786209093546181,25_4_17,Batch5,D1,-1.11723817154988,-14.7957269501358,0.9786209093546181,0.01034596157865455,0.003692377278792134,0.0030603018422375354,0.004280449945697756
M4179_Batch5,E1,E1,True,0.9838273363835689,25_4_17,Batch5,D2,0.994526567087826,-14.3178860200015,0.9838273363835689,0.006072006718190207,0.0033021888113376227,0.002765353865829013,0.004033114221074291
M417_Batch5,E2,E2,True,0.6140574320460273,25_4_1,Batch5,D1,-1.26198058922732,7.12402167191708,0.02625598486738568,0.6140574320460273,0.055419373851921035,0.24363772309186366,0.060629486142802426
M4181_Batch5,E2,E2,True,0.785796764424531,25_4_18,Batch5,D2,-6.18115448150967,5.63821401559844,0.010640624745736238,0.785796764424531,0.16261384287879127,0.036341086228726754,0.00460768172221471
M4185_Batch5,E1,E1,True,0.9936799338217065,25_4_18,Batch5,D2,0.461064410634312,-14.6260646724258,0.9936799338217065,0.0019396753896478835,0.0016406467000378447,0.0009738668612637835,0.0017658772273439938
M4186_Batch5,E2,E2,True,0.8286575854171239,25_4_18,Batch5,D2,-2.2650183063874,-2.38403722290589,0.15112568735666373,0.8286575854171239,0.005245017776802188,0.013084426477263506,0.0018872829721467226
M421_Batch5,E1,E2,False,0.5943780302000233,25_4_2,Batch5,D1,6.98220800755893,-3.15481649027353,0.23497021413948477,0.5943780302000233,0.013971471446162988,0.13736262166286742,0.01931766255146121
M42210_Batch5,E2,E1,False,0.5749673388917433,25_4_22,Batch5,D1,-0.551548456703163,-6.79848495762376,0.5749673388917433,0.3977357549561361,0.003644472634321623,0.01934160877451251,0.004310824743286264
M4222_Batch5,E5,E5,True,0.9620578141813967,25_4_22,Batch5,D1,1.80143851256265,15.253842401327,0.011379711334144199,0.0063607703455643115,0.006018412327928342,0.014183291810966394,0.9620578141813967
M4227_Batch5,E2,E2,True,0.775271217756127,25_4_22,Batch5,D1,-1.72042641167018,6.50297042123468,0.015087711926767475,0.775271217756127,0.111173146474926,0.08597733365323894,0.012490590188940732
M4231_Batch5,E3,E3,True,0.5432035243681393,25_4_23,Batch5,D2,-4.33210479653243,7.40599800021622,0.009867422071513525,0.2756383999040615,0.5432035243681393,0.1649667980606974,0.006323855595588215
M423_Batch5,E5,E5,True,0.9736681801324504,25_4_2,Batch5,D1,1.92109557876157,15.8614957289058,0.004754267371205365,0.0034439903076810222,0.005429669347235731,0.01270389284142745,0.9736681801324504
M4243_Batch5,E2,E2,True,0.9547756120446551,25_4_24,Batch5,D2,-2.81366392715565,-3.94601949472552,0.03611623835516786,0.9547756120446551,0.0016190347638025634,0.0063175906850313325,0.0011715241513432961
M4252_Batch5,E2,E2,True,0.9513196231671072,25_4_25,Batch5,D2,-1.20280027369332,-3.07676858439805,0.031383822471746516,0.9513196231671072,0.0017668047619135057,0.014693116385903315,0.000836633213329604
M4253_Batch5,E1,E1,True,0.8804505873831909,25_4_25,Batch5,D1,3.24182781495538,-7.19146108144623,0.8804505873831909,0.10434610506003247,0.004355847525944871,0.009022598235171944,0.00182486179565996
M472_Batch5,E2,E2,True,0.8189871815772487,25_4_7,Batch5,D2,-1.27976946458421,4.40075570446883,0.004713910838550037,0.8189871815772487,0.06462057593817112,0.10939969407807594,0.0022786375679543034
M483_Batch5,E1,E1,True,0.9471350098040136,25_4_8,Batch5,D1,-0.954116165204353,-12.3030603585816,0.9471350098040136,0.04542261131003865,0.0025768250124313,0.0021101551139012446,0.0027553987596151863
M484_Batch5,E4,E4,True,0.6410267758386684,25_4_8,Batch5,D2,3.3938290801681,7.14540003030448,0.0039723809429557675,0.23966794683527104,0.11166047286997993,0.6410267758386684,0.0036724235131249524
M491_Batch5,E4,E4,True,0.7089773923809418,25_4_9,Batch5,D1,4.33873835383152,-0.601276704008682,0.10821422606466397,0.15438108023212244,0.018427558293698514,0.7089773923809418,0.00999974302857339
M492_Batch5,E2,E2,True,0.7521216997320979,25_4_9,Batch5,D1,0.0280826619456111,1.12920627621122,0.17515292877451488,0.7521216997320979,0.007723065389442832,0.06151207713487106,0.003490228969073186
M493_Batch5,E1,E1,True,0.8876820224819364,25_4_9,Batch5,D1,8.79512581761578,-4.75441832112322,0.8876820224819364,0.006223310690486043,0.004903821337418177,0.05356755753234413,0.047623287957815376
M496_Batch5,E2,E2,True,0.9642639912705502,25_4_9,Batch5,D2,-3.45013565594766,-3.48136978512696,0.028259029627706392,0.9642639912705502,0.0014105547324748048,0.005219213271505383,0.0008472110977631807
M497_Batch5,E2,E2,True,0.8217732187631241,25_4_9,Batch5,D1,-1.09214122847543,0.785650781595319,0.13368507031554155,0.8217732187631241,0.0064810567727684905,0.03596083252658022,0.002099821621985596
M498_Batch5,E2,E4,False,0.6620596214474147,25_4_9,Batch5,D1,2.85109225945156,3.88997340630424,0.03301030279133021,0.2291949543811744,0.03913616178421981,0.6620596214474147,0.036598959595860854
O1013_Batch2,E2,E4,False,0.49393218727566635,24_10_1,Batch2,D2,-0.895777031657325,3.23951850202912,0.007177622652384915,0.46155587254719027,0.03318455454682175,0.49393218727566635,0.004149762977936664
O8202_Batch2,E1,E1,True,0.7232483436795846,24_8_20,Batch2,D1,-0.480822402250649,-9.2628028106294,0.7232483436795846,0.2616959005633481,0.003761747775249735,0.009709806756992609,0.0015842012248247798
O8204_Batch2,E5,E5,True,0.5486153781101717,24_8_20,Batch2,D1,3.02114362879358,14.862943773737,0.017950490281287937,0.031680290685829296,0.12708710044097432,0.2746667404817368,0.5486153781101717
O8211_Batch2,E4,E4,True,0.7207717244643188,24_8_21,Batch2,D2,3.34953880253115,10.5428287229857,0.004942857785979841,0.020650860940953707,0.24717300112094565,0.7207717244643188,0.0064615556878017694
O8212_Batch2,E2,E2,True,0.9835599589048986,24_8_21,Batch2,D2,-2.94305794948839,-3.38410426652341,0.006734053414316334,0.9835599589048986,0.0014173411542021152,0.007585676742992283,0.0007029697835904984
O8221_Batch2,E1,E1,True,0.8558948651669392,24_8_22,Batch2,D1,2.05566301489372,-12.5850463785956,0.8558948651669392,0.12510044483279334,0.004687508745584161,0.006458550187838978,0.007858631066844349
O8244_Batch2,E1,E5,False,0.4411397904328094,24_8_24,Batch2,D1,9.13880763451983,-7.45200196386002,0.37195681312164797,0.07826820803021745,0.02253447382261385,0.0861007145927114,0.4411397904328094
O8264_Batch2,E2,E2,True,0.9616037063566844,24_8_26,Batch2,D1,-8.3963771783754,-4.78739702293617,0.01777000311396299,0.9616037063566844,0.004839891653751476,0.008142225589691651,0.00764417328590952
O8272_Batch2,E2,E2,True,0.9260661554674056,24_8_27,Batch2,D1,-5.32297122404404,4.6956750765614,0.004751814096829795,0.9260661554674056,0.017936003850967885,0.04994805694968544,0.0012979696351111776
O8275_Batch2,E1,E1,True,0.9718250074939276,24_8_27,Batch2,D1,2.92323902451185,-15.9722481346168,0.9718250074939276,0.007593269455550566,0.005826546720093966,0.005384261157583058,0.009370915172844984
O9115_Batch2,E3,E3,True,0.7977001449407851,24_9_11,Batch2,D2,-3.83058037058061,14.2139180839219,0.019645725291822562,0.011605208618725915,0.7977001449407851,0.14749808576080464,0.023550835387861985
O9123_Batch2,E2,E2,True,0.8058339343258223,24_9_12,Batch2,D1,0.110639266027381,-3.09152655670014,0.15826548032024326,0.8058339343258223,0.0035770028632185185,0.03052683561447148,0.0017967468762445406
O9131_Batch2,E4,E5,False,0.47394464350717413,24_9_13,Batch2,D1,2.76490660186804,13.2097712293029,0.016588171731456856,0.018902800874147425,0.06714852087230186,0.42341586301491985,0.47394464350717413
O9161_Batch2,E2,E2,True,0.9645497095637924,24_9_16,Batch2,D2,-2.52806337833817,-3.48119406995257,0.006061152955881657,0.9645497095637924,0.0025018902032460516,0.02605777050612725,0.0008294767709525886
O9163_Batch2,E5,E5,True,0.584554809779549,24_9_16,Batch2,,1.8873968615659,14.1353538919503,0.033976980835853945,0.021285190437610957,0.08208447819961474,0.2780985407473716,0.584554809779549
O9191_Batch2,E1,E1,True,0.8402680178610629,24_9_19,Batch2,D1,7.60458126467596,-7.35996109354772,0.8402680178610629,0.11260506116216656,0.007171166418192939,0.036235978312449985,0.0037197762461278084
O9192_Batch2,E1,E1,True,0.9765076419409168,24_9_19,Batch2,D2,-0.893467470263279,-13.7647555942413,0.9765076419409168,0.014780368462116158,0.003616853228672117,0.0018630589012760732,0.0032320774670184767
O9204_Batch2,E4,E1,False,0.3685006637820536,24_9_20,Batch2,,6.85328442723169,0.122975223668739,0.3685006637820536,0.18547864310817977,0.06280858847674921,0.2783601928855422,0.10485191174747496
O9206_Batch2,E2,E2,True,0.8435480579319738,24_9_20,Batch2,D1,-4.52104727991545,5.10548070687379,0.005998541207281926,0.8435480579319738,0.10230445884394879,0.04571095256533953,0.0024379894514558317
O9231_Batch2,E1,E1,True,0.9910005754676763,24_9_23,Batch2,D1,0.667931001151908,-12.7639924535271,0.9910005754676763,0.004874327051796056,0.001579876783128484,0.0011411764152739813,0.0014040442821251248
O9232_Batch2,E1,E1,True,0.8116816250376063,24_9_23,Batch2,D1,-1.81280589839956,-10.5522696949104,0.8116816250376063,0.1712257464053795,0.006886462973465472,0.005802434087022625,0.004403731496526107
O9241_Batch2,E3,E3,True,0.8073244940074024,24_9_24,Batch2,D2,-2.56732417964264,12.3264958524745,0.00537864578059433,0.0019109695499333575,0.8073244940074024,0.18143077107815878,0.003955119583911226
O9242_Batch2,E2,E1,False,0.5489663025350127,24_9_24,Batch2,D2,-0.0038835485865789,-5.84907229475392,0.5489663025350127,0.432629961588742,0.0031905176594128476,0.01314912726766827,0.002064090949164193
O9243_Batch2,E5,E5,True,0.9864307388147061,24_9_24,Batch2,D1,1.11337729449111,16.8639705801667,0.0035815326213911856,0.0022617507739762337,0.00252594855379846,0.005200029236127838,0.9864307388147061
O9244_Batch2,E1,E1,True,0.9248640621757827,24_9_24,Batch2,D1,2.89992399846922,-17.1659432912066,0.9248640621757827,0.0215182565821223,0.012480293327604254,0.0194123394703093,0.021725048444181435
O9267_Batch2,E2,E2,True,0.49599345274476986,24_9_26,Batch2,D2,3.24843038989495,4.03900067353609,0.014250352682614618,0.49599345274476986,0.0392738112222887,0.4327309127454428,0.0177514706048839
O9271_Batch2,E4,E4,True,0.7366104805251691,24_9_27,Batch2,D2,3.07914742021566,7.99522101593198,0.004373494014479041,0.09684389972123686,0.1582030884841361,0.7366104805251691,0.003969037254978967
O9275_Batch2,E2,E2,True,0.9811543720334428,24_9_27,Batch2,D2,-8.02832218674595,-1.82273614661396,0.0030850516913205877,0.9811543720334428,0.00588968151195991,0.008558462931536025,0.001312431831740677
O935_Batch2,E1,E1,True,0.9925664566822316,24_9_3,Batch2,D1,0.98686676482775,-14.2671006680013,0.9925664566822316,0.002039544718106641,0.0021098897407067054,0.0012296954439081247,0.0020544134150468994
O993_Batch2,E2,E2,True,0.8286546343524489,24_9_9,Batch2,D1,-7.70229178891607,-4.10323817116228,0.15523178200149865,0.8286546343524489,0.004206104831274284,0.0064032533285142456,0.0055042254862642005
