NPC,K,ARI
2,2,0.3155925349441113
2,3,0.32849289246625657
2,4,0.37138875916097247
2,5,0.29610009054559955
2,6,0.37730799037532353
2,7,0.36623223048083636
2,8,0.3840881182542524
3,2,0.24185185549650987
3,3,0.5902337974705733
3,4,0.6141945207315201
3,5,0.6250145712778004
3,6,0.503496868756232
3,7,0.5201080197408997
3,8,0.4622488647852022
4,2,0.2654239342167446
4,3,0.4019410929148058
4,4,0.4364695037127774
4,5,0.4071303219468198
4,6,0.4335008522196022
4,7,0.3531160464689384
4,8,0.3714681598248825
5,2,0.24713682907193602
5,3,0.3270600330817316
5,4,0.4486625457482581
5,5,0.45896805556295384
5,6,0.5325170129815081
5,7,0.40669875032254516
5,8,0.4310936410310336
6,2,0.23024772078329608
6,3,0.4228794553162976
6,4,0.4261729212127548
6,5,0.3862051043512981
6,6,0.407678891216418
6,7,0.3549920399492341
6,8,0.37129962681019063
7,2,0.27888116986307343
7,3,0.5307220217569127
7,4,0.5512156220985005
7,5,0.5589654774428873
7,6,0.576715659011683
7,7,0.49528709911215
7,8,0.3936372958002249
8,2,0.20030356775489092
8,3,0.2900237386471438
8,4,0.4658652965868805
8,5,0.41673374872254043
8,6,0.44435281337966254
8,7,0.376088814268525
8,8,0.3790298520028683
9,2,0.2743801196093772
9,3,0.3790043585248181
9,4,0.4349408094404699
9,5,0.4338564998011416
9,6,0.4711102746292126
9,7,0.42569276336234524
9,8,0.38793235456264064
10,2,0.23093237074092632
10,3,0.3840331388539982
10,4,0.43488196470367096
10,5,0.44619731128500906
10,6,0.385938418301696
10,7,0.3962194004264237
10,8,0.3092120878494497
