Feature,mean,std,median
M_soma_aspect_ratio,0.9156105800199649,0.14939254172987665,1.0
M_total_number_of_neurites,0.5558939169282091,0.22057967335291545,0.5447211327056537
M_soma_circularity_index,0.5076998332024018,0.3256288925722913,0.5631696793162784
M_Number_of_bifurcation_points,0.4265337446236319,0.2341559619551639,0.41364617342703736
M_Maximum_branch_order,0.33649363261830084,0.17321196211953524,0.34238897560996784
M_Total_neurite_length_(sections),0.18867003449468606,0.1664360329113622,0.16143105217235568
M_trunk_angle_max,0.1646350974446045,0.1340219892298366,0.14289055539738224
M_trunk_angle_min,0.09929597938711353,0.11159649689316814,0.0615648145841652
M_cell_max_radial_dist,0.06935633714681304,0.08887619906824192,0.006520102562884915
M_basal_dendrite_avg_tortuosity,0.021425725750108423,0.04326688877361486,0.0
