"Circular_leaf_order","MSN_unique_ID","M_class","GC_as_M_class","HC_GC_consensus"
1,"A20256163_Batch7","M1","M1",TRUE
2,"J5227_Batch6","M1","M1",TRUE
3,"O9242_Batch2","M1","M1",TRUE
4,"A20257178_Batch7","M1","M1",TRUE
5,"A20256303_Batch7","M1","M1",TRUE
6,"A20256263_Batch7","M1","M1",TRUE
7,"M3214_Batch5","M1","M1",TRUE
8,"M491_Batch5","M1","M1",TRUE
9,"D25995_Batch8","M1","M1",TRUE
10,"J5192_Batch6","M1","M1",TRUE
11,"M12132_Batch5","M1","M1",TRUE
12,"A20256206_Batch7","M1","M1",TRUE
13,"M1275_Batch5","M1","M1",TRUE
14,"A20256202_Batch7","M1","M1",TRUE
15,"M1276_Batch5","M1","M1",TRUE
16,"O8204_Batch2","M1","M1",TRUE
17,"M2121_Batch5","M1","M1",TRUE
18,"M497_Batch5","M1","M1",TRUE
19,"A11274_Batch4","M1","M4",FALSE
20,"A10163_Batch4","M1","M1",TRUE
21,"A20256177_Batch7","M1","M1",TRUE
22,"A20257186_Batch7","M1","M1",TRUE
23,"D251022_Batch8","M1","M1",TRUE
24,"M496_Batch5","M1","M1",TRUE
25,"M4252_Batch5","M1","M1",TRUE
26,"D258224_Batch8","M1","M1",TRUE
27,"M4225_Batch5","M1","M1",TRUE
28,"M4231_Batch5","M1","M1",TRUE
29,"D258182_Batch8","M1","M1",TRUE
30,"D259164_Batch8","M1","M1",TRUE
31,"D251075_Batch8","M1","M1",TRUE
32,"M4155_Batch5","M1","M1",TRUE
33,"D25993_Batch8","M1","M1",TRUE
34,"M4172_Batch5","M1","M1",TRUE
35,"O8211_Batch2","M1","M1",TRUE
36,"M234_Batch5","M1","M1",TRUE
37,"A20256116_Batch7","M1","M1",TRUE
38,"M498_Batch5","M1","M1",TRUE
39,"M3124_Batch5","M1","M1",TRUE
40,"J10156_Batch3","M1","M1",TRUE
41,"M4114_Batch5","M1","M1",TRUE
42,"A2025795_Batch7","M1","M1",TRUE
43,"M342_Batch5","M1","M1",TRUE
44,"A2025781_Batch7","M1","M1",TRUE
45,"D25953_Batch8","M1","M1",TRUE
46,"M4116_Batch5","M1","M1",TRUE
47,"A10243_Batch4","M1","M1",TRUE
48,"D251027_Batch8","M1","M1",TRUE
49,"M4173_Batch5","M1","M1",TRUE
50,"M3266_Batch5","M1","M1",TRUE
51,"D251081_Batch8","M1","M1",TRUE
52,"M4113_Batch5","M1","M1",TRUE
53,"J10145_Batch3","M1","M1",TRUE
54,"J10147_Batch3","M1","M1",TRUE
55,"M2103_Batch5","M1","M1",TRUE
56,"M4164_Batch5","M1","M1",TRUE
57,"M417_Batch5","M1","M1",TRUE
58,"M272_Batch5","M1","M1",TRUE
59,"M4248_Batch5","M1","M1",TRUE
60,"M1293_Batch5","M1","M1",TRUE
61,"D25952_Batch8","M1","M1",TRUE
62,"M251_Batch5","M1","M1",TRUE
63,"D251172_Batch8","M1","M1",TRUE
64,"O8273_Batch2","M1","M1",TRUE
65,"D25992_Batch8","M1","M1",TRUE
66,"D251064_Batch8","M1","M1",TRUE
67,"D25943_Batch8","M1","M1",TRUE
68,"M483_Batch5","M2","M2",TRUE
69,"D2510215_Batch8","M2","M2",TRUE
70,"D259122_Batch8","M2","M2",TRUE
71,"A10167_Batch4","M2","M2",TRUE
72,"M3111_Batch5","M2","M2",TRUE
73,"A11156_Batch4","M2","M2",TRUE
74,"M3282_Batch5","M2","M2",TRUE
75,"M4176_Batch5","M2","M2",TRUE
76,"J5164_Batch6","M2","M2",TRUE
77,"M421_Batch5","M2","M2",TRUE
78,"M4243_Batch5","M2","M2",TRUE
79,"D259162_Batch8","M2","M2",TRUE
80,"J1082_Batch3","M2","M2",TRUE
81,"M354_Batch5","M2","M2",TRUE
82,"D251072_Batch8","M2","M2",TRUE
83,"D259161_Batch8","M2","M2",TRUE
84,"M2255_Batch5","M2","M2",TRUE
85,"A2025717_Batch7","M2","M2",TRUE
86,"A20256173_Batch7","M2","M2",TRUE
87,"D251033_Batch8","M2","M2",TRUE
88,"D251174_Batch8","M2","M2",TRUE
89,"D251162_Batch8","M2","M2",TRUE
90,"J10141_Batch3","M2","M2",TRUE
91,"M4237_Batch5","M3","M3",TRUE
92,"M253_Batch5","M3","M3",TRUE
93,"M414_Batch5","M3","M3",TRUE
94,"A2025654_Batch7","M3","M3",TRUE
95,"M4115_Batch5","M3","M3",TRUE
96,"M4167_Batch5","M3","M3",TRUE
97,"A2025796_Batch7","M3","M3",TRUE
98,"J1022_Batch3","M3","M3",TRUE
99,"M4182_Batch5","M3","M3",TRUE
100,"A20256164_Batch7","M3","M3",TRUE
101,"A20256274_Batch7","M3","M4",FALSE
102,"A20257151_Batch7","M3","M3",TRUE
103,"J5161_Batch6","M3","M3",TRUE
104,"M3122_Batch5","M3","M3",TRUE
105,"D258155_Batch8","M3","M3",TRUE
106,"J1074_Batch3","M3","M3",TRUE
107,"M484_Batch5","M3","M3",TRUE
108,"M472_Batch5","M3","M3",TRUE
109,"O8244_Batch2","M3","M3",TRUE
110,"A2025716_Batch7","M3","M3",TRUE
111,"M4181_Batch5","M3","M3",TRUE
112,"A20257174_Batch7","M3","M3",TRUE
113,"M3263_Batch5","M3","M3",TRUE
114,"A2025644_Batch7","M3","M3",TRUE
115,"M1164_Batch5","M3","M3",TRUE
116,"M1175_Batch5","M3","M3",TRUE
117,"A2025794_Batch7","M3","M3",TRUE
118,"M3285_Batch5","M3","M3",TRUE
119,"A2025653_Batch7","M3","M3",TRUE
120,"M4179_Batch5","M3","M3",TRUE
121,"A20256307_Batch7","M3","M3",TRUE
122,"A2025647_Batch7","M3","M3",TRUE
123,"A2025735_Batch7","M3","M3",TRUE
124,"J5195_Batch6","M3","M3",TRUE
125,"J10114_Batch3","M3","M3",TRUE
126,"J5146_Batch6","M3","M3",TRUE
127,"J10104_Batch3","M3","M3",TRUE
128,"J5214_Batch6","M3","M3",TRUE
129,"M362_Batch5","M3","M3",TRUE
130,"A20256171_Batch7","M3","M3",TRUE
131,"J5205_Batch6","M3","M3",TRUE
132,"A10162_Batch4","M3","M3",TRUE
133,"A1174_Batch4","M3","M3",TRUE
134,"J4241_Batch6","M3","M3",TRUE
135,"D259101_Batch8","M3","M3",TRUE
136,"D251171_Batch8","M3","M3",TRUE
137,"O8221_Batch2","M3","M3",TRUE
138,"M3273_Batch5","M3","M3",TRUE
139,"M4185_Batch5","M3","M3",TRUE
140,"M416_Batch5","M3","M3",TRUE
141,"M4246_Batch5","M3","M3",TRUE
142,"M431_Batch5","M3","M3",TRUE
143,"O8233_Batch2","M3","M3",TRUE
144,"A10184_Batch4","M3","M3",TRUE
145,"J4281_Batch6","M3","M3",TRUE
146,"A2025656_Batch7","M3","M3",TRUE
147,"D251076_Batch8","M3","M3",TRUE
148,"J5191_Batch6","M3","M3",TRUE
149,"J4235_Batch6","M3","M3",TRUE
150,"A11126_Batch4","M3","M3",TRUE
151,"A10161_Batch4","M3","M3",TRUE
152,"M4253_Batch5","M3","M3",TRUE
153,"O9161_Batch2","M4","M4",TRUE
154,"A20256117_Batch7","M4","M4",TRUE
155,"J5223_Batch6","M4","M4",TRUE
156,"A11181_Batch4","M4","M4",TRUE
157,"M4112_Batch5","M4","M4",TRUE
158,"D2510232_Batch8","M4","M4",TRUE
159,"A20256113_Batch7","M4","M4",TRUE
160,"A20257171_Batch7","M4","M4",TRUE
161,"J4285_Batch6","M4","M4",TRUE
162,"A20257156_Batch7","M4","M4",TRUE
163,"J10153_Batch3","M4","M4",TRUE
164,"M4186_Batch5","M4","M4",TRUE
165,"O1013_Batch2","M4","M4",TRUE
166,"M2253_Batch5","M4","M3",FALSE
167,"M3272_Batch5","M4","M3",FALSE
168,"M266_Batch5","M4","M3",FALSE
169,"A20257172_Batch7","M4","M4",TRUE
170,"A2025784_Batch7","M4","M4",TRUE
171,"A11186_Batch4","M4","M4",TRUE
172,"D259121_Batch8","M4","M4",TRUE
173,"J5167_Batch6","M4","M4",TRUE
174,"M3311_Batch5","M4","M4",TRUE
175,"O935_Batch2","M4","M4",TRUE
176,"A20256162_Batch7","M4","M4",TRUE
177,"M42210_Batch5","M4","M4",TRUE
178,"J4283_Batch6","M4","M2",FALSE
179,"J5216_Batch6","M4","M4",TRUE
180,"M332_Batch5","M4","M4",TRUE
181,"M4178_Batch5","M4","M4",TRUE
182,"J10152_Batch3","M4","M4",TRUE
183,"M3271_Batch5","M4","M4",TRUE
184,"A2025731_Batch7","M4","M4",TRUE
185,"M1296_Batch5","M4","M4",TRUE
186,"A11114_Batch4","M4","M4",TRUE
187,"A20257152_Batch7","M4","M4",TRUE
