MSN_unique_ID,M_class,Bootstrap_sampled_n,Bootstrap_label_recovery,Mean_within_M_coassignment,Maximum_other_M_coassignment,Cellwise_stability_margin,Stability_status,Heatmap_order
D258224_Batch8,M1,400,1.0,0.6850551960047842,0.04199062447411918,0.643064571530665,high,50
M496_Batch5,M1,413,1.0,0.637159406226679,0.04271369490458424,0.5944457113220948,high,46
D251022_Batch8,M1,409,0.9975550122249389,0.6438791486673225,0.03715276586240327,0.6067263828049193,high,49
M4252_Batch5,M1,397,0.9974811083123426,0.6528509739382795,0.04327918529406971,0.6095717886442098,high,47
M4225_Batch5,M1,394,0.9974619289340102,0.6475816376696568,0.038510838856044595,0.6090707988136123,high,48
A20256303_Batch7,M1,402,0.9776119402985075,0.625744326235608,0.04586764743510083,0.5798766788005072,high,45
A20256263_Batch7,M1,397,0.9370277078085643,0.6230381259926999,0.08133328811595379,0.5417048378767462,high,54
J5192_Batch6,M1,422,0.933649289099526,0.6393302365339086,0.08310892069497848,0.5562213158389302,high,52
M3214_Batch5,M1,396,0.9267676767676768,0.6299381322644384,0.08253605436594881,0.5474020778984896,high,53
D25995_Batch8,M1,410,0.9243902439024391,0.6312364842911082,0.08664784803077608,0.5445886362603322,high,51
M491_Batch5,M1,422,0.9241706161137441,0.6334486742799273,0.08734931719968189,0.5460993570802455,high,55
M12132_Batch5,M1,398,0.9195979899497487,0.6480684590045437,0.0857145023303219,0.5623539566742217,high,59
A20256206_Batch7,M1,386,0.9119170984455959,0.6305769652945045,0.09803533864163984,0.5325416266528646,high,57
D25953_Batch8,M1,417,0.9016786570743405,0.670544476768285,0.08185552080505408,0.5886889559632309,high,44
A20256202_Batch7,M1,400,0.9,0.6605374405989776,0.09307288215071166,0.5674645584482659,high,56
M1275_Batch5,M1,398,0.8944723618090452,0.6385267283611515,0.09893410080864623,0.5395926275525054,intermediate,58
M1276_Batch5,M1,403,0.8933002481389578,0.6413210185429594,0.0966105153100539,0.5447105032329055,intermediate,60
A2025781_Batch7,M1,403,0.8858560794044665,0.6769915037303263,0.11092737351388748,0.5660641302164389,intermediate,41
M4116_Batch5,M1,396,0.8535353535353535,0.6966260665529939,0.13277682312456632,0.5638492434284276,intermediate,42
A20257178_Batch7,M1,408,0.8186274509803921,0.5825625977355363,0.17031894319348406,0.41224365454205225,intermediate,43
A20256163_Batch7,M1,404,0.801980198019802,0.5602735693385169,0.10706373803064394,0.45320983130787296,intermediate,38
A2025795_Batch7,M1,409,0.7310513447432763,0.7213921685606687,0.2623429253649075,0.4590492431957612,low,26
D258182_Batch8,M1,403,0.7245657568238213,0.7072436576555902,0.27077254546239876,0.4364711121931914,low,18
M234_Batch5,M1,397,0.7103274559193955,0.7162647517454923,0.2805531850738084,0.4357115666716839,low,29
A20256116_Batch7,M1,394,0.7081218274111675,0.7259201209294225,0.28462276521933466,0.4412973557100878,low,30
M4113_Batch5,M1,404,0.7079207920792079,0.722847284688828,0.28696548267942024,0.43588180200940774,low,34
D251027_Batch8,M1,416,0.6995192307692307,0.7179068798830144,0.29568888076835553,0.42221799911465885,low,32
O9242_Batch2,M1,392,0.6989795918367347,0.4956092089621453,0.16204356463959535,0.3335656443225499,low,40
J5227_Batch6,M1,395,0.6987341772151898,0.48200953696748405,0.20576978953502698,0.27623974743245705,low,39
M498_Batch5,M1,403,0.6923076923076923,0.7225822540024079,0.30056011239371605,0.4220221416086919,low,31
M342_Batch5,M1,400,0.6875,0.7076237607984294,0.2807420011309619,0.42688175966746744,low,23
M4114_Batch5,M1,415,0.6867469879518072,0.7105524327570131,0.295131634013332,0.4154207987436811,low,24
D251081_Batch8,M1,405,0.6864197530864198,0.7185062989785957,0.3076852564881712,0.41082104249042456,low,33
M4173_Batch5,M1,394,0.6852791878172588,0.7156632853163186,0.3088671405333581,0.4067961447829605,low,28
A10243_Batch4,M1,401,0.6758104738154613,0.7153751962094731,0.3178261805256946,0.3975490156837785,low,27
A10163_Batch4,M1,394,0.6649746192893401,0.5404994861826833,0.3015486237958629,0.2389508623868204,low,66
M497_Batch5,M1,403,0.6600496277915633,0.536010128021734,0.31799596136793296,0.21801416665380102,low,64
J10156_Batch3,M1,392,0.6581632653061225,0.7050858602566592,0.32603660350551344,0.37904925675114576,low,25
D25993_Batch8,M1,397,0.6347607052896725,0.7020641734559763,0.3534179600233688,0.3486462134326075,low,22
A20256177_Batch7,M1,400,0.62,0.5236229362525547,0.3468490226555186,0.17677391359703615,low,65
A20257186_Batch7,M1,393,0.6157760814249363,0.5191026510515541,0.3452441049307096,0.17385854612084445,low,67
M3266_Batch5,M1,391,0.6112531969309463,0.7002205487426911,0.3849782900696494,0.31524225867304173,low,21
M4155_Batch5,M1,389,0.6041131105398457,0.6799812338405505,0.3769644242612507,0.30301680957929983,low,19
D251075_Batch8,M1,395,0.5873417721518988,0.6898591306400195,0.4066739749079737,0.2831851557320458,low,20
M2121_Batch5,M1,401,0.5860349127182045,0.5029819835585326,0.3693112239278567,0.13367075963067593,low,63
D259164_Batch8,M1,399,0.5614035087719298,0.6655044529151083,0.4299620311043935,0.23554242181071477,low,16
M3124_Batch5,M1,419,0.5536992840095465,0.6196948430195011,0.31872655642038145,0.3009682865991196,low,35
O8211_Batch2,M1,413,0.4406779661016949,0.5699699356899197,0.4150423270532572,0.1549276086366625,low,37
M272_Batch5,M1,402,0.4228855721393035,0.615741502843693,0.5684896704039962,0.04725183243969677,low,11
M4172_Batch5,M1,407,0.4226044226044226,0.5583883643301228,0.4286865860578054,0.12970177827231744,low,36
M2103_Batch5,M1,405,0.40987654320987654,0.6091722547429663,0.5807460916778691,0.028426163065097265,low,2
M4248_Batch5,M1,408,0.40931372549019607,0.5966720790515384,0.5804373942163705,0.01623468483516788,low,10
O8204_Batch2,M1,401,0.4089775561097257,0.4420176025756288,0.4719229177927195,-0.029905315217090722,low,62
M417_Batch5,M1,412,0.4077669902912621,0.606092397412543,0.5851419160282681,0.0209504813842748,low,3
D251172_Batch8,M1,385,0.4051948051948052,0.6029026841834755,0.588425308269793,0.014477375913682478,low,12
D25992_Batch8,M1,389,0.40359897172236503,0.6042030318072896,0.5866247412676132,0.01757829053967641,low,5
M251_Batch5,M1,414,0.4033816425120773,0.597325661063196,0.5888931088182425,0.008432552244953428,low,8
D25952_Batch8,M1,404,0.400990099009901,0.605526644258036,0.5921031027508121,0.013423541507223913,low,13
D251064_Batch8,M1,403,0.39950372208436724,0.5955443074343545,0.5915663726031029,0.003977934831251639,low,6
M4231_Batch5,M1,408,0.39705882352941174,0.5691416253708216,0.5695314462635194,-0.00038982089269778974,low,17
O8273_Batch2,M1,406,0.39655172413793105,0.5954142776879786,0.5967224156472725,-0.0013081379592938536,low,4
M4164_Batch5,M1,385,0.3948051948051948,0.6006113604017074,0.5961333497906683,0.004478010611039029,low,9
D25943_Batch8,M1,392,0.375,0.583109474413868,0.6132035216160477,-0.030094047202179786,low,7
J10147_Batch3,M1,399,0.37092731829573933,0.5820705343425386,0.6166042539670478,-0.03453371962450913,low,1
M1293_Batch5,M1,394,0.2918781725888325,0.5202656216632949,0.6986010957696313,-0.17833547410633632,low,15
A11274_Batch4,M1,406,0.29064039408866993,0.2952162336739718,0.5573767108617443,-0.2621604771877725,low,61
J10145_Batch3,M1,406,0.2857142857142857,0.5102758051474946,0.7003578571059642,-0.1900820519584696,low,14
A2025717_Batch7,M2,386,1.0,0.7507041784364447,0.012682769687822512,0.7380214087486221,high,75
D251072_Batch8,M2,408,1.0,0.7665917491071678,0.013331392875217233,0.7532603562319505,high,76
D259161_Batch8,M2,395,1.0,0.7375823279580899,0.013296461549929977,0.7242858664081598,high,74
J10141_Batch3,M2,410,1.0,0.7524790635784,0.013294612338182528,0.7391844512402175,high,73
M2255_Batch5,M2,377,1.0,0.7413975496773205,0.012627454989804568,0.728770094687516,high,72
D251162_Batch8,M2,382,0.9947643979057592,0.7343704196356302,0.013323877757187144,0.7210465418784431,high,71
A20256173_Batch7,M2,382,0.9895287958115183,0.7562449721442467,0.01670844985655906,0.7395365222876876,high,69
D251033_Batch8,M2,389,0.9845758354755784,0.7673704928699564,0.022693943726927866,0.7446765491430285,high,70
D251174_Batch8,M2,403,0.890818858560794,0.7070422859212271,0.08927728610103515,0.617764999820192,intermediate,68
D259162_Batch8,M2,403,0.826302729528536,0.8211023559525078,0.17858563483988432,0.6425167211126235,intermediate,85
J1082_Batch3,M2,414,0.7681159420289855,0.8206216034361421,0.23022472594214588,0.5903968774939963,low,86
M354_Batch5,M2,401,0.7481296758104738,0.8203807529180911,0.25271450102860077,0.5676662518894904,low,87
J5164_Batch6,M2,402,0.6965174129353234,0.8045813482694442,0.30127587371896025,0.5033054745504839,low,89
M421_Batch5,M2,392,0.6836734693877551,0.8037369231825623,0.31346371054418243,0.49027321263837986,low,90
M4243_Batch5,M2,404,0.6806930693069307,0.7969361499265882,0.3150531791190303,0.48188297080755793,low,88
M483_Batch5,M2,395,0.6683544303797468,0.7676976959453099,0.25956170270728707,0.5081359932380228,low,84
M3282_Batch5,M2,398,0.628140703517588,0.7700608102578024,0.37006338024952423,0.39999743000827814,low,82
M4176_Batch5,M2,395,0.5822784810126582,0.7459387464811804,0.4112332336753029,0.3347055128058775,low,83
D2510215_Batch8,M2,409,0.5721271393643031,0.7258702445499231,0.4141603618840328,0.3117098826658903,low,80
A10167_Batch4,M2,411,0.5352798053527981,0.7031740370078648,0.42845831142704194,0.2747157255808229,low,79
A11156_Batch4,M2,418,0.5119617224880383,0.6798160526435026,0.4793889237198516,0.20042712892365105,low,81
D259122_Batch8,M2,402,0.4925373134328358,0.6660554998970025,0.4715091950874806,0.1945463048095219,low,78
M3111_Batch5,M2,398,0.4623115577889447,0.5920306378530698,0.3360349129917175,0.25599572486135225,low,77
A10161_Batch4,M3,393,1.0,0.9653849903468715,0.2652321155142363,0.7001528748326352,high,136
A10162_Batch4,M3,412,1.0,0.9637601931918652,0.258526050466031,0.7052341427258342,high,137
A10184_Batch4,M3,400,1.0,0.963576410371482,0.2657934585522205,0.6977829518192615,high,135
A11126_Batch4,M3,400,1.0,0.9669003778481161,0.2609582742055127,0.7059421036426035,high,134
A1174_Batch4,M3,407,1.0,0.966282366930437,0.2546021797197297,0.7116801872107072,high,133
A2025644_Batch7,M3,397,1.0,0.9654976394215548,0.2591747551890283,0.7063228842325264,high,132
A2025656_Batch7,M3,397,1.0,0.9640334250735075,0.2630053650069176,0.7010280600665899,high,139
A2025735_Batch7,M3,395,1.0,0.9675274029880855,0.2658257031032715,0.701701699884814,high,147
D251076_Batch8,M3,399,1.0,0.9649809062538087,0.26484918328991686,0.7001317229638919,high,128
J10104_Batch3,M3,403,1.0,0.9653714265816175,0.25890314719351615,0.7064682793881013,high,119
J10114_Batch3,M3,391,1.0,0.9630793314833416,0.24320452446914173,0.7198748070141998,high,141
J4241_Batch6,M3,405,1.0,0.9671701000873931,0.270689386312259,0.6964807137751341,high,127
J4281_Batch6,M3,408,1.0,0.9625942026389174,0.2581164505589175,0.7044777520799999,high,146
J5146_Batch6,M3,409,1.0,0.9649472242198428,0.2572127923808134,0.7077344318390294,high,140
J5191_Batch6,M3,391,1.0,0.9678771383417991,0.26945835219839337,0.6984187861434057,high,123
J5195_Batch6,M3,397,1.0,0.9648007930903617,0.27030438259533013,0.6944964104950315,high,125
J5205_Batch6,M3,398,1.0,0.964886292215941,0.2511435446648518,0.7137427475510892,high,145
M1175_Batch5,M3,399,1.0,0.9655287533084088,0.2591695321851558,0.706359221123253,high,138
M3273_Batch5,M3,409,1.0,0.965370344229893,0.261778922868013,0.7035914213618799,high,144
M362_Batch5,M3,409,1.0,0.9653722684278956,0.2667094212713968,0.6986628471564988,high,143
M416_Batch5,M3,399,1.0,0.9684545756022257,0.27061399320852725,0.6978405823936984,high,148
M4185_Batch5,M3,388,1.0,0.9643245272757863,0.27105378081912157,0.6932707464566648,high,142
M4246_Batch5,M3,413,1.0,0.9668052815990326,0.2622286338385296,0.7045766477605029,high,131
M4253_Batch5,M3,400,1.0,0.9637675171976651,0.25430404836427534,0.7094634688333897,high,130
O8221_Batch2,M3,396,1.0,0.9644155026262202,0.2675496351567294,0.6968658674694908,high,129
M1164_Batch5,M3,406,0.9975369458128078,0.9624434085814931,0.25449316059797805,0.7079502479835151,high,124
A2025653_Batch7,M3,403,0.9975186104218362,0.962358510718371,0.25978212454327276,0.7025763861750982,high,126
O8233_Batch2,M3,399,0.9974937343358395,0.9635932421395585,0.2642887053851605,0.699304536754398,high,150
M4167_Batch5,M3,392,0.9974489795918368,0.9653829586972384,0.27484358280110166,0.6905393758961368,high,149
J5214_Batch6,M3,376,0.9973404255319149,0.9645412254914327,0.26575748043750824,0.6987837450539245,high,121
J4235_Batch6,M3,398,0.9949748743718593,0.9610697444195897,0.2613082471261366,0.6997614972934532,high,120
A20256171_Batch7,M3,395,0.9949367088607595,0.9631870203982483,0.260761107841445,0.7024259125568033,high,122
A2025654_Batch7,M3,395,0.9949367088607595,0.9603500935865076,0.26508647078785524,0.6952636227986524,high,118
M414_Batch5,M3,402,0.9875621890547264,0.9589003543147094,0.26917566007048604,0.6897246942442234,high,116
M4179_Batch5,M3,412,0.9854368932038835,0.9579487985976144,0.2625727089460778,0.6953760896515366,high,117
M3263_Batch5,M3,411,0.9854014598540146,0.9572803307794711,0.26564227783501965,0.6916380529444515,high,114
D259101_Batch8,M3,396,0.9823232323232324,0.9497515731030799,0.2806982155306369,0.669053357572443,high,113
M253_Batch5,M3,396,0.9823232323232324,0.9545841937051844,0.26508626840775934,0.6894979252974252,high,115
M431_Batch5,M3,412,0.9805825242718447,0.9499729374964858,0.2719913869168779,0.6779815505796079,high,152
A20257174_Batch7,M3,417,0.9688249400479616,0.9476865624715394,0.25805509153075673,0.6896314709407827,high,111
M4237_Batch5,M3,394,0.9644670050761421,0.9408793508754362,0.28316970066952885,0.6577096502059073,high,151
O8244_Batch2,M3,403,0.9627791563275434,0.9450360907922624,0.24596604333262265,0.6990700474596397,high,110
M4181_Batch5,M3,404,0.9603960396039604,0.9435343133156902,0.2631436791265465,0.6803906341891437,high,112
A20256307_Batch7,M3,399,0.9598997493734336,0.9348482307542899,0.259107339826526,0.6757408909277639,high,107
J5161_Batch6,M3,395,0.959493670886076,0.9408362310186618,0.2554360430888246,0.6854001879298371,high,102
A2025716_Batch7,M3,405,0.9555555555555556,0.9365553797296522,0.2505776819527352,0.685977697776917,high,108
M472_Batch5,M3,418,0.9545454545454546,0.9364485943381423,0.24975666529586701,0.6866919290422753,high,109
D251171_Batch8,M3,411,0.9537712895377128,0.9220494050511376,0.2980685704436091,0.6239808346075285,high,106
M3122_Batch5,M3,408,0.946078431372549,0.931424769704721,0.2781401224788175,0.6532846472259035,high,101
M4115_Batch5,M3,402,0.9378109452736318,0.9191789255285242,0.28317536010741196,0.6360035654211122,high,97
A20257151_Batch7,M3,390,0.9358974358974359,0.9232801215411587,0.27052554048101185,0.6527545810601468,high,103
M484_Batch5,M3,415,0.9301204819277108,0.9166707916806753,0.2694102085087502,0.6472605831719251,high,105
D258155_Batch8,M3,416,0.9230769230769231,0.9072840381350863,0.2711185260761569,0.6361655120589293,high,100
J1074_Batch3,M3,393,0.9211195928753181,0.9119825230426507,0.2808930895511064,0.6310894334915442,high,104
A2025794_Batch7,M3,406,0.9064039408866995,0.8809429572909981,0.26797057482193537,0.6129723824690627,high,94
J1022_Batch3,M3,401,0.8927680798004988,0.8811817612566337,0.2973341157288299,0.5838476455278039,intermediate,99
A2025796_Batch7,M3,398,0.8819095477386935,0.876001113945211,0.2817990963171165,0.5942020176280944,intermediate,98
A2025647_Batch7,M3,405,0.8814814814814815,0.8570810288563773,0.3263796397557374,0.5307013891006398,intermediate,96
A20256164_Batch7,M3,390,0.8435897435897436,0.840166624672632,0.3263183018143151,0.5138483228583169,intermediate,92
M3285_Batch5,M3,414,0.8357487922705314,0.8220476202497025,0.3424457011093456,0.4796019191403569,intermediate,95
M4182_Batch5,M3,407,0.8083538083538083,0.8092725151808775,0.34438469639284214,0.46488781878803537,intermediate,93
A20256274_Batch7,M3,417,0.7218225419664268,0.7273599599052701,0.43208349431192533,0.2952764655933448,low,91
M4178_Batch5,M4,429,0.9813519813519813,0.7578689358429115,0.0577909868435382,0.7000779489993733,high,172
J10152_Batch3,M4,393,0.9796437659033079,0.7585493773715501,0.05773027827801716,0.700819099093533,high,171
A20257152_Batch7,M4,415,0.9783132530120482,0.7665755639249437,0.062537753859637,0.7040378100653067,high,163
A11114_Batch4,M4,403,0.9776674937965261,0.76630509682443,0.06989421857515607,0.696410878249274,high,162
M3271_Batch5,M4,397,0.9773299748110831,0.7519600512379363,0.05724544382024925,0.6947146074176871,high,170
J5216_Batch6,M4,393,0.9770992366412213,0.7557232423580904,0.05773032889440921,0.6979929134636812,high,166
A20256162_Batch7,M4,391,0.9769820971867008,0.7668156780628843,0.05966844796287413,0.7071472301000101,high,168
O935_Batch2,M4,413,0.9757869249394673,0.7681096307346642,0.06588404826530354,0.7022255824693606,high,169
A11186_Batch4,M4,419,0.9737470167064439,0.7696053238176118,0.06297586618988094,0.7066294576277309,high,164
M3311_Batch5,M4,398,0.9723618090452262,0.7559874586539476,0.05811658443188242,0.6978708742220652,high,167
M42210_Batch5,M4,391,0.9718670076726342,0.7660947767489016,0.06282876410466388,0.7032660126442377,high,165
A2025784_Batch7,M4,386,0.9559585492227979,0.7758231255531663,0.06634723039912895,0.7094758951540374,high,161
D259121_Batch8,M4,383,0.9164490861618799,0.7430447727326085,0.09821691681563219,0.6448278559169763,high,160
A2025731_Batch7,M4,409,0.9144254278728606,0.7309101501737242,0.11399201198077215,0.616918138192952,high,158
M1296_Batch5,M4,397,0.8841309823677582,0.7403503401520555,0.12963103940126952,0.610719300750786,intermediate,159
M332_Batch5,M4,402,0.8830845771144279,0.6741335863964257,0.08551453583211818,0.5886190505643075,intermediate,157
M4186_Batch5,M4,389,0.7583547557840618,0.7644578355997752,0.23234703015005861,0.5321108054497166,low,185
A20257172_Batch7,M4,408,0.7573529411764706,0.7539462055513918,0.25189545972128474,0.5020507458301071,low,186
J5167_Batch6,M4,397,0.7329974811083123,0.7411353071450001,0.2776466266785062,0.4634886804664939,low,187
O9161_Batch2,M4,415,0.6506024096385542,0.7371205010545363,0.3330849159559684,0.4040355850985679,low,173
O1013_Batch2,M4,414,0.6111111111111112,0.724751319808452,0.3041597273953607,0.4205915924130913,low,183
J10153_Batch3,M4,393,0.6081424936386769,0.7214127774425946,0.28052822210378164,0.44088455533881293,low,178
A20256113_Batch7,M4,406,0.603448275862069,0.7295171281038028,0.3265758837120928,0.40294124439171,low,180
J5223_Batch6,M4,405,0.6,0.7238634410437305,0.3382195251924997,0.38564391585123076,low,179
A20257171_Batch7,M4,407,0.5945945945945946,0.7261503304275333,0.3194417587478339,0.40670857167969937,low,182
A20257156_Batch7,M4,388,0.5902061855670103,0.7174901706803416,0.3175899127591554,0.3999002579211862,low,177
J4285_Batch6,M4,394,0.5812182741116751,0.717220496830704,0.3478210024719926,0.3693994943587114,low,181
A11181_Batch4,M4,388,0.5567010309278351,0.698616094083506,0.342373152279928,0.356242941803578,low,175
A20256117_Batch7,M4,400,0.525,0.6385139308462251,0.46237719800903027,0.17613673283719483,low,184
M4112_Batch5,M4,398,0.5201005025125628,0.6579798023556362,0.3385761946125364,0.31940360774309984,low,176
M3272_Batch5,M4,402,0.5124378109452736,0.5682815263636745,0.48325183495212815,0.08502969141154632,low,156
D2510232_Batch8,M4,394,0.4873096446700508,0.6462172525893802,0.3938496028878622,0.25236764970151804,low,174
J4283_Batch6,M4,395,0.46835443037974683,0.3514856450730334,0.3479242025506086,0.0035614425224248514,low,153
M266_Batch5,M4,393,0.42493638676844786,0.5177307155011215,0.5690080227843075,-0.051277307283186024,low,154
M2253_Batch5,M4,390,0.4205128205128205,0.5029925939726545,0.5703425470081057,-0.06734995303545122,low,155
