cell_label,M_class,basal_dendrite_max_path_distance,basal_dendrite_max_path_distance__z,basal_dendrite_max_path_distance__scaled,basal_dendrite_bias_medial,basal_dendrite_bias_medial__z,basal_dendrite_bias_medial__scaled,basal_dendrite_max_branch_order,basal_dendrite_max_branch_order__z,basal_dendrite_max_branch_order__scaled,basal_dendrite_num_branches,basal_dendrite_num_branches__z,basal_dendrite_num_branches__scaled,basal_dendrite_total_length,basal_dendrite_total_length__z,basal_dendrite_total_length__scaled,basal_dendrite_stem_exit_MedialLateral,basal_dendrite_stem_exit_MedialLateral__z,basal_dendrite_stem_exit_MedialLateral__scaled,basal_dendrite_stem_exit_ventral,basal_dendrite_stem_exit_ventral__z,basal_dendrite_stem_exit_ventral__scaled,basal_dendrite_stem_exit_dorsal,basal_dendrite_stem_exit_dorsal__z,basal_dendrite_stem_exit_dorsal__scaled,basal_dendrite_max_euclidean_distance,basal_dendrite_max_euclidean_distance__z,basal_dendrite_max_euclidean_distance__scaled,basal_dendrite_extent_dorsal,basal_dendrite_extent_dorsal__z,basal_dendrite_extent_dorsal__scaled
Q19.26.014.11.01.04,M1,290.730982124635,0.44562264225127,0.5775137903764098,99.8324000000001,1.50055599531096,0.8580640168368305,5,-1.11416835102151,0.2,56,0.184988518650226,0.5454545454545454,5241.02750013904,0.94230571608918,0.7210435082992694,0.5,-0.687036151499391,0.37499999999999994,0.375,1.31089199033649,0.75,0.125,-0.378878950606291,0.2916666666666671,260.382136837802,1.10066789124044,0.7934754387107917,439.2045,1.57848515568112,0.8560364204359838
Q19.26.014.11.01.05,M2,248.379525573043,-0.650155752018257,0.30566923967014636,14.2017000000001,-0.585688264798848,0.1177150429531289,7,0.39535006003989,0.6,69,1.03375936892773,0.7643097643097643,5909.88627002346,1.47579676183177,0.8490568823171317,0.4,-1.1410023669401,0.25,0.4,1.42714874429547,0.8,0.2,0.141755452356089,0.46666666666666734,221.593304727399,-0.0388697810505102,0.4941847687002905,432.7523,1.48471085970672,0.8308024917627826
Q19.26.014.11.05.01,M2,273.449695601998,-0.001503901640286,0.46658906776032605,0.320833767485311,-2.17832781627756,0.0,8,1.15010926557059,0.8,77,1.55607989217543,0.898989898989899,5946.3087811815,1.50484786266376,0.8560278136310018,0.8,0.674862494822722,0.7500000000000001,0.0,-1.2302460548693,0.0,0.2,0.141755452356089,0.46666666666666734,237.31162650888,0.422902817933844,0.6154657354494395,455.791858326154,1.81956073441552,0.9209079707411509
Q19.26.014.1A.03.05,M3,291.743995363325,0.471832792041824,0.584016096345408,15.7460862390222,-0.500841150151891,0.1310675528279766,6,-0.35940914549081,0.4,63,0.642018976491959,0.6632996632996633,5613.62147486006,1.239491845899,0.7923545443360787,0.4,-1.1410023669401,0.25,0.4,1.42714874429547,0.8,0.2,0.141755452356089,0.46666666666666734,188.649627043496,-1.00668860265794,0.23999471372359074,347.003953307284,0.238470687040369,0.4954490209638427
Q19.26.019.11.03.01,M4,200.888664775233,-1.8789082773088,0.0008359997435003805,6.59536403010657,-1.138584098124,0.051951910918410456,6,-0.35940914549081,0.4,54,0.0544083878383018,0.5117845117845118,2578.35994833809,-1.18147490940913,0.2114335987920328,1.0,1.58279492570413,1.0,0.0,-1.2302460548693,0.0,0.0,-1.24660295554359,0.0,177.13499787422,-1.34496518916364,0.15114901016679794,223.746161986497,-1.55292025007657,0.013399748683836981
Q20.26.003.11.03.01,M3,266.783971819053,-0.173969188509984,0.42380327396597756,57.5768743757822,0.799760829081255,0.49272967953950386,7,0.39535006003989,0.6,47,-0.402622070003432,0.3939393939393939,4151.84254672185,0.0735566677571259,0.512583595542924,0.2,-2.0489347978215,0.0,0.4,1.42714874429547,0.8,0.4,1.53011386025577,0.9333333333333347,229.965969837039,0.207102236945666,0.5587873982227619,323.35610066567,-0.10521995069152,0.40296456189052515
Q20.26.003.11.03.03,M1,258.605536383829,-0.385573548278092,0.37130772157192227,100.094446726981,1.50413406700619,0.8603296298171038,4,-1.86892755655221,0.0,44,-0.598492266221317,0.3434343434343434,2727.19376055125,-1.06276299338958,0.2399190120469713,0.75,0.447879387102369,0.6875,0.25,0.65136179341342,0.5,0.0,-1.24660295554359,0.0,222.873171889687,-0.0012698645899272,0.5040600931090109,354.038378970726,0.340706872244407,0.5229599777612499
Q20.26.009.12.01.03,M3,272.843290196172,-0.0171937030302969,0.46269668675350534,7.09252908307684,-1.09187675832645,0.056250318344921925,7,0.39535006003989,0.6,62,0.576728911085997,0.6464646464646464,4825.31948466043,0.610731228489073,0.6414808441558622,0.5,-0.687036151499391,0.37499999999999994,0.25,0.65136179341342,0.5,0.25,0.488845054331009,0.5833333333333341,199.21596420734,-0.696270923103762,0.32152349294341115,365.646501104297,0.509415759238053,0.5683582180433767
Q21.26.009.12.01.04,M3,252.97559213443,-0.531239642711431,0.33517036551393664,56.9167839967061,0.786109163939119,0.48702264649154925,7,0.39535006003989,0.6,58,0.315568649462149,0.5791245791245792,3125.46761603341,-0.745094233974451,0.31614493943099,0.0,-2.95686722870291,0.0,0.5,1.84930140883753,1.0,0.5,2.22429306420561,1.0,218.760488928074,-0.122092197049124,0.47232705109272893,392.087739637057,0.893704610808158,0.6717673385242613
Q21.26.009.12.01.05,M1,362.405085111414,2.3000791326883,1.0,69.1833858674467,1.02273019587562,0.5930776724114903,4,-1.86892755655221,0.0,32,-1.38197305109286,0.14141414141414138,3652.64254516594,-0.324612187696145,0.4170413385131822,0.375,-1.25449392080027,0.21874999999999997,0.25,0.65136179341342,0.5,0.375,1.35656905926831,0.8750000000000012,323.952268161515,2.96823016456875,1.0,475.287008690378,2.10289727084033,0.9971516138030772
Q21.26.009.12.02.02,M1,252.702999367703,-0.538292558680193,0.33342065336161886,42.3500768440262,0.449707906620154,0.36108128792095545,5,-1.11416835102151,0.2,53,-0.0108816775676602,0.4949494949494949,3636.40228941028,-0.337565641274564,0.4139331039683106,0.727272727272727,0.344705247229482,0.6590909090909086,0.181818181818182,0.225661065621035,0.363636363636364,0.0909090909090909,-0.615530951952828,0.21212121212121238,214.402366198813,-0.25012505496876,0.4387002208773717,319.4110060942,-0.162556745271969,0.38753567948987
Q21.26.009.12.02.03,M1,259.287065522908,-0.36794003655321,0.3756823050618775,25.5900438812981,-0.0663895502628543,0.2161767944832893,6,-0.35940914549081,0.4,64,0.707309041897921,0.6801346801346801,5044.42437647447,0.785492333709222,0.6834154912410468,0.666666666666667,0.069574207568449,0.5833333333333337,0.166666666666667,0.123518640863711,0.333333333333334,0.166666666666667,-0.0896376156271913,0.38888888888889017,231.973481017163,0.266078867404285,0.5742771496141615,340.645328649238,0.146056386387293,0.4705810563810972
Q21.26.013.12.02.03,M2,245.467107965724,-0.725510050289028,0.28697508082896994,40.1070483502174,0.390565681521306,0.34168843180996666,8,1.15010926557059,0.8,75,1.4254997613635,0.8653198653198653,4465.70481581402,0.323897573335832,0.5726539270575034,0.6,-0.233069936058687,0.49999999999999994,0.2,0.344449516871383,0.4,0.2,0.141755452356089,0.46666666666666734,211.817332671644,-0.326068127447975,0.4187543659946071,333.437309709701,0.0412972497478263,0.4423911931103741
Q21.26.019.13.01.02,M2,306.919300369855,0.864470323465317,0.6814229934684208,15.4526512486565,-0.516493735896582,0.12853056207560834,5,-1.11416835102151,0.2,48,-0.33733200459747,0.41077441077441074,4606.78946734821,0.436428651156955,0.5996562227262092,1.0,1.58279492570413,1.0,0.0,-1.2302460548693,0.0,0.0,-1.24660295554359,0.0,264.662031589592,1.22640256892352,0.8264986698354564,459.468940605831,1.87300232054376,0.9352886830518141
Q21.26.021.14.07.03,M1,285.388973548295,0.307406437743048,0.5432246291633803,30.205867378542,0.0958654657923091,0.2560844466432366,7,0.39535006003989,0.6,34,-1.25139292028094,0.17508417508417506,3317.66024643053,-0.591798722289236,0.3529288289249631,0.833333333333333,0.82618456663629,0.7916666666666663,0.0,-1.2302460548693,0.0,0.166666666666667,-0.0896376156271913,0.38888888888889017,245.752269759386,0.670871896635253,0.6805928773693951,346.630753065816,0.233046709187677,0.4939894710004155
Q21.26.021.14.07.08,M2,302.387469789782,0.747216220762034,0.6523341840572001,16.9524043416311,-0.438588029171049,0.14149718109732198,7,0.39535006003989,0.6,62,0.576728911085997,0.6464646464646464,5771.32528154758,1.36527859272128,0.8225375923852488,0.833333333333333,0.82618456663629,0.7916666666666663,0.0,-1.2302460548693,0.0,0.166666666666667,-0.0896376156271913,0.38888888888889017,261.298794312966,1.12759743948164,0.8005482742406447,391.320516981274,0.882554032028572,0.668766805098067
Q21.26.023.13.03.04,M1,289.968532206116,0.425895430593083,0.5726197944572061,22.0104685405195,-0.207575969162543,0.1852283737593569,5,-1.11416835102151,0.2,37,-1.05552272406305,0.22558922558922556,3086.7828893652,-0.775949709320996,0.30874104101965255,0.6,-0.233069936058687,0.49999999999999994,0.0,-1.2302460548693,0.0,0.4,1.53011386025577,0.9333333333333347,258.682645132641,1.05074025185535,0.7803623341536039,367.585799905428,0.537600933250023,0.5759426276437866
QM22.26.003.14.02.06,M3,270.482614977106,-0.0782725208931294,0.4475440392050401,43.2615427328913,0.473081525520059,0.3689616723572765,8,1.15010926557059,0.8,58,0.315568649462149,0.5791245791245792,3769.45004270566,-0.23144490512645,0.43939721174667007,0.5,-0.687036151499391,0.37499999999999994,0.25,0.65136179341342,0.5,0.25,0.488845054331009,0.5833333333333341,222.663839444711,-0.0074196297182986,0.5024449053267779,285.589195994146,-0.6541125604532,0.25526185913970767
QM22.26.003.14.03.04,M1,297.824358648724,0.629152781953703,0.6230445917039229,20.36411064093,-0.278144658610345,0.17099423364831715,5,-1.11416835102151,0.2,46,-0.467912135409394,0.3771043771043771,4780.08005442441,0.574647630527751,0.6328224361870778,0.666666666666667,0.069574207568449,0.5833333333333337,0.166666666666667,0.123518640863711,0.333333333333334,0.166666666666667,-0.0896376156271913,0.38888888888889017,237.431657038168,0.4264290728507,0.6163918787638364,338.892324952246,0.120578768284024,0.4637252288720685
QM22.26.003.14.07.09,M1,215.532463513841,-1.50002264799756,0.09483127671539013,42.5137187544979,0.453931479494096,0.3624961090131817,6,-0.35940914549081,0.4,57,0.250278584056188,0.5622895622895623,4328.21637685522,0.21423488461857,0.5463399131699285,0.428571428571428,-1.01129773395704,0.285714285714285,0.428571428571428,1.55448151851259,0.857142857142856,0.142857142857143,-0.254918378472391,0.3333333333333341,193.483605377226,-0.864676066610326,0.2772931972200888,314.772213391251,-0.229975535745016,0.3693938109495301
QM22.26.003.14.55.04,M2,225.727293632782,-1.23624719640299,0.16026961671283746,17.9728287197594,-0.38834810265139,0.15031960274368478,10,2.65962767663199,1.0,82,1.88253021920524,0.9831649831649831,4655.47579013536,0.475261538496635,0.608974334006387,0.833333333333333,0.82618456663629,0.7916666666666663,0.0,-1.2302460548693,0.0,0.166666666666667,-0.0896376156271913,0.38888888888889017,187.22955447303,-1.04840747129587,0.22903757869388414,304.743683668847,-0.375727111080064,0.3301732034494184
QM22.26.030.14.02A.03,M1,377.79317284256,2.69822208780422,1.0,3.57507291971521,-1.48701344924341,0.025838969830596054,6,-0.35940914549081,0.4,51,-0.141461808379584,0.4612794612794613,4609.91322178997,0.438920201090688,0.6002540803961657,0.428571428571428,-1.01129773395704,0.285714285714285,0.428571428571428,1.55448151851259,0.857142857142856,0.142857142857143,-0.254918378472391,0.3333333333333341,216.122158440522,-0.199601026754592,0.4519699623028142,379.765770264694,0.714620886975756,0.6235773108971611
QM22.26.031.14.02.06,M2,256.568223117713,-0.438285876050082,0.35823066225518896,2.46588236002796,-1.66027847255748,0.016249090351554727,6,-0.35940914549081,0.4,46,-0.467912135409394,0.3771043771043771,4344.82540169581,0.227482473541573,0.5495187267023545,1.0,1.58279492570413,1.0,0.0,-1.2302460548693,0.0,0.0,-1.24660295554359,0.0,215.942626451425,-0.204875314579876,0.45058471179688964,315.74997806548,-0.215765003840484,0.3732177537982747
QM22.26.031.14.03A.03,M2,266.294928265789,-0.186622433596624,0.4206642125065233,27.2951595847669,-0.004142212593721,0.2309189449201783,7,0.39535006003989,0.6,72,1.22962956514562,0.8148148148148148,4688.86220369609,0.501891005711651,0.6153641843585074,0.75,0.447879387102369,0.6875,0.0,-1.2302460548693,0.0,0.25,0.488845054331009,0.5833333333333341,232.089591127995,0.269489948332178,0.5751730433798462,311.15493973807,-0.282547881638478,0.3552470043787762
QM22.26.031.14.04A.07,M4,220.911018866737,-1.3608608522065,0.12935502353329786,74.9056927237735,1.12252125520393,0.642551798038505,7,0.39535006003989,0.6,50,-0.206751873785546,0.4444444444444444,3086.37470024537,-0.776275286632986,0.3086629174025011,0.75,0.447879387102369,0.6875,0.25,0.65136179341342,0.5,0.0,-1.24660295554359,0.0,157.976541223943,-1.90780201378898,0.0033243138493565367,251.183301338836,-1.15415728142758,0.12070374071967026
QM22.26.031.14.04A.08,M2,191.816839663056,-2.11362771233947,0.0,13.0236777126301,-0.654897073927506,0.10753005565690792,6,-0.35940914549081,0.4,78,1.62136995758139,0.9158249158249159,4683.57833198599,0.497676516239262,0.614352900249002,0.833333333333333,0.82618456663629,0.7916666666666663,0.166666666666667,0.123518640863711,0.333333333333334,0.0,-1.24660295554359,0.0,159.242380700396,-1.8706142024523,0.013091402065754683,227.564057939469,-1.49743212120682,0.02833116961917672
QM22.26.031.14.55A.04,M3,240.437398765611,-0.855645991758446,0.2546904996358236,38.0875962737916,0.335196879168405,0.32422858069828414,5,-1.11416835102151,0.2,42,-0.729072397033241,0.30976430976430974,3274.28644914789,-0.626394265492088,0.34462748582516783,0.5,-0.687036151499391,0.37499999999999994,0.333333333333333,1.10631781160946,0.666666666666666,0.166666666666667,-0.0896376156271913,0.38888888888889017,223.846494727838,0.0273243977538729,0.5115701527967479,352.725614810543,0.321627560552014,0.5178258844004129
QM22.26.031.14.55A.05,M2,331.40659839071,1.49804126269865,0.8386014961813213,38.8175809219248,0.355455328674092,0.33053990812169975,7,0.39535006003989,0.6,54,0.0544083878383018,0.5117845117845118,3642.33650040953,-0.332832432151518,0.4150688569947368,1.0,1.58279492570413,1.0,0.0,-1.2302460548693,0.0,0.0,-1.24660295554359,0.0,231.865467396096,0.262905645019647,0.5734437275372247,245.539110822994,-1.2361882153677,0.09862985880424362
QM24.26.011.14v.02A.04,M1,339.88776353784,1.71747828525146,0.8930402030550407,182.374261117979,2.3882926630796,1.0,5,-1.11416835102151,0.2,35,-1.18610285487497,0.1919191919191919,3002.78830372576,-0.842944957566369,0.29266525523187703,0.8,0.674862494822722,0.7500000000000001,0.0,-1.2302460548693,0.0,0.2,0.141755452356089,0.46666666666666734,285.412287956826,1.83600325947426,0.9866055303194959,339.863110998137,0.134687874944579,0.46752187898194625
QM25.26.006.14v.03A.03,M2,257.954181742977,-0.402426341560031,0.36712682145395,33.0393065360976,0.186666534037133,0.2805818964230257,6,-0.35940914549081,0.4,45,-0.533202200815356,0.36026936026936024,3040.36511167567,-0.812973173579253,0.29985710826135953,0.8,0.674862494822722,0.7500000000000001,0.2,0.344449516871383,0.4,0.0,-1.24660295554359,0.0,224.214378492683,0.0381320809517527,0.5144087063823022,323.767524394781,-0.0992404443921892,0.40457360020843985
QN21.26.029.14.02.01,M3,241.60570418537,-0.825417897116166,0.26218959146836035,10.5309758917247,-0.817240180711031,0.0859785649496575,4,-1.86892755655221,0.0,24,-1.90429357434056,0.00673400673400671,1999.54393175594,-1.6431466043655,0.10065357383838838,0.666666666666667,0.069574207568449,0.5833333333333337,0.166666666666667,0.123518640863711,0.333333333333334,0.166666666666667,-0.0896376156271913,0.38888888888889017,192.599259726381,-0.89065635860767,0.27046967642913183,278.869396997903,-0.751776058169038,0.2289813767353425
QN22.26.002.14.04.10,M4,245.514606195869,-0.724281107093288,0.28727996137109196,96.3856976434171,1.4528273176428,0.8282643941199922,4,-1.86892755655221,0.0,25,-1.83900350893459,0.023569023569023545,1445.85183762041,-2.08477910979084,0.0,0.6,-0.233069936058687,0.49999999999999994,0.2,0.344449516871383,0.4,0.2,0.141755452356089,0.46666666666666734,203.140323291019,-0.580981166435605,0.35180344713674927,301.965327336177,-0.41610688992481,0.3193073211879678
QN22.26.009.14.3B.02,M1,233.311680326334,-1.04001292846335,0.20895210277042045,39.0756637487362,0.362550537199722,0.332771249871876,6,-0.35940914549081,0.4,57,0.250278584056188,0.5622895622895623,3537.62345629196,-0.41635301067189,0.3950277501352307,0.6,-0.233069936058687,0.49999999999999994,0.2,0.344449516871383,0.4,0.2,0.141755452356089,0.46666666666666734,219.811759318672,-0.0912079927904997,0.4804385461402915,252.458637067291,-1.13562194308301,0.12569145511262433
QN22.26.009.14.3B.03,M1,281.302753641874,0.201681821584102,0.5169960952475557,12.8261838467068,-0.666925621358176,0.10582255611545092,8,1.15010926557059,0.8,61,0.511438845680035,0.6296296296296297,5205.89276052187,0.914281759726168,0.7143190445318133,0.571428571428571,-0.362774569041746,0.46428571428571364,0.142857142857143,-0.0430922004057404,0.285714285714286,0.285714285714286,0.73676619859881,0.6666666666666682,259.191100187121,1.06567763608999,0.7842855214641267,368.967394541926,0.557680605975541,0.5813459103245261
QN22.26.009.14.3B.05,M2,291.530274654933,0.46630309947084,0.5826442708007855,61.2115808435067,0.87291985753355,0.5241547549359247,8,1.15010926557059,0.8,45,-0.533202200815356,0.36026936026936024,3642.16774114572,-0.33296703688451,0.4150365580345829,1.0,1.58279492570413,1.0,0.0,-1.2302460548693,0.0,0.0,-1.24660295554359,0.0,230.351694038333,0.218434036192371,0.5617636067952696,278.096503161861,-0.763009060143207,0.22595866387296373
QN22.26.009.14.4A.04,M1,314.0796132597,1.04973233803956,0.7273834443937623,39.2696692945009,0.36786146157002,0.33444858996993254,6,-0.35940914549081,0.4,47,-0.402622070003432,0.3939393939393939,4238.51113420678,0.14268473701809,0.529171160519048,0.428571428571428,-1.01129773395704,0.285714285714285,0.142857142857143,-0.0430922004057404,0.285714285714286,0.428571428571428,1.72845077567001,1.0,241.882534930511,0.557186890427076,0.6507343983515042,400.822403802446,1.02065154095325,0.7059277632683474
QN22.26.009.14.4A.05,M1,362.742951329832,2.30882089820102,1.0,65.075894706151,0.947243533707751,0.5575649781733065,5,-1.11416835102151,0.2,42,-0.729072397033241,0.30976430976430974,3458.71205034457,-0.479293844186216,0.37992483786338566,0.833333333333333,0.82618456663629,0.7916666666666663,0.0,-1.2302460548693,0.0,0.166666666666667,-0.0896376156271913,0.38888888888889017,296.169546748835,2.1520298314831,1.0,264.575374994887,-0.959520990126401,0.17307884245598457
QN22.26.010.14.04.05,M2,301.58326519884,0.726408671575321,0.647172174211465,22.2540753588861,-0.197460736431519,0.18733455831710064,8,1.15010926557059,0.8,83,1.9478202846112,1.0,4438.77482669802,0.302417839941877,0.5674997765488703,0.6,-0.233069936058687,0.49999999999999994,0.0,-1.2302460548693,0.0,0.4,1.53011386025577,0.9333333333333347,185.916284923215,-1.08698868254832,0.21890452487185097,251.947573262871,-1.14304958767826,0.12369273412006539
QN22.26.010.14.07.01,M2,255.118976042626,-0.475782901232756,0.3489282686170986,18.4781151570045,-0.364222543419111,0.15468822632531803,6,-0.35940914549081,0.4,63,0.642018976491959,0.6632996632996633,4057.70980427603,-0.0015249151825973,0.49456746043546895,0.8,0.674862494822722,0.7500000000000001,0.2,0.344449516871383,0.4,0.0,-1.24660295554359,0.0,214.92929749748,-0.234644875936029,0.44276596900246806,303.930087446211,-0.387551669057982,0.3269913074990787
QN22.26.010.14.52.01,M2,289.167795455864,0.405177606417322,0.5674800439071612,28.8378669587856,0.0497815944745684,0.24425693960383224,8,1.15010926557059,0.8,74,1.36020969595754,0.8484848484848485,6119.82333246676,1.64324547899871,0.8892368917672724,1.0,1.58279492570413,1.0,0.0,-1.2302460548693,0.0,0.0,-1.24660295554359,0.0,237.015426522305,0.414201059595939,0.6131802865814041,361.040093676599,0.442467646423252,0.5503430051748612
QN22.26.011.14.3A.07,M4,242.101491146847,-0.81259017677824,0.26537193736063336,115.194264390896,1.69942019879754,0.9908801743450647,6,-0.35940914549081,0.4,28,-1.64313331271671,0.07407407407407406,2315.99987179482,-1.39073695081192,0.16122030995126266,0.833333333333333,0.82618456663629,0.7916666666666663,0.0,-1.2302460548693,0.0,0.166666666666667,-0.0896376156271913,0.38888888888889017,205.361215394095,-0.515735834729171,0.3689396239532815,269.931750702807,-0.881673068334678,0.19402710856064972
QN22.26.011.14.4B.01,M2,276.038036249215,0.0654654068361475,0.483203048898385,51.4518912822127,0.668321352060241,0.4397740812741715,7,0.39535006003989,0.6,51,-0.141461808379584,0.4612794612794613,4694.99408422794,0.506781878799656,0.6165377695027857,1.0,1.58279492570413,1.0,0.0,-1.2302460548693,0.0,0.0,-1.24660295554359,0.0,239.569931732115,0.48924727166947,0.632890588082962,324.457819046039,-0.0892079136373034,0.4072732756669403
QN22.26.011.14.5A.02,M2,307.255287839129,0.873163479251527,0.6835796220725976,49.3125909533268,0.619680988477495,0.42127804184766043,7,0.39535006003989,0.6,49,-0.272041939191508,0.4276094276094276,5048.23178888147,0.788529178732477,0.6841441947139516,1.0,1.58279492570413,1.0,0.0,-1.2302460548693,0.0,0.0,-1.24660295554359,0.0,264.03786987739,1.20806595639983,0.8216827017622712,419.092145190558,1.28617835913999,0.7773789506254427
QN22.26.011.14.5A.04,M1,343.033900223823,1.79887970297413,0.9132345525178434,23.3406165190488,-0.153294691692514,0.1967286148062904,5,-1.11416835102151,0.2,43,-0.663782331627279,0.32659932659932656,4269.47669596486,0.1673832992081,0.5350976822565072,0.8,0.674862494822722,0.7500000000000001,0.0,-1.2302460548693,0.0,0.2,0.141755452356089,0.46666666666666734,267.745626572648,1.31699237166053,0.8502913740316813,408.275587850214,1.12897383208605,0.7350764435091364
QN22.26.011.14.5A.05,M1,324.791093069861,1.32687530081654,0.796138043491086,11.297610170474,-0.764703930644513,0.0926067590624712,8,1.15010926557059,0.8,52,-0.0761717429736221,0.4781144781144781,5169.98604223685,0.885642062454398,0.7074468311968988,0.75,0.447879387102369,0.6875,0.25,0.65136179341342,0.5,0.0,-1.24660295554359,0.0,271.105803013805,1.41570757992832,0.8762181525323842,511.94163631896,2.63562438718419,1.0
QN22.26.011.14.6A.01,M4,235.515719763859,-0.98298681903507,0.22309934018368363,100.502030705935,1.50968546542991,0.8638535339845348,4,-1.86892755655221,0.0,14,-2.55719422840018,0.0,944.600559278696,-2.48458409210205,0.0,1.0,1.58279492570413,1.0,0.0,-1.2302460548693,0.0,0.0,-1.24660295554359,0.0,171.401445621471,-1.51340539302079,0.10690950611621725,210.056301263599,-1.75188448727896,0.0
QN22.26.011.14.6A.05,M2,293.741294399611,0.52350981354384,0.5968363132483094,9.31425768228945,-0.906313094795515,0.07545901906411644,7,0.39535006003989,0.6,47,-0.402622070003432,0.3939393939393939,4374.98013143014,0.251534304846453,0.5552900626998708,0.714285714285714,0.285748595873547,0.6428571428571425,0.142857142857143,-0.0430922004057404,0.285714285714286,0.142857142857143,-0.254918378472391,0.3333333333333341,231.796329394341,0.260874509940296,0.5729102657714891,317.53916536378,-0.189761504372951,0.38021509186409724
QN22.26.011.14.6A.09,M1,303.698119736158,0.781127259735141,0.6607469536480578,23.610012182028,-0.142575110628178,0.19905776548070236,5,-1.11416835102151,0.2,43,-0.663782331627279,0.32659932659932656,4003.65243043867,-0.0446418274473088,0.4842213797274875,0.571428571428571,-0.362774569041746,0.46428571428571364,0.285714285714286,0.854380922799301,0.571428571428572,0.142857142857143,-0.254918378472391,0.3333333333333341,271.519478199282,1.42786052272901,0.8794100280463399,482.570201750722,2.20874896509645,1.0
QN22.26.011.14.6B.02,M3,254.731896688732,-0.485797980462633,0.34644369260449326,11.4990902143431,-0.751308531312449,0.09434872244402165,6,-0.35940914549081,0.4,53,-0.0108816775676602,0.4949494949494949,3537.06427420554,-0.416799022071426,0.3949207278626734,0.4,-1.1410023669401,0.25,0.2,0.344449516871383,0.4,0.4,1.53011386025577,0.9333333333333347,161.552752935659,-1.80274012489297,0.030917998450441,222.288233001645,-1.57410934281008,0.007697929767134569
QN22.26.014.14.4A.06,M2,236.21650324733,-0.964855130947473,0.2275975130145158,0.248365605095415,-2.20500175541713,0.0,9,1.90486847110129,1.0,66,0.837889172709845,0.7138047138047138,4393.41481740953,0.266238066453379,0.5588182908661684,0.75,0.447879387102369,0.6875,0.25,0.65136179341342,0.5,0.0,-1.24660295554359,0.0,195.985626778751,-0.791171722994061,0.2965985390130992,316.747208280255,-0.201271565739534,0.37711782448895287
QN22.26.014.14.5B.01,M2,231.609160231059,-1.08406300107276,0.19802400612267912,3.54645178651109,-1.49106128467356,0.025591516211753058,8,1.15010926557059,0.8,63,0.642018976491959,0.6632996632996633,4779.54093318876,0.574217619941459,0.6327192533755671,0.714285714285714,0.285748595873547,0.6428571428571425,0.285714285714286,0.854380922799301,0.571428571428572,0.0,-1.24660295554359,0.0,185.379960223025,-1.10274482077665,0.21476629821923685,321.958019629516,-0.125539231693427,0.39749680249905167
QN22.26.015.14.02A.05,M1,343.605135054295,1.81365952015757,0.9169011814482616,2.56473065758894,-1.64326203732446,0.01710371650396762,7,0.39535006003989,0.6,59,0.380858714868111,0.5959595959595959,5706.36265894776,1.31346350256263,0.8101043480615047,0.666666666666667,0.069574207568449,0.5833333333333337,0.333333333333333,1.10631781160946,0.666666666666666,0.0,-1.24660295554359,0.0,286.145878469741,1.85755466950701,0.9922658398513415,329.844512653222,-0.0109193607958882,0.4283401121363686
QN22.26.015.14.02A.08,M3,222.437556124732,-1.32136406315697,0.13915352561150846,15.3650966633579,-0.521204917006757,0.12777357950528448,6,-0.35940914549081,0.4,43,-0.663782331627279,0.32659932659932656,3392.29951913546,-0.5322654015918,0.36721409445994063,0.333333333333333,-1.44364651056723,0.1666666666666662,0.666666666666667,2.42888785613635,1.0,0.0,-1.24660295554359,0.0,178.038293873706,-1.31842817413536,0.158118749913911,260.257347724822,-1.02227787417349,0.15619145642614088
QN22.26.015.14.05A.06,M1,231.081329653245,-1.09771980039202,0.1946359794062879,46.872786543754,0.562264136919214,0.4001838934744234,6,-0.35940914549081,0.4,44,-0.598492266221317,0.3434343434343434,3412.71019036276,-0.515985566703427,0.37112050790238904,0.75,0.447879387102369,0.6875,0.25,0.65136179341342,0.5,0.0,-1.24660295554359,0.0,207.037190379144,-0.466499069161066,0.38187127589805925,318.430068108524,-0.176813397111852,0.38369932612770175
QN22.26.016.14.04A.02,M2,289.077831612093,0.402849931189665,0.5669025860655416,25.6486130268188,-0.0642021531019395,0.21668317369994286,7,0.39535006003989,0.6,76,1.49078982676946,0.8821548821548821,5970.76186427681,1.52435198140979,0.8607079072667789,0.5,-0.687036151499391,0.37499999999999994,0.166666666666667,0.123518640863711,0.333333333333334,0.333333333333333,1.06732772428921,0.777777777777778,240.591859899083,0.519269460564493,0.6407756815274852,393.608362167778,0.915804872309844,0.6777143458208542
QN22.26.016.14.04A.03,M2,275.697499836891,0.0566545541885616,0.48101722164367006,6.01932226113121,-1.19568190795208,0.04697154835480815,7,0.39535006003989,0.6,74,1.36020969595754,0.8484848484848485,6399.73285539775,1.86650520261357,0.9428089821150124,0.75,0.447879387102369,0.6875,0.25,0.65136179341342,0.5,0.0,-1.24660295554359,0.0,244.018836810133,0.619947131939002,0.6672178856366312,414.369626843676,1.21754272583584,0.7589096392087002
QN22.26.016.14.04A.04,M2,319.465332085085,1.18907947759492,0.7619531719433572,32.0424784925503,0.155395816966757,0.27196348481155064,11,3.41438688216269,1.0,68,0.968469303521769,0.7474747474747475,5299.76797001619,0.989157930806476,0.7322858902174552,1.0,1.58279492570413,1.0,0.0,-1.2302460548693,0.0,0.0,-1.24660295554359,0.0,234.25641703614,0.333146924252438,0.5918920509539594,324.029269696031,-0.0954363184585052,0.4055972607059893
QN22.26.017.14.01A.01,M3,210.383959061134,-1.63323223277782,0.061784175299872804,0.608012503542255,-2.08238873485912,0.00018625258590932706,8,1.15010926557059,0.8,56,0.184988518650226,0.5454545454545454,3368.25182472481,-0.551446176691831,0.36261158846395924,0.5,-0.687036151499391,0.37499999999999994,0.25,0.65136179341342,0.5,0.25,0.488845054331009,0.5833333333333341,165.984388313389,-1.67254761359469,0.06511204475912921,263.323178662829,-0.977720027580372,0.16818162399902473
QN22.26.019.14.01A.03,M1,268.596230266995,-0.12707980585868,0.43543575661611444,7.67457826894059,-1.03987052004917,0.061282620048680875,5,-1.11416835102151,0.2,45,-0.533202200815356,0.36026936026936024,3382.39922285591,-0.540162015425916,0.3653192694421859,0.857142857142857,0.934271760788838,0.8214285714285713,0.0,-1.2302460548693,0.0,0.142857142857143,-0.254918378472391,0.3333333333333341,240.173647666038,0.506983228454904,0.6375487986175185,384.037349511086,0.776702709691928,0.6402830432094548
QN22.26.019.14.51A.01,M2,321.720885349412,1.24743842756781,0.776431065117777,46.2791613647676,0.547961105454941,0.3950515076346006,7,0.39535006003989,0.6,76,1.49078982676946,0.8821548821548821,5860.86604888695,1.43669755253058,0.8396748659852373,1.0,1.58279492570413,1.0,0.0,-1.2302460548693,0.0,0.0,-1.24660295554359,0.0,276.554760190202,1.57578695430936,0.9182617500178835,366.091659277202,0.515885551597471,0.5700991885004886
QN22.26.020.14.02.05,M2,231.089453857718,-1.09750959917447,0.1946881268622348,62.1623695425617,0.891523056287875,0.5323751179333729,9,1.90486847110129,1.0,73,1.29491963055158,0.8316498316498316,3979.66061867221,-0.0637780297740878,0.4796295691520552,0.8,0.674862494822722,0.7500000000000001,0.0,-1.2302460548693,0.0,0.2,0.141755452356089,0.46666666666666734,187.120121359436,-1.05162239550864,0.22819320395747403,271.357248427642,-0.860955321587912,0.19960209196356607
QN22.26.020.14.03.04,M2,254.297102417394,-0.497047609336784,0.3436528451823378,11.0864224820738,-0.778923752148133,0.09078086498004564,6,-0.35940914549081,0.4,54,0.0544083878383018,0.5117845117845118,3870.35592150995,-0.150960974543948,0.45870966242472094,1.0,1.58279492570413,1.0,0.0,-1.2302460548693,0.0,0.0,-1.24660295554359,0.0,205.171844766624,-0.521299161910932,0.3674784595177349,309.266755339314,-0.309990174602612,0.3478624982506244
QN22.26.020.14.04.05,M3,261.649241556178,-0.306822387445571,0.3908445860018764,29.4798,0.0716007218918962,0.2498069872895936,6,-0.35940914549081,0.4,45,-0.533202200815356,0.36026936026936024,3259.91595689257,-0.637856369730398,0.34187710669771926,0.285714285714286,-1.65982089887233,0.10714285714285746,0.285714285714286,0.854380922799301,0.571428571428572,0.428571428571428,1.72845077567001,1.0,228.373397189099,0.160315663866534,0.5464992701995793,376.8679,0.672504129296703,0.6122440212341811
QN22.26.020.14.07B.01,M1,240.255611036362,-0.860349467914254,0.2535236447598549,68.5874039263038,1.01198780885054,0.5879249103929809,5,-1.11416835102151,0.2,60,0.446148780274073,0.6127946127946128,4708.62001895506,0.517650113611092,0.6191456472149478,0.5,-0.687036151499391,0.37499999999999994,0.333333333333333,1.10631781160946,0.666666666666666,0.166666666666667,-0.0896376156271913,0.38888888888889017,212.68910409036,-0.300457241035476,0.4254808652937065,391.301327150172,0.882275132908662,0.6686917555290396
QN22.26.020.14.08B.02,M2,309.251814966183,0.924820528796759,0.6963948842623574,5.84645103199384,-1.21350557883017,0.04547693208861079,7,0.39535006003989,0.6,71,1.16433949973965,0.797979797979798,5588.53667792004,1.21948386341552,0.78755354652095,0.333333333333333,-1.44364651056723,0.1666666666666662,0.333333333333333,1.10631781160946,0.666666666666666,0.333333333333333,1.06732772428921,0.777777777777778,260.558150610147,1.10583882095182,0.7948335430153055,447.750323252614,1.70268752991557,0.8894583066779239
QN22.26.020.14.52B.02,M2,355.900926887079,2.13179410460539,0.9958251259479995,10.5891516186195,-0.813162552868345,0.08648154273346055,6,-0.35940914549081,0.4,67,0.903179238115807,0.7306397306397306,7566.10558954596,2.79682029704509,1.0,1.0,1.58279492570413,1.0,0.0,-1.2302460548693,0.0,0.0,-1.24660295554359,0.0,303.445977868928,2.36579670534969,1.0,348.888974412528,0.265867005666745,0.5028211557577433
QN22.26.023.14.05A.01,M2,290.325841182293,0.435140247372803,0.5749132810572203,29.0509191014262,0.0570621240218826,0.24609895345152577,6,-0.35940914549081,0.4,47,-0.402622070003432,0.3939393939393939,3568.18916165219,-0.391973379499074,0.4008777430613533,0.666666666666667,0.069574207568449,0.5833333333333337,0.0,-1.2302460548693,0.0,0.333333333333333,1.06732772428921,0.777777777777778,250.700027307079,0.816227036560838,0.718769269669214,287.547452372492,-0.625651862828078,0.26292040998670935
QN22.26.023.14.05A.03,M3,256.446440632926,-0.441436809370806,0.35744896765584305,4.9519600848522,-1.31158135715009,0.03774331021159036,5,-1.11416835102151,0.2,33,-1.3166829856869,0.15824915824915822,2934.04625553093,-0.897774570078274,0.2795086638518472,0.4,-1.1410023669401,0.25,0.2,0.344449516871383,0.4,0.4,1.53011386025577,0.9333333333333347,191.89036783854,-0.911482172838875,0.2649999389677648,291.240930902383,-0.571971978627789,0.2773652464423787
QN22.26.023.14.06A.02,M2,294.184589755878,0.534979394834033,0.5996817272379742,58.6847543423815,0.822414723325316,0.5023082278458719,5,-1.11416835102151,0.2,78,1.62136995758139,0.9158249158249159,6753.87582575719,2.14897455504815,1.0,0.8,0.674862494822722,0.7500000000000001,0.1,-0.363291437831842,0.2,0.1,-0.552423751593751,0.23333333333333367,230.33298654613,0.217884447793862,0.5616192616946046,359.601751368479,0.421563220442333,0.5447177878519717
QN22.26.023.14.06A.03,M2,281.953048144862,0.218507185439475,0.5211701905771031,17.0318878303248,-0.43459839074492,0.14218438229146235,6,-0.35940914549081,0.4,97,2.86188120029466,1.0,7505.06409944974,2.74813275663839,1.0,0.769230769230769,0.535180582379428,0.7115384615384612,0.0769230769230769,-0.547488468622196,0.1538461538461538,0.153846153846154,-0.178634949466914,0.3589743589743598,230.893548952824,0.234352640965529,0.5659445040170501,354.015161400176,0.340369435194628,0.522869176093722
QN22.26.025.14.03A.01,M2,243.417304055002,-0.778545554159418,0.27381784685125876,32.486719703766,0.169418493855537,0.27580432139095956,6,-0.35940914549081,0.4,48,-0.33733200459747,0.41077441077441074,4402.28037754447,0.273309360365397,0.5605150769689029,0.75,0.447879387102369,0.6875,0.125,-0.173210343622893,0.25,0.125,-0.378878950606291,0.2916666666666671,216.934528424799,-0.175735234706828,0.4582381261959331,298.059874113108,-0.472867549305217,0.3040334722577662
QN22.26.025.14.06A.01,M2,289.063262099126,0.40247296758973,0.5668090676123639,43.1361334623698,0.469887215028539,0.36787740439326244,8,1.15010926557059,0.8,89,2.33956067704697,1.0,6029.75660273751,1.57140700428128,0.8719989538369848,1.0,1.58279492570413,1.0,0.0,-1.2302460548693,0.0,0.0,-1.24660295554359,0.0,250.142349432858,0.799843585136755,0.7144662841049522,319.011460013957,-0.168363625465413,0.3859730935051657
QN22.26.025.14.06A.02,M2,237.65359516667,-0.927672601608168,0.2368218854197642,3.13815111200907,-1.55101513991584,0.022061415612276543,6,-0.35940914549081,0.4,56,0.184988518650226,0.5454545454545454,4674.30341836316,0.490278716299116,0.6125777676798531,0.75,0.447879387102369,0.6875,0.25,0.65136179341342,0.5,0.0,-1.24660295554359,0.0,206.235269323097,-0.49005789276701,0.3756837348688085,324.170945518387,-0.0933772455069383,0.40615134111205975
QN22.26.025.14.06A.05,M3,257.156988515005,-0.423052482580835,0.3620098159828364,1.44354931368315,-1.86226542607686,0.007410166673145246,7,0.39535006003989,0.6,62,0.576728911085997,0.6464646464646464,3614.97836209361,-0.354653663294605,0.40983276269448043,0.5,-0.687036151499391,0.37499999999999994,0.25,0.65136179341342,0.5,0.25,0.488845054331009,0.5833333333333341,183.548414456431,-1.15655194220834,0.20063427800066994,308.923152660745,-0.314983990553404,0.3465187014862757
QN22.26.027.14.04.03,M1,298.265890754697,0.640576741871412,0.6258786877833437,15.2298370713355,-0.528520569567011,0.12660414727873825,5,-1.11416835102151,0.2,53,-0.0108816775676602,0.4949494949494949,4403.37787662195,0.274184740874574,0.5607251281280049,0.6,-0.233069936058687,0.49999999999999994,0.2,0.344449516871383,0.4,0.2,0.141755452356089,0.46666666666666734,252.291693121137,0.862986968689105,0.7310504006547087,384.780545629729,0.787504094149422,0.6431896111782154
QN22.26.028.14.02.03,M1,235.689859782878,-0.978481215545695,0.22421710611394216,47.6201177970153,0.580081509671268,0.40664519679791855,7,0.39535006003989,0.6,53,-0.0108816775676602,0.4949494949494949,3656.32385528745,-0.32167592360744,0.41774590717652205,0.714285714285714,0.285748595873547,0.6428571428571425,0.142857142857143,-0.0430922004057404,0.285714285714286,0.142857142857143,-0.254918378472391,0.3333333333333341,195.685047205094,-0.800002144769304,0.29427929769809336,350.496064631231,0.289223962026779,0.5091063297991789
QN22.26.028.14.02.04,M1,265.272999603608,-0.213063256172309,0.4141046804232283,0.392587887978038,-2.15298384331849,0.0,7,0.39535006003989,0.6,50,-0.206751873785546,0.4444444444444444,3855.35572649972,-0.162925338446564,0.4558387640218828,0.666666666666667,0.069574207568449,0.5833333333333337,0.166666666666667,0.123518640863711,0.333333333333334,0.166666666666667,-0.0896376156271913,0.38888888888889017,202.940881596415,-0.586840361262105,0.3502645753749968,301.970496724147,-0.41603175962546,0.3193275381631575
QN22.26.036.14.01B.02,M4,214.173555974359,-1.53518227750783,0.0861087524009825,104.049850464923,1.55731065457232,0.8945274011617397,8,1.15010926557059,0.8,58,0.315568649462149,0.5791245791245792,3300.66171638003,-0.60535698597814,0.349675467702706,0.75,0.447879387102369,0.6875,0.25,0.65136179341342,0.5,0.0,-1.24660295554359,0.0,191.891528638291,-0.911448070882868,0.26500889558017937,270.139238866348,-0.878657499000333,0.19483857465273116
QN22.26.036.14.01B.03,M1,280.433591284203,0.179193590713265,0.5114171359897071,11.8277498988865,-0.729803221966345,0.09719026011927885,7,0.39535006003989,0.6,47,-0.402622070003432,0.3939393939393939,3774.59710253502,-0.22733953871055,0.4403823113292651,0.666666666666667,0.069574207568449,0.5833333333333337,0.333333333333333,1.10631781160946,0.666666666666666,0.0,-1.24660295554359,0.0,206.021352859867,-0.496342327108294,0.374033177269545,252.373819240456,-1.13685465936544,0.12535974081477702
QN22.26.036.14.01B.06,M1,236.00681153813,-0.970280579399736,0.2262515487168095,9.31895025853683,-0.905954684899335,0.07549959030795327,6,-0.35940914549081,0.4,57,0.250278584056188,0.5622895622895623,3947.42951404397,-0.0894860065365521,0.47346083422988805,0.6,-0.233069936058687,0.49999999999999994,0.2,0.344449516871383,0.4,0.2,0.141755452356089,0.46666666666666734,199.791158256741,-0.679372881773081,0.32596163152776697,316.90956454817,-0.198911929534709,0.37775278411268043
QN22.26.036.14.04B.01,M2,293.635972168303,0.520784763807625,0.5961602733436506,72.2478994204052,1.07690496631035,0.6195729534775744,6,-0.35940914549081,0.4,51,-0.141461808379584,0.4612794612794613,4502.32688144186,0.353107841584884,0.5796630512487485,0.6,-0.233069936058687,0.49999999999999994,0.2,0.344449516871383,0.4,0.2,0.141755452356089,0.46666666666666734,242.560223844986,0.577096024219513,0.6559633768547655,209.570233844506,-1.75894884207601,0.0
QN22.26.036.14.04B.03,M2,271.981658014508,-0.0394871022507995,0.4571660620154124,9.86603185343228,-0.864987701012325,0.08022956796096213,7,0.39535006003989,0.6,65,0.772599107303883,0.696969696969697,5030.23166307373,0.774172028354786,0.6806991373398918,0.428571428571428,-1.01129773395704,0.285714285714285,0.428571428571428,1.55448151851259,0.857142857142856,0.142857142857143,-0.254918378472391,0.3333333333333341,218.821834477891,-0.120289988494722,0.4728003870945614,322.979635492783,-0.110691380056128,0.40149224309684634
QN22.26.036.14.04B.06,M1,261.169746809179,-0.319228571948029,0.3877668161994335,29.1512860112879,0.060478421518939,0.24696670927657438,6,-0.35940914549081,0.4,44,-0.598492266221317,0.3434343434343434,3951.55289930245,-0.0861971371778898,0.47425001198022954,0.875,1.01533715640325,0.84375,0.125,-0.173210343622893,0.25,0.0,-1.24660295554359,0.0,219.77056038073,-0.0924183345123249,0.4801206593396452,333.477893789582,0.0418870863180796,0.44254991351225015
QN22.26.036.14.04B.07,M3,283.793159307744,0.26611721398441,0.5329814535903096,4.0306764819465,-1.42501469278868,0.02977804343148563,6,-0.35940914549081,0.4,49,-0.272041939191508,0.4276094276094276,3365.67590716924,-0.553500764315322,0.36211858170030814,0.2,-2.0489347978215,0.0,0.4,1.42714874429547,0.8,0.4,1.53011386025577,0.9333333333333347,247.574748630974,0.724412650974499,0.6946549383514082,392.756877353011,0.903429653153949,0.674384271259907
QN22.26.036.14.05B.04,M4,199.533634482569,-1.91396758905817,0.0,3.94962316907471,-1.43572541028012,0.02907726979522545,8,1.15010926557059,0.8,55,0.119698453244264,0.5286195286195287,3060.11776746085,-0.797218180947777,0.30363758364230015,0.714285714285714,0.285748595873547,0.6428571428571425,0.142857142857143,-0.0430922004057404,0.285714285714286,0.142857142857143,-0.254918378472391,0.3333333333333341,128.488790443797,-2.77409267161188,0.0,226.829839129098,-1.50810303221913,0.02545971103273728
QN22.26.036.14.06A.06,M4,199.586236357153,-1.91260659696109,0.0,24.1358992079832,-0.121902051976825,0.20360449837024647,9,1.90486847110129,1.0,69,1.03375936892773,0.7643097643097643,4172.24062106538,0.0898264551960311,0.516487598058483,0.6,-0.233069936058687,0.49999999999999994,0.2,0.344449516871383,0.4,0.2,0.141755452356089,0.46666666666666734,136.753857862584,-2.53128165680932,0.0,206.66988902974,-1.80110156410689,0.0
QN22.26.036.14.06B.02,M4,215.27330505226,-1.5067279721119,0.09316779637051958,105.145594205945,1.57177406900999,0.9040010216542165,8,1.15010926557059,0.8,56,0.184988518650226,0.5454545454545454,3349.72518859419,-0.566223279016623,0.359065761890299,0.75,0.447879387102369,0.6875,0.25,0.65136179341342,0.5,0.0,-1.24660295554359,0.0,191.427380257972,-0.925083814372156,0.2614275740458117,275.313295051477,-0.803459353237271,0.21507380677924298
QN22.26.036.14.07A.04,M1,287.640392395809,0.365658416079436,0.5576759844386938,19.8777463811075,-0.299775611745289,0.16678920810615416,6,-0.35940914549081,0.4,67,0.903179238115807,0.7306397306397306,6052.81516055937,1.58979883029834,0.8764121482506161,0.555555555555556,-0.434832698476778,0.444444444444445,0.111111111111111,-0.277635787779187,0.222222222222222,0.333333333333333,1.06732772428921,0.777777777777778,231.676275940891,0.257347581557783,0.5719839455765975,342.305237853,0.170180997677124,0.4770728003524124
QN22.26.036.14.51A.02,M2,292.867865077053,0.500911181560189,0.5912299652948405,57.461291080265,0.797378807288806,0.49173036534220954,9,1.90486847110129,1.0,61,0.511438845680035,0.6296296296296297,3991.31205864884,-0.0544846794026572,0.4818595468554689,0.571428571428571,-0.362774569041746,0.46428571428571364,0.142857142857143,-0.0430922004057404,0.285714285714286,0.285714285714286,0.73676619859881,0.6666666666666682,237.744564345139,0.435621658572649,0.6188062396109993,320.901088267759,-0.140900347954848,0.3933632464104237
QN22.26.037.14.03A.02,M1,316.168863794501,1.10378846225958,0.7407938774506262,31.7397147730339,0.145757193138049,0.2693458393984782,6,-0.35940914549081,0.4,65,0.772599107303883,0.696969696969697,5514.43753217136,1.1603813554811,0.7733716562830913,0.4,-1.1410023669401,0.25,0.2,0.344449516871383,0.4,0.4,1.53011386025577,0.9333333333333347,260.352789329421,1.09980572062152,0.7932489963311529,509.062596373709,2.59378130359286,1.0
QN23.26.003.14.07A.02,M1,256.031895195556,-0.452162531003537,0.35478809298127545,21.9212236380627,-0.211301896739668,0.184456776984389,6,-0.35940914549081,0.4,61,0.511438845680035,0.6296296296296297,5808.65629318887,1.39505432615837,0.8296824022776682,0.636363636363636,-0.0679913122620673,0.545454545454545,0.181818181818182,0.225661065621035,0.363636363636364,0.181818181818182,0.0155410516379363,0.4242424242424252,216.243779557818,-0.196028043569375,0.452908378431955,327.93715637529,-0.0386402919721438,0.4208806266474316
QN23.26.008.14.02.02,M1,304.374816069363,0.798635730087384,0.6650905164353401,27.4232945990349,0.0004199708202784,0.23202677921712891,6,-0.35940914549081,0.4,39,-0.924942593251127,0.25925925925925924,3564.79085098018,-0.394683919295809,0.4002273378716896,0.8,0.674862494822722,0.7500000000000001,0.0,-1.2302460548693,0.0,0.2,0.141755452356089,0.46666666666666734,233.633226763339,0.3148388506595,0.5870835784080531,331.834511206115,0.0180026678590701,0.4361228035506885
QN23.26.008.14.03.02,M2,274.51737513272,0.0261206538539144,0.47344226446145576,5.83335792715025,-1.21486930853384,0.04536373125367772,7,0.39535006003989,0.6,59,0.380858714868111,0.5959595959595959,4045.52316029228,-0.0112451517044347,0.49223504964180637,0.4,-1.1410023669401,0.25,0.4,1.42714874429547,0.8,0.2,0.141755452356089,0.46666666666666734,225.780811100789,0.0841507123702231,0.5264951405258196,396.131060723083,0.952468999426077,0.6875803753004974
QN23.26.008.14.03.03,M1,340.635421361174,1.73682277433929,0.8978392518154692,30.5998799319355,0.108855212929179,0.25949101449334383,6,-0.35940914549081,0.4,53,-0.0108816775676602,0.4949494949494949,4528.71251939376,0.374153392928965,0.5847130179860018,0.714285714285714,0.285748595873547,0.6428571428571425,0.142857142857143,-0.0430922004057404,0.285714285714286,0.142857142857143,-0.254918378472391,0.3333333333333341,218.87802871547,-0.11863911510663,0.4732339760968774,401.886796371305,1.03612109611042,0.7100904994146036
QN23.26.008.14.06B.01,M1,271.68916491183,-0.0470549086141278,0.45528861404652554,47.6226092655613,0.580140562787595,0.4066667376259335,6,-0.35940914549081,0.4,54,0.0544083878383018,0.5117845117845118,3726.63905350561,-0.265591544784861,0.4312035849015175,0.75,0.447879387102369,0.6875,0.125,-0.173210343622893,0.25,0.125,-0.378878950606291,0.2916666666666671,225.989605612316,0.0902846740985765,0.5281061776684581,300.344838666401,-0.439658575263574,0.31296974710333664
QN23.26.010.14.03A.05,M3,216.330548772751,-1.47937342705676,0.09995400793407648,14.6402066528012,-0.560959628511566,0.12150629948194942,7,0.39535006003989,0.6,54,0.0544083878383018,0.5117845117845118,3193.85714656792,-0.690545794445129,0.32923406219562545,0.25,-1.82195169010115,0.062499999999999986,0.5,1.84930140883753,1.0,0.25,0.488845054331009,0.5833333333333341,153.668145917786,-2.03437398028988,0.0,244.11341011677,-1.25690891218373,0.09305408156079356
QN23.26.016.14.03A.04,M1,257.600968595229,-0.411565185117929,0.36485962506281433,22.941608508022,-0.169337456590882,0.19327885704960887,6,-0.35940914549081,0.4,50,-0.206751873785546,0.4444444444444444,3222.34722023779,-0.667821715940413,0.3346867984393735,0.666666666666667,0.069574207568449,0.5833333333333337,0.166666666666667,0.123518640863711,0.333333333333334,0.166666666666667,-0.0896376156271913,0.38888888888889017,225.484561103127,0.0754474848074467,0.5242093057773407,338.891209493015,0.120562556541665,0.46372086641915755
QN23.26.016.14.03A.05,M3,248.445791237166,-0.648441230513197,0.30609458418383084,16.309764356187,-0.471344772463345,0.13594102128781232,8,1.15010926557059,0.8,56,0.184988518650226,0.5454545454545454,4090.94162729167,0.0249812484662885,0.500927723588977,0.25,-1.82195169010115,0.062499999999999986,0.25,0.65136179341342,0.5,0.5,2.22429306420561,1.0,196.120947251078,-0.787196280381893,0.29764265796758627,348.836616401489,0.265106050391981,0.5026163886525654
QN23.26.016.14.09A.03,M1,310.913217272526,0.967806742252304,0.707059054996603,91.8363243803909,1.38783675738862,0.7889312597757046,7,0.39535006003989,0.6,56,0.184988518650226,0.5454545454545454,4341.5009677741,0.224830858867066,0.5488824608384995,0.75,0.447879387102369,0.6875,0.0,-1.2302460548693,0.0,0.25,0.488845054331009,0.5833333333333341,231.515048292287,0.252611038346678,0.5707399294938866,381.865017027635,0.745130695610229,0.6317872614696017
QN23.26.016.14.09A.04,M1,293.119434255475,0.507420144718129,0.5928447317243344,125.74249343231,1.82474093510491,1.0,8,1.15010926557059,0.8,49,-0.272041939191508,0.4276094276094276,4330.49982364204,0.216056193494297,0.5467769437371162,0.2,-2.0489347978215,0.0,0.4,1.42714874429547,0.8,0.4,1.53011386025577,0.9333333333333347,259.628100181433,1.07851581474132,0.7876573688226646,429.167070667967,1.43260423614916,0.8167810074254109
QN23.26.017.14v.02A.05,M2,302.863677802342,0.759537366097511,0.6553908570445718,6.04300558169069,-1.19326595552666,0.04717631045618499,7,0.39535006003989,0.6,51,-0.141461808379584,0.4612794612794613,4897.89471053237,0.668618236761568,0.6553710702428743,0.4,-1.1410023669401,0.25,0.2,0.344449516871383,0.4,0.4,1.53011386025577,0.9333333333333347,235.765059767409,0.37746780561891,0.6035325843054876,424.99606058588,1.37198405482344,0.8004685913647517
QN23.26.017.14v.05A.03,M3,334.047038424832,1.56635856218115,0.8555498916601955,13.5244998194464,-0.624957204122986,0.11186008137057978,5,-1.11416835102151,0.2,27,-1.70842337812267,0.057239057239057214,1831.19795503036,-1.77742169383679,0.0684337130048405,0.333333333333333,-1.44364651056723,0.1666666666666662,0.333333333333333,1.10631781160946,0.666666666666666,0.333333333333333,1.06732772428921,0.777777777777778,252.972082648877,0.882975441053648,0.7363002168143147,321.659316899257,-0.129880485565843,0.3963286050795908
QN23.26.017.14v.05A.05,M1,290.702058224047,0.444874281086796,0.5773281343116548,35.2908154578082,0.254832532160766,0.3000480729213895,6,-0.35940914549081,0.4,54,0.0544083878383018,0.5117845117845118,3885.50248190668,-0.138879867575955,0.46160857380699344,0.666666666666667,0.069574207568449,0.5833333333333337,0.0,-1.2302460548693,0.0,0.333333333333333,1.06732772428921,0.777777777777778,235.339352675301,0.364961389662953,0.6002478718278706,361.957609620047,0.455802541752304,0.5539313210785052
QN23.26.017.14v.05A.06,M1,331.007212615349,1.487707773859,0.8360379279949657,94.8837142644716,1.43162881975978,0.8152784924119287,5,-1.11416835102151,0.2,33,-1.3166829856869,0.15824915824915822,3181.08142882456,-0.700735884380247,0.3267889081399942,0.4,-1.1410023669401,0.25,0.4,1.42714874429547,0.8,0.2,0.141755452356089,0.46666666666666734,262.078288988768,1.15049742125726,0.8065627756086257,470.9101804364,2.03928579132672,0.9800342628257777
QN24.26.003.14.01.02,M4,268.471834264197,-0.130298359913214,0.43463728642774957,11.3167528145579,-0.763424141123222,0.09277226322050024,5,-1.11416835102151,0.2,14,-2.55719422840018,0.0,927.741858004175,-2.49803082641692,0.0,0.75,0.447879387102369,0.6875,0.0,-1.2302460548693,0.0,0.25,0.488845054331009,0.5833333333333341,207.823539933882,-0.443397704864689,0.3879386688123428,232.498454466639,-1.42571711541128,0.04762911605789522
QN24.26.003.14.01.03,M4,243.928079160327,-0.765330038795395,0.2770963982949351,42.8522302919865,0.462630503505299,0.36542282419158706,4,-1.86892755655221,0.0,20,-2.1654538359644,0.0,1476.7250663191,-2.06015419373156,0.0005908850045021262,0.5,-0.687036151499391,0.37499999999999994,0.25,0.65136179341342,0.5,0.25,0.488845054331009,0.5833333333333341,198.936216321765,-0.704489351888854,0.31936498680768993,273.330138645634,-0.832281940225439,0.2073178743387043
QN24.26.003.14.07.01,M1,282.91642149384,0.243432979907474,0.5273538691690373,64.8959989632232,0.943857375441336,0.5560096291141181,6,-0.35940914549081,0.4,33,-1.3166829856869,0.15824915824915822,2982.06006033002,-0.859478092427583,0.28869806141753757,0.8,0.674862494822722,0.7500000000000001,0.0,-1.2302460548693,0.0,0.2,0.141755452356089,0.46666666666666734,242.768047737691,0.58320147112406,0.6575669248016289,306.906409415425,-0.344294718365781,0.33863141417271364
QN24.26.003.41.05.01A.02,M2,231.512905568627,-1.08655344149746,0.19740616891959875,32.7050866701647,0.17625992875519,0.2776922863323109,9,1.90486847110129,1.0,83,1.9478202846112,1.0,5152.36627186204,0.871588288853394,0.7040745703300955,0.428571428571428,-1.01129773395704,0.285714285714285,0.142857142857143,-0.0430922004057404,0.285714285714286,0.428571428571428,1.72845077567001,1.0,173.67193931525,-1.4467028665978,0.12442840374457574,287.752150733941,-0.622676839621736,0.2637209654332741
QN24.26.003.41.06.01B.02,M2,248.412244953385,-0.649309188689097,0.30587925807264504,61.3820184191337,0.876270362408391,0.5256283302334135,5,-1.11416835102151,0.2,71,1.16433949973965,0.797979797979798,6692.40375341609,2.09994357626187,0.9988234814668554,0.909090909090909,1.17009836621258,0.8863636363636362,0.0,-1.2302460548693,0.0,0.0909090909090909,-0.615530951952828,0.21212121212121238,222.273564726105,-0.0188851139877962,0.49943358542708916,404.666706710048,1.07652346040285,0.7209624592431481
QN24.26.005.14d.02.01A.02,M1,318.043015243996,1.15227923053914,0.7528236374689816,63.132491712261,0.910287941420335,0.5407626349439626,6,-0.35940914549081,0.4,56,0.184988518650226,0.5454545454545454,5085.62232482209,0.818352389577548,0.6913003970059872,0.5,-0.687036151499391,0.37499999999999994,0.333333333333333,1.10631781160946,0.666666666666666,0.166666666666667,-0.0896376156271913,0.38888888888889017,246.014365078668,0.678571728617882,0.6826151781051135,352.14403559395,0.313175066582621,0.5155513844671615
QN24.26.010.14v.03A.05,M3,262.23980921293,-0.291542363302008,0.394635308030901,106.30480990103,1.5869531329886,0.9140234102410908,7,0.39535006003989,0.6,45,-0.533202200815356,0.36026936026936024,3157.45419629153,-0.719581293246199,0.32226687465334286,0.4,-1.1410023669401,0.25,0.2,0.344449516871383,0.4,0.4,1.53011386025577,0.9333333333333347,205.565011793374,-0.50974870746031,0.3705120961718915,292.545393399972,-0.553013320753522,0.28246687280563876
QN24.26.010.41.02.03,M2,207.854035953421,-1.6986900778278,0.04554516331453935,10.9756612381163,-0.786456700435753,0.08982324144888197,6,-0.35940914549081,0.4,70,1.09904943433369,0.7811447811447811,4144.71101011156,0.0678684550950893,0.5112186854834015,0.833333333333333,0.82618456663629,0.7916666666666663,0.166666666666667,0.123518640863711,0.333333333333334,0.0,-1.24660295554359,0.0,162.555935251408,-1.77326865130701,0.038658450820046646,277.90073782961,-0.765854253442867,0.22519304463755463
QN24.26.012.14V.03A.02,M1,257.124107756033,-0.423903221332286,0.3617987617269164,60.2945969548658,0.854773679200729,0.5162266627794531,6,-0.35940914549081,0.4,38,-0.990232658657089,0.2424242424242424,3116.64264320456,-0.752133154887348,0.31445592136274775,0.7,0.220896279382017,0.6249999999999999,0.2,0.344449516871383,0.4,0.1,-0.552423751593751,0.23333333333333367,220.51720569883,-0.0704834006274134,0.4858816984160041,333.514492506825,0.0424190008500283,0.44269304754722105
QN24.26.012.14V.06A.04,M3,222.937551243653,-1.30842746325783,0.14236288272754588,7.72938334796676,-1.03511079151935,0.061756455764383766,7,0.39535006003989,0.6,39,-0.924942593251127,0.25925925925925924,2151.50371064335,-1.52194137390487,0.1297372681640936,0.6,-0.233069936058687,0.49999999999999994,0.2,0.344449516871383,0.4,0.2,0.141755452356089,0.46666666666666734,171.140744175138,-1.52106427582683,0.10489796036192307,234.480795919211,-1.39690637270403,0.055381861295199064
QN24.26.012.14V.07A.01,M4,270.37093962316,-0.0811619478453578,0.4468272200235928,135.434263618576,1.93312466785815,1.0,6,-0.35940914549081,0.4,36,-1.12081278946901,0.20875420875420875,2732.24716535909,-1.05873232751977,0.2408861869258198,1.0,1.58279492570413,1.0,0.0,-1.2302460548693,0.0,0.0,-1.24660295554359,0.0,241.405483173291,0.543172071743235,0.6470535156778087,221.460308319335,-1.58614214622651,0.004459996600122817
QN24.26.013.14v.01A.02,M3,257.710132902989,-0.408740727599599,0.3655603263990253,20.3204236281072,-0.280072345421904,0.17061652290771354,7,0.39535006003989,0.6,54,0.0544083878383018,0.5117845117845118,3149.9991936384,-0.725527506917167,0.32084005618895434,0.166666666666667,-2.20025686963507,0.0,0.5,1.84930140883753,1.0,0.333333333333333,1.06732772428921,0.777777777777778,211.141567785313,-0.345920737173208,0.41354023309614996,261.913477308067,-0.998208194729081,0.16266841866804013
QN24.26.013.14v.01A.03,M1,311.173771181194,0.974548171400392,0.7087314924049912,31.0828953796346,0.12461345293133,0.263667086755675,4,-1.86892755655221,0.0,27,-1.70842337812267,0.057239057239057214,2599.47884320815,-1.1646301855056,0.2154755596805954,0.666666666666667,0.069574207568449,0.5833333333333337,0.0,-1.2302460548693,0.0,0.333333333333333,1.06732772428921,0.777777777777778,254.328669113649,0.922829215921838,0.7467674995314939,381.79696270195,0.744141614912313,0.6315211075995669
