Feature,Comparison,Mann_Whitney_p,BH_FDR_q,Significant_q_lt_0.05
M_soma_circularity_index,M1 vs M2,1.2832128420005957e-10,3.8496385260017874e-10,True
M_soma_circularity_index,M1 vs M3,0.1579999064904185,0.1579999064904185,False
M_soma_circularity_index,M1 vs M4,0.0015898844395804688,0.0023848266593707035,True
M_soma_circularity_index,M2 vs M3,3.676488407954378e-12,2.205893044772627e-11,True
M_soma_circularity_index,M2 vs M4,1.1442190676323938e-09,2.2884381352647876e-09,True
M_soma_circularity_index,M3 vs M4,0.0344649302204754,0.04135791626457048,True
M_soma_aspect_ratio,M1 vs M2,3.296896968832061e-11,9.890690906496183e-11,True
M_soma_aspect_ratio,M1 vs M3,0.17383724729868588,0.17383724729868588,False
M_soma_aspect_ratio,M1 vs M4,0.007396290215285142,0.011094435322927714,True
M_soma_aspect_ratio,M2 vs M3,2.5862479441392887e-12,1.5517487664835734e-11,True
M_soma_aspect_ratio,M2 vs M4,4.482187311643025e-09,8.96437462328605e-09,True
M_soma_aspect_ratio,M3 vs M4,0.1007263820370091,0.1208716584444109,False
M_cell_max_radial_dist,M1 vs M2,0.5415056248901498,0.5415056248901498,False
M_cell_max_radial_dist,M1 vs M3,0.026240681551363932,0.0787220446540918,False
M_cell_max_radial_dist,M1 vs M4,0.4465108603991743,0.5358130324790091,False
M_cell_max_radial_dist,M2 vs M3,0.2532381477575707,0.37985722163635605,False
M_cell_max_radial_dist,M2 vs M4,0.17666528598461306,0.3533305719692261,False
M_cell_max_radial_dist,M3 vs M4,0.0036045011568142157,0.021627006940885294,True
M_total_number_of_neurites,M1 vs M2,0.17740955360654342,0.26611433040981514,False
M_total_number_of_neurites,M1 vs M3,0.2813449441549781,0.33761393298597375,False
M_total_number_of_neurites,M1 vs M4,2.1091865650541026e-10,6.327559695162308e-10,True
M_total_number_of_neurites,M2 vs M3,0.5758666419786214,0.5758666419786214,False
M_total_number_of_neurites,M2 vs M4,6.960049197550623e-09,1.3920098395101246e-08,True
M_total_number_of_neurites,M3 vs M4,1.4499814583418647e-12,8.699888750051188e-12,True
M_basal_dendrite_avg_tortuosity,M1 vs M2,0.47628269138898693,0.5715392296667843,False
M_basal_dendrite_avg_tortuosity,M1 vs M3,0.1332532724707342,0.3997598174122026,False
M_basal_dendrite_avg_tortuosity,M1 vs M4,0.7942491877823621,0.7942491877823621,False
M_basal_dendrite_avg_tortuosity,M2 vs M3,0.033852695391370466,0.2031161723482228,False
M_basal_dendrite_avg_tortuosity,M2 vs M4,0.4175629780735792,0.5715392296667843,False
M_basal_dendrite_avg_tortuosity,M3 vs M4,0.4324595542394296,0.5715392296667843,False
M_Total_neurite_length_(sections),M1 vs M2,1.9081260748079767e-07,4.2755028761416625e-07,True
M_Total_neurite_length_(sections),M1 vs M3,5.125709879000056e-17,3.075425927400034e-16,True
M_Total_neurite_length_(sections),M1 vs M4,0.00015807398043864434,0.0002371109706579665,True
M_Total_neurite_length_(sections),M2 vs M3,0.0507415728918969,0.0507415728918969,False
M_Total_neurite_length_(sections),M2 vs M4,0.0075761434932511695,0.009091372191901403,True
M_Total_neurite_length_(sections),M3 vs M4,2.1377514380708312e-07,4.2755028761416625e-07,True
M_Number_of_bifurcation_points,M1 vs M2,1.7156089660279742e-08,3.4312179320559484e-08,True
M_Number_of_bifurcation_points,M1 vs M3,3.872544386587325e-21,2.3235266319523948e-20,True
M_Number_of_bifurcation_points,M1 vs M4,2.0233489864465332e-13,6.0700469593396e-13,True
M_Number_of_bifurcation_points,M2 vs M3,0.06891681501850742,0.0827001780222089,False
M_Number_of_bifurcation_points,M2 vs M4,0.5916254691810172,0.5916254691810172,False
M_Number_of_bifurcation_points,M3 vs M4,0.0431235975944501,0.06468539639167516,False
M_Maximum_branch_order,M1 vs M2,2.4557045081646325e-07,4.911409016329265e-07,True
M_Maximum_branch_order,M1 vs M3,2.0083563197194357e-18,1.2050137918316615e-17,True
M_Maximum_branch_order,M1 vs M4,1.268678762618569e-11,3.8060362878557076e-11,True
M_Maximum_branch_order,M2 vs M3,0.01995056765823452,0.029925851487351784,True
M_Maximum_branch_order,M2 vs M4,0.1500830487000968,0.18009965844011616,False
M_Maximum_branch_order,M3 vs M4,0.5268131009894985,0.5268131009894985,False
M_trunk_angle_min,M1 vs M2,0.1889871505543057,0.22678458066516682,False
M_trunk_angle_min,M1 vs M3,0.9981194046216186,0.9981194046216186,False
M_trunk_angle_min,M1 vs M4,0.0002834102878837759,0.0005668205757675518,True
M_trunk_angle_min,M2 vs M3,0.14454812882590892,0.2168221932388634,False
M_trunk_angle_min,M2 vs M4,7.378975208826214e-06,2.2136925626478646e-05,True
M_trunk_angle_min,M3 vs M4,6.456095675541867e-06,2.2136925626478646e-05,True
M_trunk_angle_max,M1 vs M2,0.6772082287900384,0.6772082287900384,False
M_trunk_angle_max,M1 vs M3,0.06565078998912743,0.09847618498369115,False
M_trunk_angle_max,M1 vs M4,1.1341775433123248e-08,6.805065259873949e-08,True
M_trunk_angle_max,M2 vs M3,0.46115287564356855,0.5533834507722822,False
M_trunk_angle_max,M2 vs M4,0.0001362634857058188,0.0002725269714116376,True
M_trunk_angle_max,M3 vs M4,3.3828890309804487e-06,1.0148667092941347e-05,True
