cell_label,T_class,M_class,T_Component1,T_Component2,T_Component3,M_Component1,M_Component2,M_Component3
Q19.26.014.11.01.04,D1,M1,2.3076686522096224,-0.3749031555958559,-0.9016227126139452,1.6021590591130748,-0.11085637398560598,-2.0391653156424625
Q19.26.014.11.01.05,D2,M2,0.42877906438357144,-1.1390682239321808,0.20883476773638948,1.0451591287402413,-2.3572664274344075,-0.7301374828414119
Q19.26.014.11.05.01,D2,M2,-0.4216989899588395,-1.4070241718730314,0.6014519054183844,1.9622913112002363,-1.1435743887168095,1.1075738310008272
Q19.26.014.1A.03.05,D2,M3,0.5798045019134379,-0.5243404383423135,-0.9632830444537129,-0.7120821812022214,-1.1046736198302052,-1.3039929178139453
Q19.26.019.11.03.01,D1,M4,-0.8491861856142578,0.5780286645418649,1.8575197549908355,-1.0121626782782287,1.119654859619233,2.9653306951901532
Q20.26.003.11.03.01,D2,M3,0.880054935102366,-1.1025232549617752,-1.1743140799829792,-1.0804872759446917,-2.0361036120763405,-1.828893569798497
Q20.26.003.11.03.03,Hybrid,M1,-0.9823320535827441,0.4776670711015258,-0.4332927673903663,-0.26347645112125534,1.7397940970724326,0.12003690528794629
Q20.26.009.12.01.03,D1,M3,1.4015891498740838,-0.7810082015200824,-0.20567276592591174,-0.5282178150284599,-1.492959776116777,-0.7112485601452795
Q21.26.009.12.01.04,D2,M3,-1.744916493879751,-1.5329484867054317,-0.24475975655675686,-2.4114025807157935,-2.8974334242742885,-1.5136531060144476
Q21.26.009.12.01.05,D2,M1,-0.5556576158275462,-0.11780772829923203,-2.209952787725099,1.7909981200148015,1.0693934933999103,-5.025005219487756
Q21.26.009.12.02.02,D1,M1,1.70879068617507,0.5218285243726754,1.6262211433300553,0.9820425775135522,0.5981250855745285,-0.31926380747629113
Q21.26.009.12.02.03,D2,M1,0.6254700356740343,-1.3123629019362755,0.05483108373429671,1.4233383857402926,-0.6628796065693076,0.057494570378138536
Q21.26.013.12.02.03,D2,M2,-1.2457142269868346,-1.4915910539352624,0.6148249943975431,0.1831208395010582,-1.834846025384535,0.7336906603653611
Q21.26.019.13.01.02,Hybrid,M2,1.0736797526651367,1.5860131491700606,0.7570987669173325,1.9727420151435837,2.2562204265173094,0.4452686723399467
Q21.26.021.14.07.03,Hybrid,M1,-1.2107557416833732,0.939065886954033,-0.3431388763742026,0.20746104561291623,1.6281257034857763,-0.2189861796674451
Q21.26.021.14.07.08,D1,M2,0.4620811384315424,-0.18919580265985295,-0.21214434176994781,2.619914906318016,0.30801009137009244,0.5977399742076289
Q21.26.023.13.03.04,D2,M1,-1.243437851262483,0.8712111555957087,-0.33513268119948375,-0.4757302254603597,1.0799322782200225,-1.6587750709726443
QM22.26.003.14.02.06,D2,M3,0.24430157894074356,0.34136967025369497,-0.5362756840672981,-0.8512228867640022,-1.3657007008249675,-0.8657890770798553
QM22.26.003.14.03.04,D2,M1,0.5263710090786733,0.11968916138820244,-0.48146682033564403,0.9151706019410741,0.7756936531982846,-1.096793676608263
QM22.26.003.14.07.09,D2,M1,0.21926029237830666,-0.7982048636188974,-0.2572523947586758,-0.2633348198782878,-1.547561226254874,-0.07566577050330833
QM22.26.003.14.55.04,D2,M2,0.31373113103712186,-0.7006340539982746,-0.7652342417338569,0.5500923174296933,-1.5199648974336597,3.011602117580274
QM22.26.030.14.02A.03,D2,M1,-0.053727890122169206,-0.17521394151809042,-0.5911263783424544,0.3974424073061612,-0.26612952259146433,-2.4036520326240876
QM22.26.031.14.02.06,D2,M2,2.0415042036936417,0.9296532669628161,-0.39102859369461007,0.5769270669992759,2.097287361331216,1.7337860292893
QM22.26.031.14.03A.03,D1,M2,-0.2854852094734785,-0.8293221045698042,-0.3134268964017355,0.4362752274950217,-0.36534689639320095,0.2663171590181751
QM22.26.031.14.04A.07,D2,M4,0.1072395865337902,0.36281248423398327,0.09937154731404452,-2.37234706006956,0.7283280886395407,0.6873778848352917
QM22.26.031.14.04A.08,D2,M2,-0.6449804432515777,0.02389649500024767,0.9363861725538721,-0.5411190335324157,-0.5554769925362055,2.979266686754677
QM22.26.031.14.55A.04,D1,M3,0.9178325885617414,0.13047524276100902,1.0838741835866292,-0.6168402266871502,-0.12314783241870664,-0.8473924268795282
QM22.26.031.14.55A.05,D1,M2,0.31050878883516014,0.1626473587904804,1.5488601853526154,0.7791464574471006,1.3752738130828803,1.4865760340956673
QM24.26.011.14v.02A.04,D1,M1,-0.14759632257195893,1.689272685509837,-0.4492269955154212,0.31997435733225726,2.765397619163533,-3.012302570328717
QM25.26.006.14v.03A.03,D1,M2,-0.5952589207004907,2.7918651477279246,1.2239285599606806,-0.6909643084110484,1.1208750554336397,1.143648620134617
QN21.26.029.14.02.01,D1,M3,-1.79981832130401,0.45829182590760853,0.4104730282081999,-1.8089682606248085,1.2779394906571244,0.31428093641426197
QN22.26.002.14.04.10,D2,M4,-0.5809798232325281,0.18644636163570213,-0.5875976270949801,-3.635547012027298,2.0769655083990872,-0.6660795113851833
QN22.26.009.14.3B.02,D2,M1,0.909454731257175,0.043954119006402705,0.4894071146303358,-0.4885232332534381,-0.2091091300266295,0.6111939142321013
QN22.26.009.14.3B.03,D1,M1,1.035777637735561,-0.04522152054517331,1.0117231891410146,1.1938058349033065,-0.9394559599438422,0.11971921852001229
QN22.26.009.14.3B.05,D1,M2,0.6059678338285406,-0.572023036088656,-0.8564821262072682,0.85028787943265,1.4847054675678582,1.2465373060795113
QN22.26.009.14.4A.04,D1,M1,1.220354551735166,-0.17926484557939681,-0.4751751832657435,0.4794045253652728,-0.07446867481210907,-2.6616664976680626
QN22.26.009.14.4A.05,D2,M1,0.3205707702222079,0.5012499604622827,-0.805539947376628,0.8764221188329789,2.774435826892588,-1.185550712839321
QN22.26.010.14.04.05,D1,M2,0.9567482584914044,-0.9684012103877222,-0.17786609696078984,0.31387766363387737,-1.9085122407877857,1.289943936373067
QN22.26.010.14.07.01,D2,M2,0.6942517105741934,-0.3128783094414375,0.712490890308413,0.5580726988129706,0.2735946943789082,1.8039726758030448
QN22.26.010.14.52.01,D1,M2,1.4049619741493762,0.3675008389945086,0.8683421546978176,3.021000043372511,0.7808466392571354,1.374357304396854
QN22.26.011.14.3A.07,D2,M4,0.017793102284907766,0.7127827718955272,0.06229336218610893,-1.8622338546351036,2.276182139556784,0.46809356439132715
QN22.26.011.14.4B.01,D2,M2,0.3885196470730987,0.0773689770275729,-0.0037598385922336442,1.1717564985200883,1.4873096373765942,0.7984940551203149
QN22.26.011.14.5A.02,D1,M2,1.1180008597075148,-0.2970487985058673,-0.6358539580067913,2.4470116821489842,1.3015228885504297,0.9932280085747087
QN22.26.011.14.5A.04,D1,M1,0.6881689217479432,-0.48180003470939614,-0.2359802480259683,1.3581353410174308,1.7765940203504877,-1.5356353192040053
QN22.26.011.14.5A.05,D2,M1,1.791354786059555,-0.4428978526611716,-0.39000116563198683,2.6349728128715517,-0.08471733796169215,-1.177406666608906
QN22.26.011.14.6A.01,D2,M4,-2.784082463905171,1.03970807248831,0.25132289774993233,-4.291536591549815,4.18010173335299,1.171340501532724
QN22.26.011.14.6A.05,D2,M2,-0.6959733335123185,0.22614950611049395,-0.0940032843850249,0.29522786747490926,0.3420566802662064,0.7271410474432278
QN22.26.011.14.6A.09,D2,M1,1.3729756410021348,0.8305043669980209,-0.9959344296313712,1.3896312031215654,0.24030208614220602,-1.7912610629996382
QN22.26.011.14.6B.02,Hybrid,M3,-1.678901422857405,1.363025734475515,-0.41524077840170404,-2.620730898855247,-1.0471018671399195,0.6809544453322215
QN22.26.014.14.4A.06,D2,M2,0.30417587902006443,-0.6613154650337456,0.42918698893153684,0.0785925491945594,-1.4521808116078154,1.811496794565354
QN22.26.014.14.5B.01,D1,M2,-0.1882785704325208,-1.3549950771414374,1.4741901717981154,0.8055747856974695,-1.3267757635528235,1.8692141122161392
QN22.26.015.14.02A.05,D1,M1,0.9863639826877707,0.8002119780617618,-0.07231222054231402,1.8220201184119726,0.4282556089448265,-1.426711102027745
QN22.26.015.14.02A.08,D2,M3,-0.6483286352969707,-0.5831645436097674,0.17948755779604644,-2.300467001932501,-1.4906538257160722,0.4911114127102977
QN22.26.015.14.05A.06,D1,M1,0.794526875628478,-0.4036127697634327,-0.7659276960084288,-0.3979958777682882,0.2073620766534924,0.31072499080080057
QN22.26.016.14.04A.02,D1,M2,1.0280389296845696,0.04983755770142737,0.48630846600785926,1.85004712564956,-1.9763292973925592,-0.08422620909672823
QN22.26.016.14.04A.03,D2,M2,1.6384432139362763,0.29779543468711484,1.268072141247154,2.6517422652653857,-1.4065090505379172,1.1906888148489028
QN22.26.016.14.04A.04,D2,M2,1.9165957846964707,0.48593721545597035,1.7246361207289345,2.183009746104862,0.04715053043289086,2.8706525836112706
QN22.26.017.14.01A.01,D1,M3,-1.1355885659613143,-1.291947621869381,1.0282894247338783,-2.7782846761415803,-1.639470067245607,1.5657377873724676
QN22.26.019.14.01A.03,D2,M1,0.15776550774357925,1.7649414608169942,-0.019933072515324012,0.6063118965764592,1.8907418297384109,-0.4690373881842029
QN22.26.019.14.51A.01,D2,M2,0.75165007934178,0.39811951588752054,0.6140198415427828,3.5512506831721296,0.8953636532341546,0.801910386713925
QN22.26.020.14.02.05,D1,M2,1.0168070635020727,-0.08852142029303281,1.1496926483725964,-0.24791149455675104,-1.2462245522347402,2.610536674820339
QN22.26.020.14.03.04,D2,M2,-0.34162191124091773,2.0356911332283367,0.4200027185753935,0.3714286360702317,1.8148807031259655,2.3942276952909864
QN22.26.020.14.04.05,D2,M3,-1.9012627438958236,-0.6397618364269989,-0.1737169491513849,-1.2197562234710626,-1.414865005723117,-1.283981348453171
QN22.26.020.14.07B.01,D1,M1,1.5003919754797646,-0.49527873736199873,0.9271870461635884,0.1225018717898887,-1.1032944799609707,-0.6128604692415469
QN22.26.020.14.08B.02,D1,M2,-0.14941083697156027,-1.190319194906628,0.9177148260638963,1.0929911441077986,-3.036657012870901,-1.2334737723298006
QN22.26.020.14.52B.02,D2,M2,1.212216715672134,0.055863646331934975,0.8032464249469992,4.473170592431612,1.54637094670464,-0.8838938509835172
QN22.26.023.14.05A.01,D2,M2,-1.277977690497791,-1.0265316986431294,0.4269696670123927,-0.751176443589721,0.637830658067477,0.6350478566939836
QN22.26.023.14.05A.03,D2,M3,-0.6551748355015886,-0.8671530853992929,0.3719698356809226,-2.9216106773026214,0.29799071891462653,-0.2532410831378798
QN22.26.023.14.06A.02,D1,M2,2.0251219934447775,-0.43889715630666143,-0.3879015536957639,2.6756659633007027,0.20033266092018634,0.033841597859518055
QN22.26.023.14.06A.03,D2,M2,1.3442088134864183,-0.47346912926381773,-0.3188729870320382,3.6269443322439026,-1.1165795124539921,0.3502141870878751
QN22.26.025.14.03A.01,D2,M2,1.370450669747192,1.1984497909505274,0.758945191815771,0.5430369741459034,0.589137070493879,0.5040370992591284
QN22.26.025.14.06A.01,D2,M2,0.7172103107836542,-0.4138019110464124,0.34569338444511716,3.246501641052285,-0.32912404317463084,2.5410009870274854
QN22.26.025.14.06A.02,D2,M2,1.0836292867353794,-0.83116679081716,-0.1871456751248377,0.9488691432902441,-0.32032294706844044,1.4870452332282653
QN22.26.025.14.06A.05,D1,M3,0.2429271220557574,-0.12941706244421566,-1.0525353096544894,-1.5776049334117734,-1.5503140907676851,0.5735067696876893
QN22.26.027.14.04.03,D2,M1,0.8596717402606459,-0.1318868622763371,-0.8853258991240045,0.6986378361249828,0.1322718660226903,-1.836535936011059
QN22.26.028.14.02.03,D2,M1,-0.5065643721898853,0.2140367209407602,-0.5014854586993609,-0.21216166782582577,-0.27531430498213616,0.7214348952128588
QN22.26.028.14.02.04,D1,M1,-0.5551595160622437,0.518139498122721,-0.6892880688763952,-0.27136185933614715,0.09619511510579905,0.29294599546082045
QN22.26.036.14.01B.02,Hybrid,M4,-0.996868568997939,0.3274333475485383,-0.267164501010959,-1.2925254907841504,-0.3588332707392028,1.5301504650260254
QN22.26.036.14.01B.03,Hybrid,M1,-0.14236237763088946,0.20571923955750193,-1.4379097561368033,-1.1413161968502537,0.48118778703442744,-0.7827421748905817
QN22.26.036.14.01B.06,D1,M1,0.04665778109855879,0.039133393821299975,-0.04209971971945345,-0.5542248279833375,-0.46332877985200804,0.6042739513140105
QN22.26.036.14.04B.01,D1,M2,0.038761547270608716,-0.3178187445678858,0.37181246082515473,-0.25534886265200457,0.28075790900373454,0.6871160531813444
QN22.26.036.14.04B.03,D1,M2,0.42656218811819674,-0.052188751918671616,-0.635862484670694,0.7561814174107478,-1.713305820898953,0.359224789563818
QN22.26.036.14.04B.06,D1,M1,0.30426982140566616,-0.023433267903914833,0.30423864899393266,0.9101962565746732,1.8423195026041232,-0.3646064258768791
QN22.26.036.14.04B.07,D2,M3,-0.6761144123408153,-0.07149999833609506,-0.18419372275224982,-1.0533396591567799,-1.5295049094268485,-2.4494377581859785
QN22.26.036.14.05B.04,D2,M4,-1.5875971693916107,-0.23376986674817019,0.8281581665019548,-2.837518162402928,0.04121729334849235,1.4828812027616771
QN22.26.036.14.06A.06,D1,M4,-2.30554477647644,-0.2532539079496735,-0.03855913161054429,-2.3640189297564476,-1.5062402889060662,0.8308007878341519
QN22.26.036.14.06B.02,D1,M4,0.10625409671869365,-0.8942129888835761,-0.8689715306800456,-1.3014808988440463,-0.1739920800614736,1.1838580163333097
QN22.26.036.14.07A.04,D1,M1,0.020180445383872737,1.264038232691139,-0.6015049305028446,1.4936848402125058,-0.06529073409167888,-1.2735442134480968
QN22.26.036.14.51A.02,D1,M2,0.3325670110945833,-0.05766335401840876,0.46456972520591683,0.3803096101688151,-1.2055753783439107,1.3536441701905126
QN22.26.037.14.03A.02,D1,M1,1.087135582609086,0.5882573014392233,-1.1275907244745076,1.5039991758309221,-1.2986980782277706,-2.6318293599104976
QN23.26.003.14.07A.02,D1,M1,1.9022867827678351,-0.011973969574267867,-0.6308617512583428,1.301069987386097,-0.13850452315762735,-0.4162023972050967
QN23.26.008.14.02.02,D1,M1,-0.8288785755635122,1.4117392063558467,-0.8662088664623273,-0.020547622242303727,1.528653067279039,-0.6597688758680286
QN23.26.008.14.03.02,D2,M2,-1.6713602129138778,0.3458289629469938,-0.3848556530626451,-0.3579254810509722,-1.915630740749027,-0.11307045327271113
QN23.26.008.14.03.03,D2,M1,-1.9185943522775526,-0.21798779010362346,-0.9631087431769342,1.056565416394112,0.34697582286938,-0.9121253143177492
QN23.26.008.14.06B.01,D2,M1,0.7331130508405445,0.6711720991358654,0.04481191701164343,0.3291330420243489,1.0241068556887079,-0.46731035289163203
QN23.26.010.14.03A.05,D2,M3,-0.6978375040989504,0.38130083660527375,-1.169219466320256,-3.1464512214499694,-2.0780880432206605,0.2761745152020672
QN23.26.016.14.03A.04,D1,M1,-0.42664768661878033,0.3581511620388678,-0.8695537146790734,-0.08551672922554213,0.01256432933470575,-0.5277119236303928
QN23.26.016.14.03A.05,D2,M3,-2.321529777222711,-0.2814494101585987,0.23278552346976314,-2.0685271090333,-2.8822021373085045,-0.46562212639800404
QN23.26.016.14.09A.03,D1,M1,0.9811747718609563,0.9287866543428925,-0.8007522208924271,-0.13516336526825473,0.8176483149291928,-1.4897591032241995
QN23.26.016.14.09A.04,D2,M1,-1.8342914099156586,-1.31576260353918,-0.7606927938866389,-0.09146184559954872,-1.8962956542067961,-3.301633178514393
QN23.26.017.14v.02A.05,D1,M2,-0.006288118222267754,0.05155199638641687,0.632749101211722,0.7815903031089435,-1.3977393479860947,-1.0116314507249786
QN23.26.017.14v.05A.03,D2,M3,-1.1712613347236915,-0.8574035083099842,0.7285710705356199,-2.9497116047956435,-0.3632910745979437,0.11664677662661868
QN23.26.017.14v.05A.05,Hybrid,M1,-0.15136311397815722,0.7944638115368803,0.026039204148320377,0.09529494417933343,0.5326237673943484,-0.023836103258951444
QN23.26.017.14v.05A.06,Hybrid,M1,-0.20609770400295302,0.4274889448908653,0.34688018534067006,-0.15385906738065747,0.6987331110120423,-4.0148628234126615
QN24.26.003.14.01.02,D2,M4,-2.86636858507606,1.1473076053998383,1.0022723307930421,-4.275278430482081,2.79463293759315,1.5636953647522842
QN24.26.003.14.01.03,D1,M4,-2.0612587946069896,0.37777846569079515,-0.3474131124069019,-3.5002409345617624,1.3589752107324702,-0.6079061498096765
QN24.26.003.14.07.01,D2,M1,-0.23497530485863355,-0.2536973354303934,0.41233191738550173,-0.1579294039281029,1.7172940528007996,-1.083970399100313
QN24.26.003.41.05.01A.02,D2,M2,0.6575046618169218,-2.642613577160162,0.911683076715808,-0.1176508235965909,-3.2097628721320297,1.0446736699723997
QN24.26.003.41.06.01B.02,D1,M2,3.0550774336442017,1.060001485329396,-0.5699178149701539,3.1810714984153976,0.8529783581349061,0.010024307821506293
QN24.26.005.14d.02.01A.02,D2,M1,0.9498405241835429,-0.7154824454552898,-2.060811418474676,0.48343179336188224,-0.0772516128687108,-1.1901589865526343
QN24.26.010.14v.03A.05,D2,M3,-3.191740079315687,-1.3003327699054865,0.05562142219060323,-2.536869125619747,-0.8076103598644733,-0.37825960229311206
QN24.26.010.41.02.03,D2,M2,0.9478219638720247,0.40089797583064263,0.5805852078596004,-0.13485266233762866,-0.17674820755481932,2.7727335057766367
QN24.26.012.14V.03A.02,D2,M1,0.349471862244966,-0.17478883740781034,0.7494868175064889,0.14276002294072884,0.972100915966713,-0.17095167091822264
QN24.26.012.14V.06A.04,D1,M3,-3.8609368636427432,0.568374287834055,0.27429569653588737,-3.6800721841723054,0.0712040245588943,2.235448029896262
QN24.26.012.14V.07A.01,D1,M4,0.20725133802279616,-0.4733772995113502,1.1779209010072373,-0.9560915005403761,3.212952558478718,0.9482063818998151
QN24.26.013.14v.01A.02,D2,M3,-1.841774716598727,0.4671088110822199,0.22551984607561637,-2.303180782103159,-1.9016137497300016,-1.7118419929101767
QN24.26.013.14v.01A.03,D2,M1,-1.890131901964465,-0.02240149114445719,-0.9517179273965597,-1.4410864358015654,2.1859312667476565,-2.188834066642251
