MSN_unique_ID,M_class,T_identity,T_RRR1,T_RRR2,T_RRR3,M_RRR1,M_RRR2,M_RRR3
A10162_Batch4,M3,D2,-0.4276389882633416,0.7410571905094532,0.45684090573299796,1.3761257589187013,1.0504454283264524,-0.26189172891211887
A10163_Batch4,M1,D1,-0.14973531746966098,-0.2181769695990471,0.6754000039282269,-1.1226008200309991,-0.8311345505960354,-0.8211136197420019
A10184_Batch4,M3,D1,0.6406853052721342,0.21636537667782807,1.6419724097729,3.0475333467040744,0.8185979495799359,0.7113322406972742
A10243_Batch4,M1,D1,-0.49779112266728087,-0.02090361935677426,0.08436566901475363,-1.0079002409817979,0.7692708644709021,1.77895771433495
A11114_Batch4,M4,D1,-0.5743714606696302,-0.7125110172944582,-0.781015463238344,-1.6071407198835455,-0.6778048954234913,-2.9742525714534667
A11126_Batch4,M3,D1,1.8084817927826045,0.7096164323701064,-0.9082752495954302,1.8584816782351408,0.4663726161776135,0.16328722462815817
A11156_Batch4,M2,D1,0.24159291933291216,0.21202124029572156,-0.5199331750191215,2.730680782311812,-1.05768371725715,-0.3915180981176237
A11181_Batch4,M4,D1,-0.1864813105489093,0.9359636083455907,0.6148324378385327,-0.667958720089932,0.8138805270728323,0.03156214901458754
A1174_Batch4,M3,D1,-0.14299730360587773,0.3582125402042328,0.19465524487300281,1.4415364340739472,0.8775474183496954,-0.9532956170875769
A20256113_Batch7,M4,D2,0.55981026504442,0.4332556061317636,0.3584002383104423,-0.3143744645816403,0.6879103039178718,-0.677447981498171
A20256116_Batch7,M1,D2,-0.8538324614631134,0.38309162465296825,-0.6658108423397708,-1.475846294318925,0.28535739711653463,0.7243086745488978
A20256117_Batch7,M4,D2,-0.07599845936679953,0.05815983391053673,-0.040165954176367216,0.383507584255039,0.4682873186893447,-0.9486058353944467
A20256162_Batch7,M4,D1,0.8927771788171321,-0.8031451720099615,-1.0736623846910842,0.2505038868841896,0.4031783324256052,-1.6225686093859324
A20256163_Batch7,M1,D2,-0.6065142986481251,0.252832304890148,-0.6836544939573423,-4.729153500629381,-1.1201355985556005,-4.090726637954104
A20256164_Batch7,M3,D2,-1.2345906414968149,0.4202767657017377,0.05482474661018523,0.39357392691926285,0.6494951682387211,-0.045841222308416585
A20256171_Batch7,M3,D2,0.13409326315160952,0.5783615567368698,-0.4060726084727582,1.3392285865975793,0.18829833405141366,-0.7673954922648195
A20256173_Batch7,M2,D2,-0.651552221945224,-0.8398634444534815,-0.36107935688104087,0.8302153536169943,-3.13817433315626,0.17260439527700883
A20256177_Batch7,M1,D2,-1.1184187596761666,0.34636990917691085,-0.5783074721389814,-1.0473581874929838,-0.6327731436228333,-0.37286611560285776
A20256202_Batch7,M1,D2,0.11465779136655213,0.23713384982176663,-0.1419428504332251,-1.5356654427343273,-0.28140366245153575,0.4271205292119963
A20256206_Batch7,M1,D2,-0.3159579829682343,0.2197800101324306,-0.03149653029454779,-1.9325395021021898,-0.3591726340957474,0.16121979617004878
A20256263_Batch7,M1,D2,-0.5713094069891096,-0.1755905423924753,0.12616667040744317,-3.415018591700496,0.4435656029226568,-1.301268501661315
A20256307_Batch7,M3,D2,-0.008957975552634553,0.2018601975254093,0.278115301330465,1.2599957921686857,-0.009272539517116596,0.3845500103755504
A2025644_Batch7,M3,D2,0.9618262605624079,0.7044327250220017,0.92033551388815,1.750709052744196,1.3104933087471484,-0.011829120340486388
A2025647_Batch7,M3,D2,-0.34607569500891894,-0.1588174788779052,-0.8647766483832664,1.692688415678512,-0.07272787790369675,-0.47897915847852773
A2025653_Batch7,M3,D2,0.49795586259587943,0.14768547124479786,0.1980970225455072,1.3996388828590025,0.7777216088749577,-0.4975630589370982
A2025654_Batch7,M3,D2,-0.03776006304172287,0.236761465162863,0.3572041163432068,1.0497618439870735,0.6126705404625269,0.07309735962500982
A20257151_Batch7,M3,D2,-0.5632612685757957,0.03673299199606886,1.0462448107170805,0.3544482058292849,-0.060373521957583796,0.14744545550100538
A20257152_Batch7,M4,D2,-1.7796857727874082,-0.49260929071680504,-2.3362444368115756,-1.2659188604355318,0.20954829775996764,-4.29855880153377
A20257156_Batch7,M4,D2,-0.2010778829860288,0.5833266083149888,-0.5251586457699258,-0.7280310417417653,0.7899355759851076,-0.9546555732227129
A2025716_Batch7,M3,D2,-0.2964261880900181,0.13867857130619246,-0.12181390479362418,0.41504561588706457,0.25579090343752997,0.16929321845032555
A20257171_Batch7,M4,D2,-0.5829943874995922,0.15895433065188752,-0.20526962215412808,-0.26117178452792644,1.1760204715332643,-0.2867692039625518
A20257172_Batch7,M4,D2,0.2591856041366292,-0.5561579523972264,-0.6591785493561277,0.4978445762830107,0.1627778187685178,-2.0357195885235164
A20257174_Batch7,M3,D2,0.19225582036033823,0.3464370891997412,0.3195389165609789,0.6545394463246875,0.3681516929252165,0.014777031684897579
A20257178_Batch7,M1,D2,-1.8292126863784328,-0.5083595441422377,-0.5901597030883747,-4.488737241941834,-0.21295888819599132,-1.0001119074784066
A2025717_Batch7,M2,D1,-0.8024443694153603,-2.318112861501107,-0.4249359343449881,0.3450900660180368,-3.8304814261388422,1.2493291614209399
A20257186_Batch7,M1,D2,0.18960472201897077,0.07285994257485895,-0.21349064484639096,-0.8991331024409287,0.0543392142483195,-0.684786310177759
A2025731_Batch7,M4,D2,-0.8264943694936511,-0.3180277052698312,-0.4100916562524547,-1.9023632381799342,-0.18660571452109795,-1.552180640707391
A2025735_Batch7,M3,D2,0.7612760873199269,0.15575211717515774,-0.43701214627998225,1.0380103329003134,1.1397045282108935,0.0011664056279640372
A2025781_Batch7,M1,D2,-0.9078922231558212,-0.39343761356115076,0.8318775104950593,-2.4118440706883275,-0.054761242411706074,0.7285727683482723
A2025794_Batch7,M3,D2,0.19039640508956288,0.07127879189829223,0.45902895439807473,1.3488005868187467,0.9555931782155259,-1.3288731558241085
A2025795_Batch7,M1,D2,-0.5752811186216077,-0.16796201444066255,0.0665098375013088,-1.478621618837806,0.5168863663446812,1.1604496328373108
A2025796_Batch7,M3,D2,0.32716246941166666,0.4577354080438704,0.14559229810145635,0.42078030865963434,1.029849982944808,-0.3546516437362611
D2510215_Batch8,M2,D1,0.8190661671559951,-1.1968793578035026,0.5900691061511024,0.655838148616189,-1.3755614913402183,0.6394577790542174
D251022_Batch8,M1,D1,-0.6810440375563535,0.09469353442219094,0.2953964454359007,-3.51051801507423,-0.22029862287419824,3.0561738646217442
D2510232_Batch8,M4,D2,-0.06519704620065349,0.4777120228771943,-0.5708355684372328,-0.5728090360401347,0.8615644748485662,-0.4636753169575355
D251027_Batch8,M1,D1,-0.3542492982227058,0.009644047191019245,0.19758008290387322,-0.8308420259505919,-0.08101044159456644,1.378500501045334
D251033_Batch8,M2,D1,0.3639115242087144,-0.23151757884276886,-0.24429022075445028,0.7052586988482963,-2.7881347187854124,-0.6030516354886221
D251064_Batch8,M1,D1,0.4816541676206214,-0.006985998738347821,0.042644210179905995,0.6561063464907483,-0.3989148019708519,1.844058813490781
D251072_Batch8,M2,D1,-1.0331402748148766,-2.156037976816079,1.0961286453445305,0.6502910856006946,-5.9671214515917415,2.3107306328208557
D251075_Batch8,M1,D2,-0.1791432302004824,0.2492358870414756,-0.17418867995269932,-0.42509803010331887,0.2692708194101555,0.8185376431464884
D251076_Batch8,M3,D2,-0.09695702182524737,-0.8634263046738714,0.8373929492102219,1.71573145909599,0.12721551715595117,0.9302300049847274
D251081_Batch8,M1,D1,-0.7106810408536828,-1.2715008173172984,0.8895611595139327,-1.0664695460248104,0.48487361616115576,1.3478076746863674
D251162_Batch8,M2,D2,0.5223298512532307,0.16094332147600462,-0.04951121380783846,2.0306279101564018,-2.752140876946952,1.3459395798912455
D251172_Batch8,M1,D1,0.6037771750655196,-0.6233431355339806,0.30981800302829604,0.30073600998470384,0.9141078251570985,1.5580295517550709
D251174_Batch8,M2,D1,1.0118342297135752,-1.4536306077134968,0.3603035955456585,0.9631067522027521,-1.837610478564315,0.9427157278772804
D258155_Batch8,M3,D1,-0.19780937657214182,-0.4177039928666222,0.15562222412651744,0.7085526511766385,-0.08745729694560242,-0.08253376564330422
D258182_Batch8,M1,D2,0.5018047708478677,-0.1592261929117445,0.3871149554000065,-1.1788029957005532,-0.6644057801801052,1.0817179446452896
D258224_Batch8,M1,D2,-0.6678238169359999,0.19476046690755355,0.4908510916885452,-3.0740777095704552,-0.7941782579574777,3.106281494387443
D259101_Batch8,M3,D1,1.375955259963972,-0.4526389495382025,0.052174536842274466,1.374373602959767,0.26985017298461283,1.176606515847362
D259121_Batch8,M4,D1,0.5574527729371489,-0.8731368351186855,-0.03213665747938513,-0.07682972564005619,0.03699910822744662,-0.07238630493517362
D259122_Batch8,M2,D1,-0.3892901674531085,-0.24637542730827783,0.5732457394848733,0.31136538119268226,-1.8394569611714333,0.8543021902699595
D259161_Batch8,M2,D1,1.6780390525575313,-1.6140295376915739,-0.017916463054446954,1.8022623992677345,-4.473566796659452,1.2800388852598055
D259162_Batch8,M2,D2,0.8252810059820694,-0.011026726800974926,0.35662126281359224,1.0645569242237587,-2.5113040397335897,0.6994260673403402
D259164_Batch8,M1,D1,-0.034226426707670204,0.4946347083835527,0.91133772054518,-0.736439587046148,-0.5930941594736039,0.8388158564983854
D25943_Batch8,M1,D1,-0.43109259180020304,-0.13418311983052278,0.629339695650277,0.7716194522077053,-0.4122135779732939,2.085477977278207
D25952_Batch8,M1,D2,-0.3154504801986821,-0.22983361757627627,0.3686788314106153,0.15619509612879537,0.6634653964158065,1.033705314653003
D25953_Batch8,M1,D1,-0.6342350830638908,-0.2759503682624015,0.7147173457642805,-2.0987110752719986,0.5064577332876934,2.5585682621356893
D25992_Batch8,M1,D1,-0.6253125955607202,-0.42954541169967814,0.2250892797168209,0.1755501718547986,0.00999562851025626,2.1281973885531915
D25993_Batch8,M1,D2,-0.06044999683098018,-0.6863360080770533,0.8153760985310342,-0.8328536448624835,0.18870894808646754,1.8884229685915508
D25995_Batch8,M1,D2,-0.28018339782209917,0.08672016382040842,-0.21499975103776384,-2.087056771987231,-1.501540619260788,0.3193029416271272
J10104_Batch3,M3,D1,1.0247036921678747,-0.8663142939872867,0.2321332725133361,1.3014374531016935,0.7512203971013767,-0.0881006112118356
J10114_Batch3,M3,D2,-0.6497816491268891,0.5736710796091261,-0.46354455854056664,0.937210541068922,0.9113548266905411,0.5399481023022135
J10141_Batch3,M2,D2,0.5999741130972223,-0.03313353853636195,-0.9047034060005283,2.4994943221010044,-3.29982745289992,1.6718581427265455
J10145_Batch3,M1,D1,-0.21188713029691353,0.20427650998563213,-0.035392520643757086,0.22404727169533886,0.8301120911367117,1.6376274806377547
J10147_Batch3,M1,D2,0.2938103530684258,0.11389627601373345,0.5164247483965865,0.18796556720209093,1.0303174721371455,0.5662526897933613
J10152_Batch3,M4,D1,-0.4014509939116025,-0.2795764382363218,0.31099262132814576,-0.4089972431282133,0.4395538395763332,-3.510969037198042
J10153_Batch3,M4,D2,-0.5117662514312833,0.5907182389192275,-0.3463896496323754,-0.6352999379352249,1.3758066368161388,-1.155867314370105
J10156_Batch3,M1,D2,-0.11000101921124639,0.5277030262432372,0.420162800210479,-1.0637652594249087,1.17626583915881,0.6275406540253472
J1022_Batch3,M3,D1,0.12559048946047752,-0.06166663251517865,0.046813478700181856,0.2555627309428885,1.1479938574174735,0.3445299655802402
J1074_Batch3,M3,D1,0.28467326364581796,0.01611978121728376,0.025196797027631848,0.648951833450109,-0.6175830614910007,0.7422049199339891
J1082_Batch3,M2,D1,-0.09586513602591068,-0.3660738069415369,0.9491580130502657,1.6312709819326145,-1.9571577808337066,0.39348000754047624
J4235_Batch6,M3,D1,1.311719748585249,-1.262584840072992,-0.10244628232161493,1.8368537531893503,0.0552412689697694,0.401574280977096
J4241_Batch6,M3,D1,0.5374282863170472,0.728276322421551,0.8942394691566634,1.3327571274293506,0.7813509684222496,0.19335531795861358
J4281_Batch6,M3,D2,-0.1508081479556217,0.5718371658244363,0.08716438361332765,2.673405834777598,0.8090495773660853,0.4267638092853663
J4285_Batch6,M4,D2,-0.22946640091848608,0.367258236010016,-1.9801786184718408,-0.22772553403973816,0.957389179552772,-1.36145696910111
J5146_Batch6,M3,D2,0.6205937915751575,0.30432739645449236,-0.1580377021108341,1.1793574932161346,0.792907171471323,0.1301092424493627
J5161_Batch6,M3,D2,-0.09335738989773076,0.41838902398308764,0.23802419908756497,0.6891687049522845,-0.1508359881641672,-0.20211291314886054
J5164_Batch6,M2,D2,0.20682811965604134,-0.6212817641735442,0.0873511430781603,0.9750211706829424,-1.1883657354537815,-1.2244254422098786
J5167_Batch6,M4,D2,0.972519047037691,-0.46409694687476355,-0.5984092284047638,0.6091104043914397,0.8544812594563983,-1.8074368211554528
J5191_Batch6,M3,D2,0.2851584826089604,-0.05035976078840848,-0.39190451234774043,2.2986843578790976,1.0440975358245717,0.08981195944109249
J5192_Batch6,M1,D2,0.6020454296834015,-0.5283106331749947,-1.032084208352491,-1.8543669810356995,-0.038006993484854756,-1.346767241514746
J5195_Batch6,M3,D2,0.33131809374141397,0.7903444315052219,0.29639890856596995,1.0570264816076074,0.7528965011310347,-0.3526155378389381
J5205_Batch6,M3,D2,0.5404874955443709,0.475481257697455,-0.10993126237741677,1.2716267065870657,0.257723606649353,-0.5240161900523147
J5214_Batch6,M3,D2,0.42460723149853785,-0.023785649560194605,-0.7525327120058902,1.1939469106113922,1.1139239798461094,-0.9434910724867093
J5216_Batch6,M4,D1,0.34735608032435894,-0.5642330896592667,-0.5573743817499919,0.218312397704978,-1.2083984164899595,-2.799053072452835
J5223_Batch6,M4,D2,0.3440617784869069,0.22127060947836097,-0.18581953779054072,0.1411800804881768,1.3277162313294508,-1.2381442251343973
J5227_Batch6,M1,D2,-2.546054924487874,-2.181202008097563,0.032879656040198546,-1.9066649949522319,-2.6233157792506474,0.37107779972840615
M1164_Batch5,M3,D1,0.31993687798584114,0.279586336595035,-0.08825960834235355,1.5619363787814167,1.1588189228451913,-0.3467293686049847
M1175_Batch5,M3,D1,-0.29996180357818075,0.5871314156613641,-0.07391082334638747,1.5404439275803923,0.8917178954518852,0.01993062798434375
M12132_Batch5,M1,D1,-1.00809440354783,-0.07104574593154518,-0.6075835098080363,-0.85034292759349,0.208630412765081,-0.9079744020316677
M1275_Batch5,M1,D2,-0.31292216985666044,0.3557048315279558,-0.2855092465440929,-1.77633107167724,-0.7202296942226556,-0.5484846342933305
M1276_Batch5,M1,D2,-0.38732693959350906,-0.13804721201491327,-0.3418592532629178,-1.1850635466826378,0.20390762623535177,-0.8295411331507974
M1293_Batch5,M1,D1,-0.6031808820021605,0.610204299936268,0.6601370295328419,0.3679915390196991,0.4292334079599634,1.157832237128529
M2103_Batch5,M1,D1,-0.30908591223448356,-0.37368422943223417,0.7686851658863707,-0.11805603275315507,1.2439680036619478,0.15971219913610019
M2121_Batch5,M1,D1,0.48501050146265706,0.24952551610532717,0.6382607143465535,-1.5697808848402328,0.26106533367732276,-0.12187044032217584
M2255_Batch5,M2,D1,1.0705168416293143,-1.1626247262119114,0.08128777626591291,1.8669264787369464,-4.428969862214829,0.3979232576553368
M234_Batch5,M1,D1,0.5081803165828229,-0.17195909521762978,0.9300385840644523,-1.4757644375445333,0.9385453009779392,0.04386703445108475
M251_Batch5,M1,D2,0.08430376684541926,0.8229210637122437,0.6180405813231435,0.3878981282589518,0.4314830380365591,0.21978041824333755
M253_Batch5,M3,D1,0.45123457055050675,-0.8569657025759864,-0.26982057499624096,0.7785050415011479,0.7386246840016363,-0.49017749477394645
M272_Batch5,M1,D1,0.5832786926814394,0.4746127476151606,0.12051600258939911,0.08054548097013477,0.8904872612962627,0.9713799008113793
M3111_Batch5,M2,D1,-0.4005247065067146,-0.1442111361293122,0.20093638089402202,-0.2652102784714831,-0.4301082316534395,0.4215867949437568
M3124_Batch5,M1,D2,-0.04897587618885135,0.42631534089912076,-0.5370088092101092,-0.8164272025350323,0.5100914065509252,-0.5776546186726217
M3214_Batch5,M1,D2,-0.7747644452706388,0.9719308449429129,0.39581699980932084,-3.1304624827429013,0.5354846758756904,0.6938872654559269
M3263_Batch5,M3,D1,0.05553982606121707,-0.2921363575880816,0.45662230714072904,0.48696640779906314,0.29688021921912194,-0.8961001210556114
M3266_Batch5,M1,D2,-0.2741239957574273,0.8366652881718244,-0.3920990198336458,-0.5537558135617714,0.8012580741708883,1.0147560702934106
M3271_Batch5,M4,D1,-0.4683983180982776,-0.24315829804441375,0.16054715630777677,-0.2174283504944134,0.2812945589356608,-3.326422848544146
M3273_Batch5,M3,D2,-0.11977591318807015,-0.31348864463961357,-0.04687508619686487,1.2421974584474784,0.8659028424599999,0.26273856003927565
M3282_Batch5,M2,D2,-0.32683341739660515,0.6870614485277313,-0.3735029930386894,1.9789857661389152,-1.148207559187711,0.1679247349426613
M3285_Batch5,M3,D2,-0.06001127703695267,0.7773626868874255,-0.751055696100114,0.7546247803053252,1.1926282742952943,-0.3652862380119225
M3311_Batch5,M4,D1,-0.0974683702546971,-0.7538385863117549,-0.8832181394336809,-0.8315579092217316,-0.012213555451085989,-1.8573983037419037
M332_Batch5,M4,D1,1.5131947031728497,-1.0038881636670007,0.21815313917155865,-0.6730074569055495,-1.7502481076909464,-1.8900872109011566
M342_Batch5,M1,D2,0.14585314182902648,0.35521991403471,0.44141038602425053,-1.155289094939467,0.4627067645038859,0.015571135902615885
M354_Batch5,M2,D1,0.13168008564678818,-0.052256651876378485,0.22989168424079626,1.2597559964812042,-1.6699053110107764,-0.02350966545256683
M362_Batch5,M3,D1,1.2227267988669484,1.3847991934248536,-0.3521005128183935,1.2675322677558474,0.7632972012581645,0.4566692925996254
M4112_Batch5,M4,D2,-0.6515279390829466,0.8476769628330897,-0.07656226150065007,-0.4674306625437309,1.275389191430834,-0.20647745574504603
M4113_Batch5,M1,D2,0.7922123532365717,-0.006069640850321224,-0.7189050483390226,-1.0510800488306828,0.5805612440756053,1.1655574575513068
M4114_Batch5,M1,D1,0.0640590187299231,-0.6204747532823052,0.3371327913714749,-0.8295096884228301,0.08082521817378366,0.46350575397392807
M4115_Batch5,M3,D1,0.22946130562813,0.5818285250972105,1.0159740024954238,0.2608177101616166,0.020001044407767156,1.0134937167832387
M4116_Batch5,M1,D2,-1.7794699428187544,-0.9115319615830406,-1.0393802282222637,-1.669088027873208,-0.323659483172349,0.5503982462203375
M414_Batch5,M3,D2,-0.32834705502969824,0.5705378146506436,-0.14887675737626677,0.7941359602155478,0.8104433372878481,-0.6125604281661385
M4155_Batch5,M1,D2,1.2628611222611072,0.3249918766254072,-0.9651058525006783,-0.45682439803500474,-0.1368545082400108,-0.13745291987468028
M4164_Batch5,M1,D2,-0.025277142653445307,1.1867189458910918,-0.1281841053720727,-0.02671103218394602,1.0613045314851435,0.34537150551653506
M4167_Batch5,M3,D1,-0.16157166334680018,-1.2620372129609871,-0.35838620479664846,0.8057678531872832,0.915453312919452,0.19883075623860946
M416_Batch5,M3,D1,1.4195556682728108,-0.5174026096476037,-0.5345248318737241,1.4897875044219746,1.0557924565925294,0.17016860863634634
M4172_Batch5,M1,D2,-1.2159440188573534,0.12169579668034362,-0.46416751719816607,-0.5270411544579815,0.6040958129457757,-0.20802622754106526
M4173_Batch5,M1,D2,0.19808420574644292,-0.1879846259318076,0.6394005429541331,-1.0992615513128392,0.8453591269291307,0.6342535936065102
M4176_Batch5,M2,D1,0.5090001423481509,-0.34703418897910654,0.6398628448462798,1.4579613050168345,-1.2246217044636656,0.002512468323171771
M4178_Batch5,M4,D1,-0.7216751242695515,-0.08186775719279121,-0.9173996349883966,-0.05617288634006862,0.4644350791897488,-3.637259256925889
M4179_Batch5,M3,D2,-0.57465625114965,0.3792197387197041,-0.20192828354130465,1.210845185095043,0.14746561940518024,0.2516452150214405
M417_Batch5,M1,D1,0.060015398799016795,0.11117751613838649,0.11317259085033785,0.1367670304117586,0.5381733522108401,1.5879529729461306
M4181_Batch5,M3,D2,-0.2663684267838511,0.3334738741429669,-0.5032160665250155,0.6198513259767927,0.1434334333275184,-0.19404151223067123
M4182_Batch5,M3,D2,0.2667934525802639,0.06327264160950291,0.26698943659823493,0.3590726141051906,-0.07512052367338073,-0.15302286882730604
M4185_Batch5,M3,D2,1.2163864987555266,0.34212248989991767,-1.3807845885938699,1.334021873850972,1.2774883929136698,-0.12751325742185216
M4186_Batch5,M4,D2,0.7799090542455169,0.4552694752290784,-0.5430377440423324,-0.20787831664999543,1.0026798124924612,-2.6367199744897176
M421_Batch5,M2,D1,1.1783025809788001,-0.8052915816484234,-0.2628240327985914,1.333719497875177,-1.459565736751568,-0.6802331254206859
M42210_Batch5,M4,D1,0.1813692057684314,-0.541302932951043,0.49157807758730604,-0.2389920218194571,0.0034057326454213083,-1.8290607942370967
M4225_Batch5,M1,D1,-0.13214788447990797,0.32437113180875976,1.4171777239941807,-2.0248536378468236,-0.3213354849556421,2.3585066306038436
M4231_Batch5,M1,D2,-0.41495737313420566,-0.07275030658920098,-0.11834829536861556,0.04520529368314735,0.013103538994782588,0.4588030534710762
M4237_Batch5,M3,D1,-0.14812454707581077,-0.15429624636607686,1.0130345042446431,0.41377348201788366,0.6940425359549436,0.03538212291682674
M4243_Batch5,M2,D2,-0.11555730386716793,0.2018899687239996,0.06798673179382934,1.013915377973035,-1.0102987582258827,-1.4745803834211002
M4246_Batch5,M3,D2,0.5884845398398465,0.03654049034783144,-0.2725034126566314,1.5199342804457814,0.9355966022317684,0.24793201286723793
M4252_Batch5,M1,D2,-0.4372730975475674,0.7070657327587297,0.7470984057301766,-2.426356762292763,0.7384022984779207,3.1922236943563287
M431_Batch5,M3,D1,0.9854286368839176,1.0124712004475265,1.1708600049154245,0.822581849889658,1.0021713851193113,1.0571510332193093
M472_Batch5,M3,D2,1.717749673342518,-0.2525149779743883,-0.6662458648843892,0.7700642027003755,-0.42396006972090977,-0.44979405505186526
M483_Batch5,M2,D1,0.8960309883301484,-0.6669645921803177,-1.3185162291764847,-0.2014343011517136,-1.7012894691243297,-0.6592237798017672
M484_Batch5,M3,D2,-0.20117174146807487,0.6601845408651745,-0.3278026432442114,0.5655533121327663,-0.6362995466512045,0.27794486715168965
M491_Batch5,M1,D1,-0.1806013164014046,0.7859273588487949,0.37240926537635083,-2.361855859259901,0.28125505620034397,-0.23852292540505277
M496_Batch5,M1,D2,-0.9591531972413884,-0.3351005657052316,1.2581385154547737,-3.6010381121321196,0.34480976753490383,2.358357278500157
M497_Batch5,M1,D1,0.3396851562471323,-0.6528819792881659,0.11707572071462319,-1.603239497653544,0.11220406351558312,-1.1413651534158509
M498_Batch5,M1,D1,-0.5531831663716166,0.016121839657272666,-0.2058740381617275,-1.308383026329374,0.7231354988179601,0.6173725183587877
O1013_Batch2,M4,D2,-0.4426313606208052,0.9040904048542314,0.17650419623665065,-0.46381992542489886,0.8086992818596231,-0.7127418530297055
O8204_Batch2,M1,D1,-0.13489031509568986,0.6819896226670361,0.5598946750129951,-1.6832706363371455,1.134203113851088,1.1627524259531687
O8221_Batch2,M3,D2,-0.11173543510851716,0.8979020482926511,-0.2441357293753135,1.2311065746403203,1.1034362116808176,0.06550428833321646
O8244_Batch2,M3,D1,-0.5856687541112898,0.2546598485952471,0.34718668131609787,0.7101914137938838,-0.35652192876629374,-0.27682662301284555
O8273_Batch2,M1,D1,-0.0520288610480698,1.190598918403201,0.2930954832884023,0.6732828490762238,0.8832747645027533,1.5398119565175112
O9161_Batch2,M4,D2,-0.10526899310850085,0.6059690478733422,-0.6201305717660432,0.09280372626378325,0.14233399496146637,-0.8809390938519779
O9242_Batch2,M1,D2,-0.26265441096556474,1.1546639364994844,-1.299776605333945,-1.9742832241590376,-1.3632123705137857,-1.3450157882910907
O935_Batch2,M4,D1,-0.6477759319600047,0.6540333331654662,-0.009325951643276594,-0.5430667362572962,0.22698428617514343,-0.945057806326076
