repeat,fold,rank,feature,inner_seed
1,1,1,Epsy_upstroke_adapt_ratio,20291013
1,1,2,Epsy_ahp_delay_ratio_5spike,20291013
1,1,3,Epsy_ahp_delay_5spike,20291013
1,1,4,Epsy_width_adapt_ratio,20291013
1,1,5,Epsy_peak_deltav_rheo,20291013
1,1,6,Epsy_upstroke_downstroke_ratio_rheo,20291013
1,1,7,Epsy_downstroke_adapt_ratio,20291013
1,1,8,Epsy_trough_v_rheo,20291013
1,1,9,Epsy_fast_trough_v_rheo,20291013
1,1,10,Epsy_threshold_v_adapt_ratio,20291013
1,1,11,Epsy_postap_slope_rheo,20291013
1,1,12,Epsy_width_rheo,20291013
1,1,13,Epsy_threshold_v_short_square,20291013
1,1,14,Epsy_threshold_v_rheo,20291013
1,1,15,Epsy_postap_slope_hero,20291013
1,1,16,Epsy_peak_v_adapt_ratio,20291013
1,1,17,Epsy_peak_v_rheo,20291013
1,1,18,Epsy_trough_t_rheo,20291013
1,1,19,Epsy_trough_t_hero,20291013
1,2,1,Epsy_ahp_delay_5spike,20291014
1,2,2,Epsy_ahp_delay_ratio_5spike,20291014
1,2,3,Epsy_threshold_v_adapt_ratio,20291014
1,2,4,Epsy_upstroke_adapt_ratio,20291014
1,2,5,Epsy_width_adapt_ratio,20291014
1,2,6,Epsy_peak_deltav_rheo,20291014
1,2,7,Epsy_upstroke_downstroke_ratio_rheo,20291014
1,2,8,Epsy_width_rheo,20291014
1,2,9,Epsy_downstroke_adapt_ratio,20291014
1,2,10,Epsy_postap_slope_hero,20291014
1,2,11,Epsy_postap_slope_rheo,20291014
1,2,12,Epsy_trough_t_hero,20291014
1,2,13,Epsy_trough_v_rheo,20291014
1,2,14,Epsy_peak_v_adapt_ratio,20291014
1,2,15,Epsy_fast_trough_v_rheo,20291014
1,2,16,Epsy_threshold_v_short_square,20291014
1,2,17,Epsy_threshold_v_rheo,20291014
1,2,18,Epsy_peak_v_rheo,20291014
1,2,19,Epsy_trough_t_rheo,20291014
1,3,1,Epsy_ahp_delay_5spike,20291015
1,3,2,Epsy_upstroke_adapt_ratio,20291015
1,3,3,Epsy_width_adapt_ratio,20291015
1,3,4,Epsy_ahp_delay_ratio_5spike,20291015
1,3,5,Epsy_upstroke_downstroke_ratio_rheo,20291015
1,3,6,Epsy_downstroke_adapt_ratio,20291015
1,3,7,Epsy_threshold_v_adapt_ratio,20291015
1,3,8,Epsy_postap_slope_hero,20291015
1,3,9,Epsy_peak_deltav_rheo,20291015
1,3,10,Epsy_trough_v_rheo,20291015
1,3,11,Epsy_trough_t_hero,20291015
1,3,12,Epsy_threshold_v_rheo,20291015
1,3,13,Epsy_fast_trough_v_rheo,20291015
1,3,14,Epsy_trough_t_rheo,20291015
1,3,15,Epsy_width_rheo,20291015
1,3,16,Epsy_peak_v_rheo,20291015
1,3,17,Epsy_postap_slope_rheo,20291015
1,3,18,Epsy_threshold_v_short_square,20291015
1,3,19,Epsy_peak_v_adapt_ratio,20291015
1,4,1,Epsy_ahp_delay_5spike,20291016
1,4,2,Epsy_ahp_delay_ratio_5spike,20291016
1,4,3,Epsy_width_adapt_ratio,20291016
1,4,4,Epsy_upstroke_adapt_ratio,20291016
1,4,5,Epsy_fast_trough_v_rheo,20291016
1,4,6,Epsy_threshold_v_adapt_ratio,20291016
1,4,7,Epsy_postap_slope_hero,20291016
1,4,8,Epsy_postap_slope_rheo,20291016
1,4,9,Epsy_peak_deltav_rheo,20291016
1,4,10,Epsy_trough_t_rheo,20291016
1,4,11,Epsy_trough_t_hero,20291016
1,4,12,Epsy_upstroke_downstroke_ratio_rheo,20291016
1,4,13,Epsy_downstroke_adapt_ratio,20291016
1,4,14,Epsy_trough_v_rheo,20291016
1,4,15,Epsy_width_rheo,20291016
1,4,16,Epsy_threshold_v_short_square,20291016
1,4,17,Epsy_threshold_v_rheo,20291016
1,4,18,Epsy_peak_v_rheo,20291016
1,4,19,Epsy_peak_v_adapt_ratio,20291016
1,5,1,Epsy_ahp_delay_ratio_5spike,20291017
1,5,2,Epsy_upstroke_adapt_ratio,20291017
1,5,3,Epsy_width_adapt_ratio,20291017
1,5,4,Epsy_ahp_delay_5spike,20291017
1,5,5,Epsy_peak_deltav_rheo,20291017
1,5,6,Epsy_threshold_v_adapt_ratio,20291017
1,5,7,Epsy_fast_trough_v_rheo,20291017
1,5,8,Epsy_upstroke_downstroke_ratio_rheo,20291017
1,5,9,Epsy_trough_v_rheo,20291017
1,5,10,Epsy_downstroke_adapt_ratio,20291017
1,5,11,Epsy_threshold_v_rheo,20291017
1,5,12,Epsy_peak_v_adapt_ratio,20291017
1,5,13,Epsy_threshold_v_short_square,20291017
1,5,14,Epsy_trough_t_hero,20291017
1,5,15,Epsy_peak_v_rheo,20291017
1,5,16,Epsy_trough_t_rheo,20291017
1,5,17,Epsy_width_rheo,20291017
1,5,18,Epsy_postap_slope_rheo,20291017
1,5,19,Epsy_postap_slope_hero,20291017
2,1,1,Epsy_upstroke_adapt_ratio,20291113
2,1,2,Epsy_ahp_delay_ratio_5spike,20291113
2,1,3,Epsy_ahp_delay_5spike,20291113
2,1,4,Epsy_width_adapt_ratio,20291113
2,1,5,Epsy_threshold_v_adapt_ratio,20291113
2,1,6,Epsy_downstroke_adapt_ratio,20291113
2,1,7,Epsy_upstroke_downstroke_ratio_rheo,20291113
2,1,8,Epsy_peak_deltav_rheo,20291113
2,1,9,Epsy_postap_slope_rheo,20291113
2,1,10,Epsy_fast_trough_v_rheo,20291113
2,1,11,Epsy_postap_slope_hero,20291113
2,1,12,Epsy_trough_v_rheo,20291113
2,1,13,Epsy_trough_t_hero,20291113
2,1,14,Epsy_threshold_v_short_square,20291113
2,1,15,Epsy_width_rheo,20291113
2,1,16,Epsy_peak_v_rheo,20291113
2,1,17,Epsy_threshold_v_rheo,20291113
2,1,18,Epsy_peak_v_adapt_ratio,20291113
2,1,19,Epsy_trough_t_rheo,20291113
2,2,1,Epsy_ahp_delay_5spike,20291114
2,2,2,Epsy_upstroke_adapt_ratio,20291114
2,2,3,Epsy_ahp_delay_ratio_5spike,20291114
2,2,4,Epsy_upstroke_downstroke_ratio_rheo,20291114
2,2,5,Epsy_width_adapt_ratio,20291114
2,2,6,Epsy_threshold_v_adapt_ratio,20291114
2,2,7,Epsy_postap_slope_hero,20291114
2,2,8,Epsy_peak_deltav_rheo,20291114
2,2,9,Epsy_postap_slope_rheo,20291114
2,2,10,Epsy_fast_trough_v_rheo,20291114
2,2,11,Epsy_downstroke_adapt_ratio,20291114
2,2,12,Epsy_trough_v_rheo,20291114
2,2,13,Epsy_threshold_v_short_square,20291114
2,2,14,Epsy_threshold_v_rheo,20291114
2,2,15,Epsy_width_rheo,20291114
2,2,16,Epsy_trough_t_hero,20291114
2,2,17,Epsy_peak_v_rheo,20291114
2,2,18,Epsy_trough_t_rheo,20291114
2,2,19,Epsy_peak_v_adapt_ratio,20291114
2,3,1,Epsy_ahp_delay_5spike,20291115
2,3,2,Epsy_ahp_delay_ratio_5spike,20291115
2,3,3,Epsy_width_adapt_ratio,20291115
2,3,4,Epsy_upstroke_adapt_ratio,20291115
2,3,5,Epsy_peak_deltav_rheo,20291115
2,3,6,Epsy_upstroke_downstroke_ratio_rheo,20291115
2,3,7,Epsy_fast_trough_v_rheo,20291115
2,3,8,Epsy_threshold_v_adapt_ratio,20291115
2,3,9,Epsy_downstroke_adapt_ratio,20291115
2,3,10,Epsy_trough_v_rheo,20291115
2,3,11,Epsy_trough_t_rheo,20291115
2,3,12,Epsy_width_rheo,20291115
2,3,13,Epsy_trough_t_hero,20291115
2,3,14,Epsy_threshold_v_short_square,20291115
2,3,15,Epsy_postap_slope_rheo,20291115
2,3,16,Epsy_postap_slope_hero,20291115
2,3,17,Epsy_peak_v_adapt_ratio,20291115
2,3,18,Epsy_threshold_v_rheo,20291115
2,3,19,Epsy_peak_v_rheo,20291115
2,4,1,Epsy_width_adapt_ratio,20291116
2,4,2,Epsy_ahp_delay_5spike,20291116
2,4,3,Epsy_upstroke_adapt_ratio,20291116
2,4,4,Epsy_ahp_delay_ratio_5spike,20291116
2,4,5,Epsy_threshold_v_adapt_ratio,20291116
2,4,6,Epsy_downstroke_adapt_ratio,20291116
2,4,7,Epsy_peak_deltav_rheo,20291116
2,4,8,Epsy_upstroke_downstroke_ratio_rheo,20291116
2,4,9,Epsy_trough_t_hero,20291116
2,4,10,Epsy_trough_t_rheo,20291116
2,4,11,Epsy_trough_v_rheo,20291116
2,4,12,Epsy_threshold_v_rheo,20291116
2,4,13,Epsy_fast_trough_v_rheo,20291116
2,4,14,Epsy_width_rheo,20291116
2,4,15,Epsy_peak_v_rheo,20291116
2,4,16,Epsy_postap_slope_hero,20291116
2,4,17,Epsy_postap_slope_rheo,20291116
2,4,18,Epsy_threshold_v_short_square,20291116
2,4,19,Epsy_peak_v_adapt_ratio,20291116
2,5,1,Epsy_width_adapt_ratio,20291117
2,5,2,Epsy_upstroke_adapt_ratio,20291117
2,5,3,Epsy_ahp_delay_5spike,20291117
2,5,4,Epsy_ahp_delay_ratio_5spike,20291117
2,5,5,Epsy_threshold_v_adapt_ratio,20291117
2,5,6,Epsy_peak_deltav_rheo,20291117
2,5,7,Epsy_downstroke_adapt_ratio,20291117
2,5,8,Epsy_upstroke_downstroke_ratio_rheo,20291117
2,5,9,Epsy_fast_trough_v_rheo,20291117
2,5,10,Epsy_postap_slope_rheo,20291117
2,5,11,Epsy_trough_t_hero,20291117
2,5,12,Epsy_threshold_v_rheo,20291117
2,5,13,Epsy_trough_t_rheo,20291117
2,5,14,Epsy_trough_v_rheo,20291117
2,5,15,Epsy_width_rheo,20291117
2,5,16,Epsy_postap_slope_hero,20291117
2,5,17,Epsy_peak_v_adapt_ratio,20291117
2,5,18,Epsy_threshold_v_short_square,20291117
2,5,19,Epsy_peak_v_rheo,20291117
3,1,1,Epsy_upstroke_adapt_ratio,20291213
3,1,2,Epsy_ahp_delay_ratio_5spike,20291213
3,1,3,Epsy_ahp_delay_5spike,20291213
3,1,4,Epsy_width_adapt_ratio,20291213
3,1,5,Epsy_peak_deltav_rheo,20291213
3,1,6,Epsy_upstroke_downstroke_ratio_rheo,20291213
3,1,7,Epsy_threshold_v_adapt_ratio,20291213
3,1,8,Epsy_fast_trough_v_rheo,20291213
3,1,9,Epsy_threshold_v_short_square,20291213
3,1,10,Epsy_postap_slope_rheo,20291213
3,1,11,Epsy_width_rheo,20291213
3,1,12,Epsy_postap_slope_hero,20291213
3,1,13,Epsy_trough_v_rheo,20291213
3,1,14,Epsy_downstroke_adapt_ratio,20291213
3,1,15,Epsy_trough_t_hero,20291213
3,1,16,Epsy_threshold_v_rheo,20291213
3,1,17,Epsy_trough_t_rheo,20291213
3,1,18,Epsy_peak_v_rheo,20291213
3,1,19,Epsy_peak_v_adapt_ratio,20291213
3,2,1,Epsy_ahp_delay_5spike,20291214
3,2,2,Epsy_ahp_delay_ratio_5spike,20291214
3,2,3,Epsy_upstroke_adapt_ratio,20291214
3,2,4,Epsy_trough_v_rheo,20291214
3,2,5,Epsy_width_adapt_ratio,20291214
3,2,6,Epsy_upstroke_downstroke_ratio_rheo,20291214
3,2,7,Epsy_peak_deltav_rheo,20291214
3,2,8,Epsy_threshold_v_adapt_ratio,20291214
3,2,9,Epsy_downstroke_adapt_ratio,20291214
3,2,10,Epsy_postap_slope_hero,20291214
3,2,11,Epsy_postap_slope_rheo,20291214
3,2,12,Epsy_fast_trough_v_rheo,20291214
3,2,13,Epsy_threshold_v_short_square,20291214
3,2,14,Epsy_trough_t_hero,20291214
3,2,15,Epsy_peak_v_rheo,20291214
3,2,16,Epsy_width_rheo,20291214
3,2,17,Epsy_threshold_v_rheo,20291214
3,2,18,Epsy_trough_t_rheo,20291214
3,2,19,Epsy_peak_v_adapt_ratio,20291214
3,3,1,Epsy_ahp_delay_5spike,20291215
3,3,2,Epsy_upstroke_adapt_ratio,20291215
3,3,3,Epsy_ahp_delay_ratio_5spike,20291215
3,3,4,Epsy_width_adapt_ratio,20291215
3,3,5,Epsy_threshold_v_adapt_ratio,20291215
3,3,6,Epsy_peak_deltav_rheo,20291215
3,3,7,Epsy_fast_trough_v_rheo,20291215
3,3,8,Epsy_upstroke_downstroke_ratio_rheo,20291215
3,3,9,Epsy_downstroke_adapt_ratio,20291215
3,3,10,Epsy_peak_v_adapt_ratio,20291215
3,3,11,Epsy_threshold_v_short_square,20291215
3,3,12,Epsy_trough_v_rheo,20291215
3,3,13,Epsy_threshold_v_rheo,20291215
3,3,14,Epsy_peak_v_rheo,20291215
3,3,15,Epsy_trough_t_rheo,20291215
3,3,16,Epsy_trough_t_hero,20291215
3,3,17,Epsy_postap_slope_rheo,20291215
3,3,18,Epsy_postap_slope_hero,20291215
3,3,19,Epsy_width_rheo,20291215
3,4,1,Epsy_width_adapt_ratio,20291216
3,4,2,Epsy_ahp_delay_5spike,20291216
3,4,3,Epsy_upstroke_adapt_ratio,20291216
3,4,4,Epsy_ahp_delay_ratio_5spike,20291216
3,4,5,Epsy_threshold_v_adapt_ratio,20291216
3,4,6,Epsy_upstroke_downstroke_ratio_rheo,20291216
3,4,7,Epsy_peak_deltav_rheo,20291216
3,4,8,Epsy_trough_t_hero,20291216
3,4,9,Epsy_trough_v_rheo,20291216
3,4,10,Epsy_downstroke_adapt_ratio,20291216
3,4,11,Epsy_threshold_v_rheo,20291216
3,4,12,Epsy_peak_v_rheo,20291216
3,4,13,Epsy_fast_trough_v_rheo,20291216
3,4,14,Epsy_threshold_v_short_square,20291216
3,4,15,Epsy_postap_slope_hero,20291216
3,4,16,Epsy_width_rheo,20291216
3,4,17,Epsy_peak_v_adapt_ratio,20291216
3,4,18,Epsy_postap_slope_rheo,20291216
3,4,19,Epsy_trough_t_rheo,20291216
3,5,1,Epsy_ahp_delay_5spike,20291217
3,5,2,Epsy_ahp_delay_ratio_5spike,20291217
3,5,3,Epsy_upstroke_adapt_ratio,20291217
3,5,4,Epsy_width_adapt_ratio,20291217
3,5,5,Epsy_threshold_v_adapt_ratio,20291217
3,5,6,Epsy_upstroke_downstroke_ratio_rheo,20291217
3,5,7,Epsy_trough_v_rheo,20291217
3,5,8,Epsy_downstroke_adapt_ratio,20291217
3,5,9,Epsy_width_rheo,20291217
3,5,10,Epsy_postap_slope_hero,20291217
3,5,11,Epsy_peak_deltav_rheo,20291217
3,5,12,Epsy_fast_trough_v_rheo,20291217
3,5,13,Epsy_trough_t_hero,20291217
3,5,14,Epsy_postap_slope_rheo,20291217
3,5,15,Epsy_threshold_v_short_square,20291217
3,5,16,Epsy_trough_t_rheo,20291217
3,5,17,Epsy_threshold_v_rheo,20291217
3,5,18,Epsy_peak_v_adapt_ratio,20291217
3,5,19,Epsy_peak_v_rheo,20291217
4,1,1,Epsy_ahp_delay_ratio_5spike,20291313
4,1,2,Epsy_ahp_delay_5spike,20291313
4,1,3,Epsy_upstroke_adapt_ratio,20291313
4,1,4,Epsy_width_adapt_ratio,20291313
4,1,5,Epsy_upstroke_downstroke_ratio_rheo,20291313
4,1,6,Epsy_downstroke_adapt_ratio,20291313
4,1,7,Epsy_threshold_v_adapt_ratio,20291313
4,1,8,Epsy_peak_deltav_rheo,20291313
4,1,9,Epsy_trough_v_rheo,20291313
4,1,10,Epsy_fast_trough_v_rheo,20291313
4,1,11,Epsy_threshold_v_short_square,20291313
4,1,12,Epsy_postap_slope_rheo,20291313
4,1,13,Epsy_trough_t_hero,20291313
4,1,14,Epsy_threshold_v_rheo,20291313
4,1,15,Epsy_postap_slope_hero,20291313
4,1,16,Epsy_trough_t_rheo,20291313
4,1,17,Epsy_peak_v_rheo,20291313
4,1,18,Epsy_width_rheo,20291313
4,1,19,Epsy_peak_v_adapt_ratio,20291313
4,2,1,Epsy_upstroke_adapt_ratio,20291314
4,2,2,Epsy_ahp_delay_5spike,20291314
4,2,3,Epsy_ahp_delay_ratio_5spike,20291314
4,2,4,Epsy_threshold_v_adapt_ratio,20291314
4,2,5,Epsy_peak_deltav_rheo,20291314
4,2,6,Epsy_width_adapt_ratio,20291314
4,2,7,Epsy_upstroke_downstroke_ratio_rheo,20291314
4,2,8,Epsy_downstroke_adapt_ratio,20291314
4,2,9,Epsy_trough_t_hero,20291314
4,2,10,Epsy_trough_v_rheo,20291314
4,2,11,Epsy_threshold_v_rheo,20291314
4,2,12,Epsy_peak_v_rheo,20291314
4,2,13,Epsy_width_rheo,20291314
4,2,14,Epsy_postap_slope_hero,20291314
4,2,15,Epsy_threshold_v_short_square,20291314
4,2,16,Epsy_fast_trough_v_rheo,20291314
4,2,17,Epsy_postap_slope_rheo,20291314
4,2,18,Epsy_peak_v_adapt_ratio,20291314
4,2,19,Epsy_trough_t_rheo,20291314
4,3,1,Epsy_ahp_delay_5spike,20291315
4,3,2,Epsy_width_adapt_ratio,20291315
4,3,3,Epsy_ahp_delay_ratio_5spike,20291315
4,3,4,Epsy_upstroke_adapt_ratio,20291315
4,3,5,Epsy_threshold_v_adapt_ratio,20291315
4,3,6,Epsy_downstroke_adapt_ratio,20291315
4,3,7,Epsy_upstroke_downstroke_ratio_rheo,20291315
4,3,8,Epsy_peak_deltav_rheo,20291315
4,3,9,Epsy_trough_v_rheo,20291315
4,3,10,Epsy_fast_trough_v_rheo,20291315
4,3,11,Epsy_postap_slope_hero,20291315
4,3,12,Epsy_peak_v_adapt_ratio,20291315
4,3,13,Epsy_threshold_v_short_square,20291315
4,3,14,Epsy_threshold_v_rheo,20291315
4,3,15,Epsy_postap_slope_rheo,20291315
4,3,16,Epsy_trough_t_rheo,20291315
4,3,17,Epsy_trough_t_hero,20291315
4,3,18,Epsy_width_rheo,20291315
4,3,19,Epsy_peak_v_rheo,20291315
4,4,1,Epsy_ahp_delay_5spike,20291316
4,4,2,Epsy_width_adapt_ratio,20291316
4,4,3,Epsy_ahp_delay_ratio_5spike,20291316
4,4,4,Epsy_upstroke_adapt_ratio,20291316
4,4,5,Epsy_threshold_v_adapt_ratio,20291316
4,4,6,Epsy_peak_deltav_rheo,20291316
4,4,7,Epsy_fast_trough_v_rheo,20291316
4,4,8,Epsy_postap_slope_hero,20291316
4,4,9,Epsy_downstroke_adapt_ratio,20291316
4,4,10,Epsy_width_rheo,20291316
4,4,11,Epsy_upstroke_downstroke_ratio_rheo,20291316
4,4,12,Epsy_trough_v_rheo,20291316
4,4,13,Epsy_threshold_v_short_square,20291316
4,4,14,Epsy_trough_t_hero,20291316
4,4,15,Epsy_trough_t_rheo,20291316
4,4,16,Epsy_peak_v_rheo,20291316
4,4,17,Epsy_postap_slope_rheo,20291316
4,4,18,Epsy_threshold_v_rheo,20291316
4,4,19,Epsy_peak_v_adapt_ratio,20291316
4,5,1,Epsy_ahp_delay_5spike,20291317
4,5,2,Epsy_upstroke_adapt_ratio,20291317
4,5,3,Epsy_width_adapt_ratio,20291317
4,5,4,Epsy_ahp_delay_ratio_5spike,20291317
4,5,5,Epsy_upstroke_downstroke_ratio_rheo,20291317
4,5,6,Epsy_peak_deltav_rheo,20291317
4,5,7,Epsy_threshold_v_adapt_ratio,20291317
4,5,8,Epsy_trough_v_rheo,20291317
4,5,9,Epsy_fast_trough_v_rheo,20291317
4,5,10,Epsy_downstroke_adapt_ratio,20291317
4,5,11,Epsy_threshold_v_rheo,20291317
4,5,12,Epsy_trough_t_hero,20291317
4,5,13,Epsy_threshold_v_short_square,20291317
4,5,14,Epsy_postap_slope_rheo,20291317
4,5,15,Epsy_width_rheo,20291317
4,5,16,Epsy_postap_slope_hero,20291317
4,5,17,Epsy_peak_v_rheo,20291317
4,5,18,Epsy_trough_t_rheo,20291317
4,5,19,Epsy_peak_v_adapt_ratio,20291317
5,1,1,Epsy_ahp_delay_5spike,20291413
5,1,2,Epsy_ahp_delay_ratio_5spike,20291413
5,1,3,Epsy_upstroke_adapt_ratio,20291413
5,1,4,Epsy_upstroke_downstroke_ratio_rheo,20291413
5,1,5,Epsy_width_adapt_ratio,20291413
5,1,6,Epsy_threshold_v_adapt_ratio,20291413
5,1,7,Epsy_fast_trough_v_rheo,20291413
5,1,8,Epsy_postap_slope_rheo,20291413
5,1,9,Epsy_peak_deltav_rheo,20291413
5,1,10,Epsy_postap_slope_hero,20291413
5,1,11,Epsy_trough_t_hero,20291413
5,1,12,Epsy_width_rheo,20291413
5,1,13,Epsy_downstroke_adapt_ratio,20291413
5,1,14,Epsy_trough_v_rheo,20291413
5,1,15,Epsy_threshold_v_short_square,20291413
5,1,16,Epsy_peak_v_adapt_ratio,20291413
5,1,17,Epsy_trough_t_rheo,20291413
5,1,18,Epsy_threshold_v_rheo,20291413
5,1,19,Epsy_peak_v_rheo,20291413
5,2,1,Epsy_ahp_delay_5spike,20291414
5,2,2,Epsy_ahp_delay_ratio_5spike,20291414
5,2,3,Epsy_upstroke_adapt_ratio,20291414
5,2,4,Epsy_width_adapt_ratio,20291414
5,2,5,Epsy_peak_deltav_rheo,20291414
5,2,6,Epsy_trough_v_rheo,20291414
5,2,7,Epsy_upstroke_downstroke_ratio_rheo,20291414
5,2,8,Epsy_threshold_v_short_square,20291414
5,2,9,Epsy_threshold_v_adapt_ratio,20291414
5,2,10,Epsy_fast_trough_v_rheo,20291414
5,2,11,Epsy_downstroke_adapt_ratio,20291414
5,2,12,Epsy_postap_slope_rheo,20291414
5,2,13,Epsy_postap_slope_hero,20291414
5,2,14,Epsy_trough_t_rheo,20291414
5,2,15,Epsy_width_rheo,20291414
5,2,16,Epsy_threshold_v_rheo,20291414
5,2,17,Epsy_peak_v_rheo,20291414
5,2,18,Epsy_trough_t_hero,20291414
5,2,19,Epsy_peak_v_adapt_ratio,20291414
5,3,1,Epsy_ahp_delay_5spike,20291415
5,3,2,Epsy_upstroke_adapt_ratio,20291415
5,3,3,Epsy_width_adapt_ratio,20291415
5,3,4,Epsy_ahp_delay_ratio_5spike,20291415
5,3,5,Epsy_peak_deltav_rheo,20291415
5,3,6,Epsy_threshold_v_adapt_ratio,20291415
5,3,7,Epsy_downstroke_adapt_ratio,20291415
5,3,8,Epsy_fast_trough_v_rheo,20291415
5,3,9,Epsy_upstroke_downstroke_ratio_rheo,20291415
5,3,10,Epsy_threshold_v_short_square,20291415
5,3,11,Epsy_trough_v_rheo,20291415
5,3,12,Epsy_threshold_v_rheo,20291415
5,3,13,Epsy_width_rheo,20291415
5,3,14,Epsy_postap_slope_rheo,20291415
5,3,15,Epsy_peak_v_adapt_ratio,20291415
5,3,16,Epsy_trough_t_rheo,20291415
5,3,17,Epsy_peak_v_rheo,20291415
5,3,18,Epsy_postap_slope_hero,20291415
5,3,19,Epsy_trough_t_hero,20291415
5,4,1,Epsy_ahp_delay_5spike,20291416
5,4,2,Epsy_width_adapt_ratio,20291416
5,4,3,Epsy_upstroke_adapt_ratio,20291416
5,4,4,Epsy_ahp_delay_ratio_5spike,20291416
5,4,5,Epsy_threshold_v_adapt_ratio,20291416
5,4,6,Epsy_upstroke_downstroke_ratio_rheo,20291416
5,4,7,Epsy_peak_deltav_rheo,20291416
5,4,8,Epsy_trough_v_rheo,20291416
5,4,9,Epsy_downstroke_adapt_ratio,20291416
5,4,10,Epsy_postap_slope_hero,20291416
5,4,11,Epsy_fast_trough_v_rheo,20291416
5,4,12,Epsy_threshold_v_rheo,20291416
5,4,13,Epsy_peak_v_rheo,20291416
5,4,14,Epsy_trough_t_hero,20291416
5,4,15,Epsy_width_rheo,20291416
5,4,16,Epsy_postap_slope_rheo,20291416
5,4,17,Epsy_trough_t_rheo,20291416
5,4,18,Epsy_peak_v_adapt_ratio,20291416
5,4,19,Epsy_threshold_v_short_square,20291416
5,5,1,Epsy_upstroke_adapt_ratio,20291417
5,5,2,Epsy_ahp_delay_5spike,20291417
5,5,3,Epsy_width_adapt_ratio,20291417
5,5,4,Epsy_ahp_delay_ratio_5spike,20291417
5,5,5,Epsy_upstroke_downstroke_ratio_rheo,20291417
5,5,6,Epsy_peak_deltav_rheo,20291417
5,5,7,Epsy_threshold_v_adapt_ratio,20291417
5,5,8,Epsy_downstroke_adapt_ratio,20291417
5,5,9,Epsy_trough_v_rheo,20291417
5,5,10,Epsy_postap_slope_hero,20291417
5,5,11,Epsy_threshold_v_rheo,20291417
5,5,12,Epsy_peak_v_adapt_ratio,20291417
5,5,13,Epsy_postap_slope_rheo,20291417
5,5,14,Epsy_fast_trough_v_rheo,20291417
5,5,15,Epsy_peak_v_rheo,20291417
5,5,16,Epsy_trough_t_hero,20291417
5,5,17,Epsy_trough_t_rheo,20291417
5,5,18,Epsy_width_rheo,20291417
5,5,19,Epsy_threshold_v_short_square,20291417
