Domain,Feature,RRR1,RRR2,RRR3
Transcriptomic,Penk,-0.17901594576350074,0.2971603031905251,-0.30894180420083667
Transcriptomic,Cfap47,0.05081411544523738,-0.017415709448407195,0.10128598134561859
Transcriptomic,Tac1,0.005232934192861675,-0.3439309437779004,0.16468337456117438
Transcriptomic,Nts,-0.1670936379722698,-0.04294845732217224,-0.0783557136557641
Transcriptomic,Fos,-0.4494906982360918,0.4086332377663991,0.10778676660543719
Transcriptomic,Nrg3,0.21167143272066705,-0.19494634657784138,0.20686294967420357
Transcriptomic,Lingo2,0.28068545526958166,-0.29956055208119486,0.23602487105304099
Transcriptomic,Cftr,-0.14846020301901836,0.20968671431706462,0.02829947957258281
Transcriptomic,Cntn5,0.18363146979921505,0.0026475689325534037,0.05547234655942613
Transcriptomic,Calb1,-0.0934030238594111,0.08626556625774304,-0.3564384490308816
Transcriptomic,Pcdh9,0.2099661137638329,0.016975408974029778,-0.08684455868927071
Transcriptomic,Hpca,-0.2723486061262339,0.40998985678169225,0.0840965851561895
Transcriptomic,Rgs4,-0.2151550042385591,0.164496784642678,0.12944448522260238
Transcriptomic,Fkbp1a,-0.2790416998843343,0.28169953629324973,0.07770260002221277
Transcriptomic,Pdyn,0.013830905543348404,-0.36765846771168337,0.1934600134865778
Transcriptomic,Egr2,-0.26021789452208666,0.254988750084724,-0.015316428701504122
Transcriptomic,Sgcz,0.28581267005629424,0.0048929872215067345,-0.07448900277311071
Transcriptomic,Scg2,-0.16250627401766524,-0.34092307922979076,-0.22240895931017468
Transcriptomic,Pde1a,0.010516446109882928,-0.26178702421572314,-0.038359712741472
Transcriptomic,Arc,-0.39056105439269173,0.33865009643525834,0.14095397517975228
Transcriptomic,Egr1,-0.348021582086593,0.3905087926895603,0.11932728840971894
Transcriptomic,Dlgap1,-0.047856309716344365,0.13396643425049704,-0.0254537679416321
Transcriptomic,Ghitm,-0.2147317792090303,0.23036862035282002,-0.040610848929261874
Transcriptomic,Drd1,0.15048763295932555,-0.3348038553146327,0.14374771170092512
Transcriptomic,Adgrg6,-0.05495497384523196,0.18782276492447383,-0.00755266340024756
Transcriptomic,Rnd3,-0.23147201043980487,0.21106688875484406,-0.04677918439089222
Transcriptomic,Dpp10,0.1193005165946507,0.12263034945295863,0.23289310313170916
Transcriptomic,Kctd16,0.23225105946696087,-0.2250003968211983,-0.058620509107418596
Transcriptomic,Kcnq5,0.19774194433913933,-0.41938190215770704,-0.0920659406630563
Transcriptomic,Gng7,-0.19493440747405646,0.1503546038558007,-0.026725251619893663
Transcriptomic,Il1rapl1,0.32922454876007995,-0.2553976616770594,0.0965443516447263
Transcriptomic,Trim30a,-0.010327723646580399,0.215478200729271,-0.06865662708707897
Transcriptomic,Gpr88,-0.1837702522884174,0.19145483682728248,-0.10864255138297725
Transcriptomic,Ptprd,0.42121032059819286,-0.0183659432496847,0.17248895859416835
Transcriptomic,Cpeb3,-0.003152671455960077,-0.029573583137048665,0.12810620304774065
Transcriptomic,Nrxn1,0.20580151271130562,-0.3204475232856372,0.2530318441477843
Transcriptomic,Lrp1b,0.18862901921660935,-0.07739553985306888,0.3779241465453778
Transcriptomic,Pcp4l1,-0.3064698520640752,0.22526228157149392,-0.03465420911955906
Transcriptomic,Arglu1,0.07587558726017439,-0.021155957670650257,-0.0809809984065841
Transcriptomic,Prkg1,0.076836557767755,-0.04971492572107399,-0.20738350677484207
Transcriptomic,Calm2,-0.287271360041832,0.4176489970534686,0.13511189873022525
Transcriptomic,Marchf1,-0.012328606465921222,-0.003868195106387714,-0.1992259785192469
Transcriptomic,Kcnip4,0.3136730690153998,-0.15256351168356716,-0.1475600166388536
Transcriptomic,Tenm2,0.17300865718299197,-0.15115930783379253,0.1769291948340374
Transcriptomic,Dusp6,-0.2511503450107754,0.3674239408329476,0.11633210793166031
Transcriptomic,Lsamp,0.35226339261271017,-0.3697585100422396,-0.048471182756124116
Transcriptomic,Galntl6,0.14430115871064927,-0.02858985341458334,-0.03717142324910728
Transcriptomic,Nr4a1,-0.34895809903574976,0.302158190000303,0.05002290417368448
Transcriptomic,Dnajc1,0.22504632654721993,-0.028793952325234923,-0.046188887192189394
Transcriptomic,Calm1,-0.3085561598392731,0.42478831566538766,0.20630629701380684
Transcriptomic,Skp1,-0.2724332286347814,0.29748006546184624,0.09893263160617208
Transcriptomic,Kcnd2,0.31842002726467594,-0.2206285669829635,-0.09850567837757859
Transcriptomic,Ranbp2,0.2143198377543821,-0.14664443790339574,0.0880882077831378
Transcriptomic,Ncdn,-0.20328111515609043,0.2039630395670599,-0.2126312655564442
Transcriptomic,Pja2,-0.24258872905922546,0.22026906651685443,0.04776717936019196
Transcriptomic,Tomm70a,-0.11087415913926821,0.0810835439179857,0.0829674108462451
Transcriptomic,Lrrtm4,0.340712662611298,-0.11307351570397497,0.2662937721102939
Transcriptomic,Mbp,-0.07638016423564542,0.044762614442310875,-0.084138074155567
Transcriptomic,Mgat4c,0.2671968772204929,-0.15713914830764417,0.32771467389657316
Transcriptomic,Pde1b,-0.15600472533283177,0.07907170878565493,0.04282520479007221
Transcriptomic,Col6a1,0.12021012643289762,-0.4912869108944522,-0.014483112748760291
Transcriptomic,Opcml,0.43388954578693745,0.1695133859937954,-0.08203014345449341
Transcriptomic,A230006K03Rik,0.08743444695392481,-0.12536259476046283,-0.009335444464202178
Transcriptomic,Robo1,0.14451236494493197,-0.46885331260041463,-0.03859524899297723
Transcriptomic,Ywhaz,-0.24413543237196797,0.2892633262432753,0.07860053941442538
Transcriptomic,Cadm2,0.45216462431033344,-0.17208717725964756,0.05325933511051
Transcriptomic,Dock4,0.05136383173316677,-0.26283817323147657,-0.16359537622814943
Transcriptomic,Olfm3,-0.17425363321825432,0.10936879253411103,0.08191136864720619
Transcriptomic,Synpr,-0.009295656527632454,0.14783707813453845,-0.29394854991554875
Transcriptomic,Zfp804a,-0.13744425772839955,0.056893265684810214,0.09417026494934512
Transcriptomic,Ppp1r15a,-0.25547827675527957,0.16932080143868988,0.007569517129496528
Transcriptomic,Rgs2,-0.33310693155410526,0.32014338226888983,0.159706688327758
Transcriptomic,Cacnb2,0.2578996897365464,-0.38493206524798407,0.056712909951616694
Transcriptomic,Hs6st3,0.11297823962699605,-0.037213262021016116,0.048368350571612005
Transcriptomic,Zeb1,0.22196541071398784,-0.20336710615553463,-0.08854620594959124
Transcriptomic,Ntm,0.2017249033371945,0.3112381236309132,0.08529071417250488
Transcriptomic,Mtpn,-0.20054405884888776,0.25443960172644686,0.1743261882274531
Transcriptomic,Pkia,-0.1912062843560902,0.054181327810515614,0.0033056316078329366
Transcriptomic,Dusp1,-0.329236930324125,0.4128468841034581,0.13350445981656572
Transcriptomic,Psme4,0.04768205684087386,-0.17263590928527947,-0.02037886094124394
Transcriptomic,Gad2,-0.21872547266018266,-0.07444689249285241,-0.03369681322927801
Transcriptomic,Slc38a2,-0.214574312486208,-0.010709636383803919,0.2256290887243847
Transcriptomic,Sorcs1,0.06952183023906916,-0.333823002726285,-0.013340302305543603
Transcriptomic,Csmd1,0.39133283170353017,-0.16628101458884545,0.005548227233591591
Transcriptomic,Hs3st5,0.15783565966562663,0.10624475717107991,0.04975318330432745
Transcriptomic,Grid2,0.3849867505940229,-0.20974823257153757,-0.044827341753653625
Transcriptomic,Large1,0.2011246837779801,0.07818500669149403,0.007300120599602081
Transcriptomic,Dcc,0.19951048007442881,-0.3477369173730268,-0.01869980661345562
Transcriptomic,Mdga2,0.3313584400922023,-0.15012792314395249,-0.059354725151859376
Transcriptomic,Tpi1,-0.2971688332954046,0.3334730907979315,0.1281788281258143
Transcriptomic,Nlgn1,0.396894652770141,-0.20654482781639683,0.04569927510522622
Transcriptomic,Gpr158,0.14062394978162346,-0.057241571420528665,-0.04604819446871134
Transcriptomic,Map2k1,-0.2592208734071078,0.2120871621786816,0.16591825132692153
Transcriptomic,Srsf7,-0.009208578323398544,-0.263964993754642,-0.09414097182873002
Transcriptomic,Foxp2,0.09836537245576142,-0.20102391498528852,0.1697148864319031
Transcriptomic,Cartpt,-0.11168131167902312,0.04456371787053216,-0.07183330468205688
Transcriptomic,Mat2a,0.24083763500789943,-0.2285181905657994,-0.23640584583886026
Transcriptomic,Tiparp,-0.22962435861053268,0.22714295676944327,0.09828310158511329
Transcriptomic,Arf3,-0.16799611367694384,0.21264184603462613,-0.06099180641831659
Transcriptomic,Capza2,-0.10861090717028632,0.21768484344847477,-0.03361135793104187
Transcriptomic,Sik2,0.20649486695410782,-0.15532092395948333,-0.07382906671337867
Transcriptomic,Snhg11,0.3169309766138868,-0.4819866696651915,0.002601451809410983
Transcriptomic,Kctd8,0.023311100715555706,0.03349668201710921,0.26622495532583845
Transcriptomic,Nav3,0.2081690995897917,-0.2038931842667914,0.1242327030489303
Transcriptomic,Rims2,-0.040583563425435044,-0.2747054513197322,0.05463615210719271
Transcriptomic,Fam135b,0.11045653055190309,-0.027788489789964132,0.06817028729711007
Transcriptomic,Pde1c,0.031278281072797266,-0.06603495831892173,-0.22542928324699943
Transcriptomic,Zbtb20,-0.0361004478703384,-0.3114318090951288,0.011488709379150716
Transcriptomic,Hspa8,-0.30311498894714967,0.3457352973536857,0.04799795919273874
Transcriptomic,Cdh18,0.16560714175646715,0.07844087123314125,0.08171962447241282
Transcriptomic,Trps1,0.12528184529664665,-0.17122020028356538,0.003619051452861677
Transcriptomic,Cdh8,0.18854234021160796,-0.1018432502737559,0.03836436574987805
Transcriptomic,Vamp2,-0.3388818884339309,0.29437887504123494,0.15281345823757134
Transcriptomic,Cpq,-0.11681683317814748,0.21701242478646426,-0.010648549388013632
Transcriptomic,Pdp1,0.06991117773183121,0.19172323660872412,-0.019062019250391315
Transcriptomic,Zfp706,-0.20971543775614324,0.25452604896510217,0.08599411811810385
Transcriptomic,Xpr1,-0.04547119681303298,-0.1456388017979593,-0.06569837150403146
Transcriptomic,Lrrc7,0.22706026872789942,-0.3270654467965924,-0.0050111084175686335
Transcriptomic,Atp6v1b2,-0.0937977327613181,0.1668095199838781,0.13082400237530245
Transcriptomic,Hpcal4,-0.1630724092694201,0.22396275682648245,0.00904572736578474
Transcriptomic,Mapk1,-0.2748390925223282,0.20754523921500073,0.17417763716053075
Transcriptomic,Nrg1,0.45041290817009005,-0.14127306537109713,-0.2001272103191917
Transcriptomic,Man1a,-0.08845169448244963,-0.06545194027887011,-0.009164638312817214
Transcriptomic,Atp5f1a,-0.2315533582978554,0.4043314055808727,0.1401540274146967
Transcriptomic,Pde7b,0.3059303364285557,-0.048575689710772245,-0.07687845439944554
Transcriptomic,Atf3,-0.29211249680452644,0.24623474180442595,0.11097794405593937
Transcriptomic,Nrxn3,0.17691201489601943,-0.3897133979626259,-0.20866785807131075
Transcriptomic,Robo2,0.24239898787508363,-0.020536569803059495,-0.026825907327046816
Transcriptomic,Rfx3,0.3850517724754256,-0.1522243987895736,0.14900983403649323
Transcriptomic,Sdha,-0.3358629688646791,0.1789102281952183,0.027361630830945945
Transcriptomic,Gabra1,-0.007078300564602946,0.04809475124390986,0.0628269915180087
Transcriptomic,Plcxd3,-0.08831182264914676,0.11433626315810667,0.005151755505098073
Transcriptomic,Strip2,0.0008964015257898562,-0.18439333191300236,-0.13159015796150772
Transcriptomic,Arid5b,0.05272152634074349,-0.13840729018458506,0.06370120873348602
Transcriptomic,Rnf126,-0.00543889094288795,0.2076829582554435,-0.004964682288164024
Transcriptomic,Epha7,0.06549028630230148,-0.008575783411417397,0.21512078008592353
Transcriptomic,Eno2,-0.1506053352040858,0.16477723767475858,0.07445129689293041
Transcriptomic,Khdrbs2,-0.12038934653420374,-0.13181196592937502,-0.03330687978210145
Transcriptomic,Ano3,0.11184551578112757,0.050199250261363786,-0.07262121636131914
Transcriptomic,Brinp1,-0.08096424713305665,-0.00011356746526869188,0.1534458209527768
Transcriptomic,Xkr4,0.3622916135728268,-0.05804637901139127,0.0705300202369002
Transcriptomic,Ext1,0.1391398361665603,-0.17330170748122412,0.21303671639518512
Transcriptomic,Slc25a4,-0.19954626985149573,0.32031559380218105,0.17404069018467905
Transcriptomic,Septin7,-0.0027120325597214502,0.1704784764223865,0.005326622091477797
Transcriptomic,Fbxo33,-0.0602169948238027,-0.05144372925158985,0.14058751855502805
Transcriptomic,Nebl,0.2959606872944945,-0.22184970185352684,-0.19395692139060694
Transcriptomic,Canx,-0.13930406603052353,0.00423247510311392,-0.12232815116215826
Transcriptomic,Ivns1abp,0.03185755851414787,0.07850601424863148,0.04317102922704111
Transcriptomic,Sgk1,0.04517446806967075,0.19837515694540195,0.1528738619137865
Transcriptomic,Zswim6,-0.04697013572740837,-0.05551439135253259,-0.03963330336897418
Transcriptomic,Dnajb4,-0.2475889461690509,0.12421577846443448,0.12307216458770456
Transcriptomic,Spag17,-0.0744507345006164,0.23287194627443555,0.023019692600830376
Transcriptomic,Hsph1,-0.35789880407246,0.12520553569995255,0.040092274888653426
Transcriptomic,Prkcb,-0.03246943901382835,0.19944091547880102,-0.10091603703988569
Transcriptomic,Aldoa,-0.233566043502188,0.42771000940313475,0.06964793525908508
Transcriptomic,Srsf5,0.055925978043409166,-0.2100174082411326,-0.0549179396718509
Transcriptomic,Gpc6,0.08654357144242622,-0.15447846608782656,-0.1055784363269047
Transcriptomic,Tmsb4x,-0.217082091462652,0.3728857118600068,0.046101212535060464
Transcriptomic,Napb,-0.11329305469174801,0.1508491194949969,0.07542934892653877
Transcriptomic,Pde4b,-0.034144808856394405,0.06999363173017727,-0.1242605371098459
Transcriptomic,Gnas,-0.13203160562068178,0.21795404632888113,-0.25737427714642436
Transcriptomic,Dlg2,0.24553214338200605,-0.2325133387262963,-0.06664425019210694
Transcriptomic,Fgf14,0.4041257849503822,-0.1981567497838243,0.012852227385915623
Transcriptomic,Gabrg3,0.18877672818093733,-0.01693686409266275,0.025284151146401024
Transcriptomic,Camk2b,-0.205197691584239,0.1928187951819298,0.06998125520273413
Transcriptomic,Sdcbp,-0.28758261054415196,0.09728184196558763,0.07508038317750361
Transcriptomic,Akap6,0.18134383003070237,-0.08681984350632815,0.0645184143441241
Transcriptomic,Plcb1,0.3169687462912833,-0.04294932533462023,0.11286941979916316
Transcriptomic,Grik2,0.2314874015546864,-0.27447018148475527,0.03402599228763773
Transcriptomic,Unc13c,0.0058375019357388615,-0.2606526217288658,-0.1572166079736811
Transcriptomic,Egr4,-0.15020231994636996,0.20653140949779633,0.18709687668490066
Transcriptomic,Pde4d,0.010579611668842333,-0.015684842682328143,-0.14960663953643205
Transcriptomic,Nrsn1,-0.08362472216224989,0.2390072438957058,0.09950217188625399
Transcriptomic,Nol4,-0.15957065031070408,0.02842123939568344,0.16893160700190268
Transcriptomic,Ppp2ca,-0.2327032365774697,0.22230743963089974,0.06638556358382698
Transcriptomic,Epha6,0.30305006379398547,-0.05285611525719585,0.0556034325155786
Transcriptomic,Cntnap5a,0.1369710058894181,-0.13928738818923833,-0.09656795252259656
Transcriptomic,Cntnap5b,0.04323011867266519,0.06466386837416753,0.008903933303630027
Transcriptomic,Kcnab1,-0.2286013334484478,0.11710198648719548,0.0827985665141233
Transcriptomic,Rab6a,-0.3054542128354042,0.058525570415752196,0.09378534737011666
Transcriptomic,Tmeff2,0.10248793319337518,-0.2522937901682137,-0.28395355304951575
Transcriptomic,Trpm3,0.19479804401852482,-0.45840056560414677,-0.05911152931357173
Transcriptomic,Cnbp,-0.3088619981673527,0.21590284696185585,0.004855552425741647
Transcriptomic,Atp6v1g2,-0.1791500590830465,0.2489872435634972,0.13258514443603123
Transcriptomic,Negr1,0.07598826955771316,-0.33730422957732414,-0.08837982617628755
Transcriptomic,Vdac1,-0.28757771688592526,0.30067302104303945,0.14166211630126116
Transcriptomic,Cplx1,-0.1843212538054961,0.21689558945686976,0.1967025464957657
Transcriptomic,Eef1a1,-0.3775157307063218,0.21604121936940757,0.057391222924362655
Transcriptomic,Dmd,0.13290236073677741,0.1458233885339679,0.050851569802961114
Transcriptomic,Cst3,0.039040723416233804,0.12656499331447055,-0.14591196075441193
Transcriptomic,R3hdm1,0.24700246509202195,-0.333443694134359,-0.009642844725061257
Transcriptomic,Hivep2,0.18162485959529714,-0.16244938683122148,0.07379868897879795
Transcriptomic,Smyd1,0.04321021000717742,0.20786443844966665,0.0022787154056765307
Transcriptomic,Cdh10,0.014922227774984668,0.0070279479717019165,-0.04479549623549074
Transcriptomic,Atp6v1c1,-0.06778311333238987,0.3129920646818197,-0.02873943217420717
Transcriptomic,Bdp1,0.16666020565212936,-0.18873255799695782,-0.04929235811771383
Transcriptomic,Ywhab,-0.19131172507969207,0.2301009604073947,0.07067733711098846
Transcriptomic,Adgrb3,0.361506502657326,-0.3301180311022207,-0.05394263524393677
Transcriptomic,Rab3c,0.005012067590703818,0.0726187255608006,-0.07702773240344536
Transcriptomic,Cntn4,0.350853422561051,0.10882665132343222,-0.12814893020606477
Transcriptomic,Scn4b,-0.12205054857393487,0.19204857269582196,-0.02054325702662716
Transcriptomic,Oxr1,0.05305199292941121,0.10675090395227183,0.2852461546127495
Transcriptomic,Dach1,0.04789294001925802,-0.04903199488728687,0.014959527573425726
Transcriptomic,Grin2a,0.2897620542862215,-0.19577285990178525,0.1212789712071895
Transcriptomic,Lars2,-0.1564325423601035,0.24289115650578247,-0.011351287478557036
Transcriptomic,Fgf12,0.05313946882677382,-0.18823934317262372,0.20368993104943625
Transcriptomic,Ankrd17,0.06913994462269571,-0.046342800568793495,0.013164104245683705
Transcriptomic,Rev3l,-0.020833169110968684,-0.23499906930970949,0.1095620298420294
Transcriptomic,Gucy1a1,-0.16835469286155577,0.19681293526661153,-0.00906078587411168
Transcriptomic,Sorcs3,-0.05926902859014534,-0.06810288171897351,0.02715393416849796
Transcriptomic,Ppp2r1a,-0.14396017159608537,0.16934857470530118,0.0947655563296074
Transcriptomic,Plk2,-0.3148018652983514,0.30442710835410713,0.1933109007260051
Transcriptomic,Id4,-0.2953784739733237,0.18572881535525457,0.09847358400745461
Transcriptomic,Ppp1cb,-0.1942010650259243,0.1817663168246621,0.020301721641219843
Transcriptomic,Eif1,-0.33567647531289946,0.3098473507327386,0.0851839650521329
Transcriptomic,Htr2c,0.14823354631950184,0.044065997857461535,-0.04817087041329343
Transcriptomic,Gmfb,-0.17803364154017037,-0.0325847479624572,-0.04770736439672887
Transcriptomic,Slc2a13,0.1972650629663555,-0.2524599563734232,-0.0966577962295027
Transcriptomic,Rnf14,-0.06624855493535697,0.13829693216401406,0.1549345590558675
Transcriptomic,Gabarapl1,-0.2592826755959961,0.27188926271129854,0.02426509363372724
Transcriptomic,Nsf,-0.09727209246063291,0.32655584541342353,0.08326153478196786
Transcriptomic,Pcdh17,-0.12113759278607422,0.17500972004141419,0.16066804429258016
Transcriptomic,Dynlt3,-0.09902139951304763,0.1644731924857806,0.11527993204815248
Transcriptomic,Rasd2,-0.14603026249556836,0.321597795353648,-0.04077128343602863
Transcriptomic,Spock3,-0.01310099198612928,0.1257944952402725,-0.15671235723345084
Transcriptomic,Necap1,-0.11514442853769323,0.2337055726040234,0.0013811885235873267
Transcriptomic,Tm9sf3,0.16267939063179374,-0.10378125051878834,-0.0169902971873742
Transcriptomic,Dab1,0.3206558470530665,-0.121091383792202,-0.09601316611829891
Transcriptomic,Nyap2,0.2120671293362555,-0.13718827905071065,-0.11320542589601366
Transcriptomic,Ccser1,0.053916940867214554,-0.23691891718602368,-0.15084644445638642
Transcriptomic,Rarb,0.24215258198851625,-0.293601194074627,-0.11100634977575473
Transcriptomic,Ywhah,-0.12402600782933168,0.276059335354933,0.2755674512298567
Transcriptomic,Junb,-0.34185623444473445,0.27885857888637494,0.052206699709419956
Transcriptomic,Pebp1,-0.23562844760519772,0.28682810688054033,0.11561930582192871
Transcriptomic,Slc25a25,-0.2632001147251399,0.17875742336899536,-0.025493900076483746
Transcriptomic,Chchd4,-0.0859366923098086,0.22124386162078916,0.05891526430675635
Transcriptomic,Cdh11,0.05421932035816525,-0.23903692422269346,-0.04742885877533016
Transcriptomic,Ywhae,-0.2304795251966486,0.20969220994515234,0.20590622218795956
Transcriptomic,Ppia,-0.26984672960614586,0.33095037425282503,0.055970342465722314
Transcriptomic,Plat,-0.007886789574534486,-0.12439226364663733,-0.07285343273654661
Transcriptomic,Ints6l,-0.09352426097033523,0.014344563767586496,0.05182571866617212
Transcriptomic,Dgki,0.34537231402274404,-0.015640984912007442,-0.07163443886836855
Transcriptomic,Efna5,-0.20110155256112383,0.0019699319473971033,0.1428249325330312
Transcriptomic,Osbpl8,-0.020636588044346867,-0.17026448668429184,0.12543084574162575
Transcriptomic,Gnai1,-0.18584128441767095,0.024837498239558494,0.04051602983534174
Transcriptomic,Btaf1,0.1390211128014293,-0.16537929085472017,0.10946061661562706
Transcriptomic,Tmx4,0.05435092184504957,-0.18320687931467183,0.09185924859634473
Transcriptomic,Abat,-0.15147202081039035,-0.01980012075522424,0.14713780077113675
Transcriptomic,Dnm1l,-0.03972138986626798,0.07620642944312621,0.10711717336775212
Transcriptomic,Baz1a,0.07498128758295261,-0.12100924429608363,-0.2506371000091835
Transcriptomic,Sh3gl2,-0.0030486770609793185,0.09139229178423376,0.038119918918607325
Transcriptomic,Gadd45g,-0.3249062891805978,0.29101308054837915,0.20756594663464908
Transcriptomic,Ndrg3,-0.10640405710702257,0.2533812918729471,0.18979408659085625
Transcriptomic,Cntnap2,0.2820404041756062,-0.21001169236040806,-0.23257724379134775
Transcriptomic,Gapdh,-0.288344243259644,0.340152780669154,0.10114352214027167
Transcriptomic,Chd2,-0.10122744948895572,-0.07450482750487597,-0.06694354967795574
Transcriptomic,Arf1,-0.247982153756372,0.22528367459476042,-0.011065457659355751
Transcriptomic,Tle4,-0.0451337452176085,0.08252983693268195,0.013170482528829446
Transcriptomic,Reln,0.15137478363362114,-0.06081240801549152,-0.20054188915951918
Transcriptomic,Slit2,-0.010599631500606837,0.031122905699972992,0.4206922691846504
Transcriptomic,Hs6st2,-0.029251353825760662,0.08505598564081861,-0.2736407022637828
Transcriptomic,Zfp365,-0.13188029271492624,0.20015255264375964,0.1261540372304589
Transcriptomic,Slc4a10,0.340807477242251,0.041639444481236736,0.0463019177000542
Transcriptomic,Stxbp5l,0.11995116078351739,-0.13126968867376138,0.1891891256885637
Transcriptomic,Cacna2d3,0.08468609037811865,-0.19673686479895688,-0.05763876886179858
Transcriptomic,Tpm1,0.12319487278982469,0.16311428509772194,-0.1454923802961833
Transcriptomic,Dlgap2,0.2648865770805756,-0.07683119378998787,-0.13756520303972272
Transcriptomic,Ryr3,0.24227151710854886,-0.13790617453766058,-0.19604701427751742
Transcriptomic,Ube2d3,-0.3128979959659677,0.14801089339423126,0.08055243283768392
Transcriptomic,Cyfip2,0.11793153898104583,0.30077495096822254,-0.049543859869329285
Transcriptomic,Ppfia2,0.1827971518281723,-0.19861051451637776,0.10158176755662042
Transcriptomic,Tenm1,0.14429324597711837,-0.06264519597156357,0.026642692976477794
Transcriptomic,Fndc3a,0.050006898467835716,-0.14355940875139528,0.02773525489388961
Transcriptomic,Tspyl1,-0.07797982479960133,0.12760311169904529,0.037593993510017056
Transcriptomic,Ogt,0.2511213133095227,-0.3272305551328657,-0.057566172050048006
Transcriptomic,Atp8a1,0.283450915463175,-0.021235049085800577,0.017668415341578852
Transcriptomic,Zfand5,-0.18821170406599497,-0.03201284662132451,0.11710833103099699
Transcriptomic,Ddx3x,-0.1204063158477864,0.18083552157444105,0.34525427661146063
Transcriptomic,Dock10,0.07440021856981147,-0.3641923457838279,-0.19616134943067523
Transcriptomic,Ctnnd2,0.21227566601206588,-0.17094785302655874,0.009854822688931425
Transcriptomic,Celf2,0.39721615181382475,-0.20839764620872203,-0.004101185903571015
Transcriptomic,Nsg1,-0.2886937290652029,0.07419591857068258,0.06590339070062384
Transcriptomic,Kirrel3,0.26718892343035017,-0.18811078419674315,-0.015817902109206267
Transcriptomic,Arih1,-0.007733776813946385,-0.07709661962132759,0.004004633493407233
Transcriptomic,Epm2aip1,0.09041812220112702,0.027473214792420077,-0.0011030927739963628
Transcriptomic,Atp6v1e1,-0.2485875590500386,0.29442210258704715,0.1390387267330266
Transcriptomic,Sult4a1,-0.145182632561343,0.24547381418178957,0.1484954251149585
Transcriptomic,Map3k5,-0.06597671614749695,-0.039990121187738745,0.2222755801162889
Transcriptomic,Dlx6os1,0.03500336659892095,-0.20504797492913887,0.0513743612470504
Transcriptomic,Nkain2,0.09609717108207126,0.08136653684155537,0.030698355794876283
Transcriptomic,Lmo3,-0.1148625361047468,0.3692578961397148,0.15969167309064525
Transcriptomic,Ppp1ca,-0.1074493848532228,0.33271291214987736,-0.029300855567048208
Transcriptomic,Elmo1,-0.06859893412853751,-0.06264852284707619,-0.0674455942473125
Transcriptomic,Adgrl3,0.3865464009288353,-0.1042005671142712,0.011941022204449571
Transcriptomic,Unc5d,-0.17911490081257697,-0.045639098169290064,0.16702023954193773
Transcriptomic,Grid1,0.007183489995125645,-0.12841108147703106,0.09174822078911482
Transcriptomic,Atrnl1,0.388084737302964,-0.027296566726798144,-0.018582192044979226
Transcriptomic,Lmo7,0.0892552458964907,-0.19014590208475873,0.009871257159521352
Transcriptomic,Scn2a,0.2776136252999386,-0.20740906999309883,0.14783122274518112
Transcriptomic,Ahcyl1,0.07677546354174547,-0.07548840550857061,-0.02799677046139326
Transcriptomic,Azin1,-0.12788667811081814,0.01654487313642978,0.0974456845186924
Transcriptomic,Epha5,0.14849383969885693,0.06725312551566388,-0.008644854006365787
Transcriptomic,Adamts6,-0.02284512653438604,-0.09772023409837516,0.08978060472044276
Transcriptomic,Scg5,-0.20241407484646812,0.18397921630027722,-0.10350134057617649
Transcriptomic,Wfs1,-0.17104336029326941,-0.23644922871466836,-0.15766194429198943
Transcriptomic,Stxbp5,0.12051410519022968,-0.13377118059107934,0.06769239580896512
Transcriptomic,Necab1,-0.09166232219559448,0.1955173839686183,0.1879084307370566
Transcriptomic,Prkar2b,-0.27776580778770765,0.11649382094490929,-0.03801408507012759
Transcriptomic,Rora,0.23917723621598574,-0.14272793426692632,-0.23486939500753884
Transcriptomic,Snca,-0.11914756980811483,0.34858210632115477,-0.05575255426276831
Transcriptomic,Sdc2,0.04816565930355086,-0.08372916857552432,0.09890884378564592
Transcriptomic,Vcl,-0.12947597392517587,-0.26493763223062305,-0.045383368554911034
Transcriptomic,Klhl29,0.13445238655879274,-0.18061348064649466,0.08581300684005717
Transcriptomic,Tmem47,-0.14301648560977995,-0.10978512111946485,-0.17820375171930639
Transcriptomic,Pak1,-0.13265866330309006,0.2188467923704263,0.2541064238898449
Transcriptomic,Mlf2,-0.17823706254035407,0.2786312853101288,-0.07145462752038273
Transcriptomic,Wsb1,-0.28723574942170993,0.03960832761337219,0.1319789208502636
Transcriptomic,Grm3,0.1364941046468919,0.04108728470119673,-0.04227646180425969
Transcriptomic,Drd2,-0.10072332471388332,0.1547625045820858,-0.35069165718442113
Transcriptomic,Actr3,-0.138700453120661,0.005001782564705564,-0.031812839731071595
Transcriptomic,Clk1,0.07341694590443593,-0.2796456241059317,0.08815132837818436
Transcriptomic,Eps15l1,-0.04661807843093987,0.04748937072783604,0.017238004206532875
Transcriptomic,Rab2a,-0.23498994109513469,0.13268866685303288,0.1726105551314176
Transcriptomic,Fat3,0.27623002909706346,-0.19382029258416053,-0.0814946228012894
Transcriptomic,Unc5c,0.2334717453370309,0.02725951008361201,0.08057478287050111
Transcriptomic,Actg1,-0.30409400346851584,0.36536506000250607,0.10160085758248108
Transcriptomic,Fez1,-0.19432838804444819,0.23026871370982713,0.15262421571011922
Transcriptomic,Nfat5,-0.00961020409154384,-0.11514401025778138,0.0411372681040961
Transcriptomic,Pbx1,-0.030382108192570995,-0.10214316251468195,0.09239239547459743
Transcriptomic,Rgs8,-0.009315132585829996,0.1475927772221187,-0.09276299677880738
Transcriptomic,Ap1s1,-0.23467105840088015,0.2227462476337683,-0.020142799657097324
Transcriptomic,Prkar1a,-0.08718073237979698,0.09274074772339053,0.00780034845685283
Transcriptomic,Pard3,0.0029002663783333315,-0.13474762470160226,-0.1523724435795163
Transcriptomic,Ypel5,-0.11006329232882728,0.12013242985712419,-0.024387659427263467
Transcriptomic,Ptpn4,0.08871766120850924,-0.0008476020148748233,0.07496409003843701
Transcriptomic,Zcchc12,-0.2844829078762564,0.042090200945882776,-0.02746166929150904
Transcriptomic,Cpeb2,0.007691023341396192,0.01814072648901424,0.08488454880880852
Transcriptomic,Fam171b,-0.14626233499435654,0.2115546220320582,0.2147504381503816
Transcriptomic,Ap2m1,-0.22535077018567437,0.2193884086566091,0.09988239116039813
Transcriptomic,Thsd7a,0.09692880160458202,0.09636955754639616,-0.05313080929298318
Transcriptomic,Ntrk3,0.09134115896389507,-0.22441429572056568,-0.24439075204666147
Transcriptomic,Mtch1,-0.21521367964577634,0.26038850818167597,0.046611885062642
Transcriptomic,Lin7a,-0.04248154633983361,-0.06022082886231908,0.10937790323404714
Transcriptomic,Slc25a5,-0.3263197569619968,0.40847600126693645,0.18087006943386055
Transcriptomic,Eno1,-0.15641084008330042,0.3388523127793713,0.12738472693394806
Transcriptomic,Ythdf3,-0.17442103188615504,-0.16549774430255726,0.19097106346356457
Transcriptomic,St7,0.06245576148316468,-0.0794262973720416,0.06358416029761339
Transcriptomic,Camkv,-0.16236503002138591,0.1746781843146589,-0.0036424771943563685
Transcriptomic,Rcan2,-0.08333288364928006,0.06285959059830108,0.07680439351423729
Transcriptomic,Ccnl1,-0.20589370025796158,0.0893384430450701,-0.07020781907835139
Transcriptomic,B3galt1,0.44933038340322334,-0.12317462193718533,-0.230523050967828
Transcriptomic,Arl15,0.12956400932624662,0.019802515099752213,0.20469198542796868
Transcriptomic,Ints6,0.0917557210473997,-0.04684044067990196,0.017434079151783046
Transcriptomic,Prkar1b,-0.20260486239199985,0.08847902598177794,0.12112122636190346
Transcriptomic,Vapa,-0.08555555532095306,0.2717273974025991,-0.134520358463489
Transcriptomic,Rgs9,-0.057148322376484366,0.058425929949904344,-0.05024289510075723
Transcriptomic,Gabrb1,0.21162764585161742,-0.1868371829840938,-0.14648728942851277
Transcriptomic,Cdc42bpa,0.06320848843432765,-0.005017403747875065,0.026865375584489634
Transcriptomic,Frmpd4,0.25402311449622356,-0.0051153686445453836,0.11270993739760302
Transcriptomic,Hspa5,-0.2818438569986899,-0.08040617482140174,-0.07655801795946213
Transcriptomic,Alcam,0.13073590532008947,-0.023245428025966137,0.00107865506051051
Transcriptomic,Vps41,0.056263134711783645,0.01351075371752576,0.17193265399553165
Transcriptomic,Nr3c2,0.13288798993698558,-0.09072733454317075,-0.050207065563441663
Transcriptomic,Magi2,0.3138158956332956,-0.2301904420936809,0.0559373955513845
Transcriptomic,Ap1s2,-0.2307375495658703,0.01045585337802186,0.20485600060084136
Transcriptomic,Csmd3,0.17420875532310215,-0.31477912571164723,0.1327533091966739
Transcriptomic,Tcaf1,-0.22111475638294023,-0.11347741546670302,-0.18723151326268128
Transcriptomic,Slit3,0.23235803917405393,-0.18475037060746397,-0.15617334012994588
Transcriptomic,Tafa2,0.16240539986909888,-0.11321975714477206,-0.09269603353566777
Transcriptomic,Pcdh7,0.15192315662168476,0.13157053178421552,-0.15002656873766387
Transcriptomic,Gabra4,0.18228210458071722,0.03790014899916113,-0.10156217222500315
Transcriptomic,Cacna2d1,0.17615233402733166,0.03047559008446375,0.0466718484290028
Transcriptomic,Prkacb,0.02092518877890057,0.03088506565575917,-0.041723416490287574
Transcriptomic,Ptprg,0.04927180281833515,-0.09677252427683436,0.31041337469735736
Transcriptomic,Egfem1,0.20260604782459324,0.029635541155076408,-0.16537768686612897
Transcriptomic,Nalf1,0.10659984054134054,0.14657147175427326,0.26034152265640076
Transcriptomic,Usp9x,0.025095701707115888,-0.08195357413054494,0.14130640401845812
Transcriptomic,Grm7,0.3035121424721191,-0.1459930783827022,-0.03249780080571749
Transcriptomic,Atp5f1b,-0.30934671356601595,0.3796366876706515,0.15883849321197321
Transcriptomic,Gap43,-0.21933307435417201,0.1431506047915146,-0.12411411591952178
Transcriptomic,Slc4a4,0.25773033962509684,-0.0009527117213388441,0.018824445901683806
Transcriptomic,Gad1,-0.188595508942552,-0.1101619936729374,-0.11051714752572273
Transcriptomic,Atp5f1c,-0.1291562883131772,0.2612171240164055,0.17353742715553397
Transcriptomic,Grm5,0.2345163161007676,-0.24044892841767826,-0.13524009083236438
Transcriptomic,Pcsk5,0.025181837646917195,0.029839245113934237,0.035118077075730426
Transcriptomic,Ankrd46,-0.25129844208109836,0.1582784720718466,0.09855517144287856
Transcriptomic,Dnajb1,-0.2184051054438041,0.2851580846146139,0.2088170840641278
Transcriptomic,Ldha,-0.13154610087835825,0.27974902671240875,-0.02718786556238865
Transcriptomic,Ubr5,-0.017421593924425393,-0.11689563277203882,0.24107679062478563
Transcriptomic,Wdr75,0.2943794567399409,-0.15885516384710266,-0.19474612687907852
Transcriptomic,Dip2c,0.35964182102470305,-0.04331368554248728,0.040391120283114965
Transcriptomic,Cacna1e,0.10534058334221917,-0.11815339782527266,-0.1779723757947234
Transcriptomic,Baz2b,0.08123616283969261,0.04560460409601332,0.1565103458170867
Transcriptomic,Dnaja1,-0.16024533457400847,-0.10734076310875199,-0.0218234102070524
Transcriptomic,Asic2,0.17591971897124242,0.008190813886685386,-0.1253107602653411
Transcriptomic,Clk4,-0.017321575908097797,-0.11899561279071512,0.18479495141683536
Transcriptomic,Epha4,-0.12679581599883477,0.07630363160026471,-0.08053656677629878
Transcriptomic,Kdm3a,0.17847065543579768,-0.062178459288296316,-0.1338279059703558
Transcriptomic,Kcnq3,0.1402152038955046,-0.12327818707021694,0.031061310726211197
Transcriptomic,Vps35,-0.1097206256697846,0.1388200013040355,-0.06952670422123308
Transcriptomic,Gabrb2,0.03142232852325563,-0.012179595076845047,0.10801962818681378
Transcriptomic,Ank2,0.21723400374260857,-0.1971268635979,0.042997307895680285
Transcriptomic,Lrrk2,0.17409250798152998,-0.12643777380652266,-0.13054766302463278
Transcriptomic,Serp1,-0.11586139530260674,-0.008148854052194739,0.02391272660438894
Transcriptomic,Pak3,-0.04642539544631255,0.006676510203540995,-0.18496797045645105
Transcriptomic,Hecw2,0.18326995845789723,0.023717666306225682,0.04764303042727429
Transcriptomic,Auts2,0.3190240792156688,-0.060361353788730004,0.033198552647851855
Transcriptomic,Plekhb2,-0.06618198602841238,0.2126853395787635,0.06367146535722339
Transcriptomic,Atp6ap2,0.09317910117093649,-0.075921329100627,-0.203582374788452
Transcriptomic,Lnpep,0.10349339669480952,-0.19037282275249315,-0.1457895200680283
Transcriptomic,Cacna1c,0.08175291618196087,-0.1711716924214027,0.013865124859650831
Transcriptomic,Jak2,0.08910478972171092,-0.1786712833397098,0.04758905899381683
Transcriptomic,Syt6,-0.14145200331269345,-0.018332905475986355,-0.07654123415785226
Transcriptomic,Scmh1,0.23675170575563423,-0.18355822499732813,0.014432010509342225
Transcriptomic,Serpine2,0.07668648136818196,-0.01875893233284925,-0.17598380687914156
Transcriptomic,Snhg14,0.3374438530342206,-0.14349933717899016,0.09118451283453347
Transcriptomic,Rasgrp1,0.12114409962037878,-0.1348054238525084,-0.021936238496536916
Transcriptomic,Bzw1,-0.061754823404755015,-0.06329500184196749,-0.10161564898724064
Transcriptomic,Akap5,0.015124564772591444,0.037331883956953034,0.06775244741979987
Transcriptomic,Thoc2,0.04588697492521811,-0.20388447305128887,0.008796994244430815
Transcriptomic,Dusp14,-0.17703661124240708,0.276694184575993,-0.015076683213668084
Transcriptomic,Neto2,-0.07297457034479804,0.24402252468652214,0.05561938728965349
Transcriptomic,Slc16a12,-0.15209659146283824,0.21214098922668487,0.025145543718899082
Transcriptomic,Kcnh7,0.29979643233138975,0.21865270919363777,0.2208293732591769
Transcriptomic,Atp6v1a,-0.11240811979812905,0.20838727084389316,0.1428388577178854
Transcriptomic,Samd12,0.06836113436825772,-0.10543955435057414,0.10374603143093848
Transcriptomic,Tmem30a,-0.0979496213867594,0.062312792192087636,0.04490214115094698
Transcriptomic,Enpp5,0.21698518551372034,0.03526679896046418,-0.22142810078512115
Transcriptomic,Ahcyl2,0.10352334454802943,0.06750855021601866,0.00429402252639876
Transcriptomic,Rbbp7,-0.1520041101082409,0.0010385548739050307,0.06581816639989506
Transcriptomic,Zfp385b,0.036384011257439466,-0.08959590618735262,0.15718756633187975
Transcriptomic,Pnisr,0.23016666555069973,-0.27837212150901636,-0.10006797848485921
Transcriptomic,Sv2b,0.1260625532288154,0.21385774368543764,0.1770318607685149
Transcriptomic,Unc79,0.22927410403254303,-0.14432012607837127,0.08859468906654934
Transcriptomic,Galnt13,0.35214909819601203,-0.12810314206101892,0.008357683329276269
Transcriptomic,Nap1l1,-0.04671874665021547,-0.031696110979216464,-0.0932576302144635
Transcriptomic,Ldlrad4,0.33834618614628026,0.17107413640630295,0.15137712122761912
Transcriptomic,Hmgcr,0.03307006346569674,0.023139143681173337,-0.08195679990500014
Transcriptomic,Mmp16,0.3803410375074055,-0.12283802152139675,0.035029191322570756
Transcriptomic,Dync2h1,0.17305631421858472,-0.12102374385516305,-0.13416807369814704
Transcriptomic,Atxn1,0.2307172843268459,-0.05398026048687005,-0.10934995978935778
Transcriptomic,Pbx3,0.12363798553446488,-0.14273235744751184,-0.11287065115200207
Transcriptomic,Macrod2,0.462944139026363,-0.09923460934546553,0.06430085655203215
Transcriptomic,Tsnax,-0.0176904361510268,0.0013247160946859686,0.017108072100645445
Transcriptomic,Nrcam,0.1800850963496653,0.03645440062303612,0.0396680724553724
Transcriptomic,Klhl7,0.16843215154548374,-0.2898383391636437,-0.016285550595942548
Transcriptomic,Atp5pb,-0.22786824482438306,0.25418107226561876,0.061547042491693335
Transcriptomic,Plppr5,-0.023576667236854466,0.04890928764782208,0.10322731903430896
Transcriptomic,Cntn3,0.24879526183177197,-0.07993446955539153,-0.13036134540559602
Transcriptomic,Tceal8,-0.13351616349446035,0.07620033260488138,-0.035128805579645116
Transcriptomic,Hnrnpk,-0.1415108744597206,0.2854984276083456,-0.04893386750205623
Transcriptomic,Reps2,0.07794139519738512,-0.029818477938158915,0.09730180420360562
Transcriptomic,Rnf11,-0.18198017196426827,0.05740599356153024,0.05344492942736843
Transcriptomic,Rheb,-0.002873374358963119,0.28838293006768084,0.19804851826393916
Transcriptomic,Kitl,-0.13252441224911266,0.059649684331431696,0.3854067652819383
Transcriptomic,Pkm,-0.3274451582619052,0.27916940310418864,0.07790523965331252
Transcriptomic,Strap,-0.13275488007520905,0.12945368437437196,0.04914631249778324
Transcriptomic,Gpm6b,0.1914027164178603,-0.0484291360297679,-0.1480788083109332
Transcriptomic,Ywhaq,-0.31867218648275786,0.28952238070031616,0.2180825366853269
Transcriptomic,Actb,-0.3356915469576011,0.4181130812429562,0.05148553675664743
Transcriptomic,Runx1t1,-0.09454135517975898,-0.051706337353927656,0.07263564900160734
Transcriptomic,Dmxl1,0.13936599350634396,-0.21800404359160724,0.03195158535085601
Transcriptomic,Gria3,0.0450987182365845,-0.13198191295373235,-0.04986325691552371
Transcriptomic,Usp11,-0.18631914364976498,0.049102355268994015,0.047010674042432594
Transcriptomic,Dhx40,-0.04297834418333614,-0.14961418756498576,-0.026689039902947707
Transcriptomic,Slc8a1,-0.02203677684627938,-0.17943976802262263,0.3426754931535407
Transcriptomic,Arih2,0.058702089984957205,-0.13818596040721115,0.07045418416880818
Transcriptomic,Mctp1,0.16659884358590288,-0.1676886156882232,-0.0026622292241312486
Transcriptomic,Serpini1,0.07933184001160148,0.13073552327950297,-0.0010019805965654199
Transcriptomic,Vps13a,0.09558450170799054,-0.0959238116118475,0.27203147540998984
Transcriptomic,Ifrd1,-0.2441773493744606,0.04423210517355862,0.10416822463017808
Transcriptomic,Serinc3,0.09717953455557564,-0.06577905300133494,-0.12804179535889532
Transcriptomic,Sik3,-0.016041628409052055,-0.10103337168143542,-0.19303083003064878
Transcriptomic,Mdh2,-0.2768139870956513,0.24976579950877714,0.10007353825310636
Transcriptomic,Ddx1,-0.237217328536746,-0.0735022443850915,0.06817399482624407
Transcriptomic,Bex2,-0.3869596417078025,0.29375731642903463,0.15866437332048916
Transcriptomic,Mdh1,-0.16910344125759616,0.1635555903527895,0.07573723454535315
Transcriptomic,Sucla2,-0.16341444969944718,0.2854876041218979,0.18407563105367253
Transcriptomic,Rims1,0.18603699550786276,-0.14835974547183617,0.12070119375301165
Transcriptomic,G3bp2,-0.15813666870669293,0.23342377435151904,0.05937308313346392
Transcriptomic,Klhl13,-0.07544785094318503,0.14829812436204073,0.2582916899111135
Transcriptomic,Strn3,-0.0028455329680611577,-0.2394263242885056,0.04331667091835704
Transcriptomic,Kif5a,-0.20869346535878405,-0.0002882830820955084,0.03275980470888284
Transcriptomic,Snap47,-0.2595226773888934,0.292214688206871,0.09602797579733909
Transcriptomic,Tollip,-0.057776648850407904,0.10213627928103138,0.037525182504174005
Transcriptomic,Elovl4,0.06795645719532237,0.10300452801955039,0.14466326555023432
Transcriptomic,Med14,-0.15427678418750213,0.0016122417926863022,0.023572094141175382
Transcriptomic,Dlg1,0.19842930062881467,-0.04077398096490498,0.2130547021512543
Transcriptomic,Clvs1,0.1908040991249353,-0.2285156905850277,-0.11937248512521455
Transcriptomic,Ncl,-0.18994413863081033,0.19878972190602995,0.06569716936091617
Transcriptomic,Smarca5,0.020642887988662994,0.16201449087468175,-0.023248555219754004
Transcriptomic,P4ha1,0.014399256132605204,0.09745195829053722,-0.01850837637513955
Transcriptomic,Lrfn5,0.09483205933458926,-0.09921099083912246,0.04109794747323909
Transcriptomic,Snx10,-0.14488947973413377,0.11488045778123883,0.13075181784310788
Transcriptomic,Psmd2,0.07723196383825477,0.22777063635059047,0.11327968490995399
Transcriptomic,Hspd1,-0.2381208431565036,0.248217250819289,0.11368034579259206
Transcriptomic,Ank3,0.23118670993017118,-0.28748964264233934,0.12737928844043644
Transcriptomic,Rnf187,-0.16906749863705428,0.20919689846698347,0.1667825637640615
Transcriptomic,Eif4h,-0.10810821462507197,0.3210290474393381,-0.04135245856869446
Transcriptomic,Zwint,-0.23355093467985003,0.1570577851655545,0.07768404942759854
Transcriptomic,Tanc2,0.1909435446984262,-0.22497402938203637,0.14062967405333074
Transcriptomic,Camk4,0.13692922658362722,0.15450359723810592,-0.059346490057118305
Transcriptomic,Ddx3y,0.006974300451855775,-0.029186184335831998,0.05126150615681817
Transcriptomic,Man1a2,-0.024605349140185993,-0.15698827846229318,0.022120002560264616
Transcriptomic,Sorbs2,0.11852256630412773,-0.12690141312623548,-0.24321542392389528
Transcriptomic,Fth1,-0.15820400609547666,0.30033802353151295,0.0409484631542454
Transcriptomic,Spty2d1,-0.14974275051924482,0.1471233572203602,0.08931065570125234
Transcriptomic,Fras1,0.09378113114931694,-0.1401277436412877,0.1320197904955206
Transcriptomic,Caprin1,-0.13151254298954795,0.0865088585079055,0.04890027185632425
Transcriptomic,Mapk10,0.1275584511796633,-0.12235972573240528,0.21333645764634848
Transcriptomic,Frrs1l,-0.17510095132516254,0.297592487587572,-0.1260439853861772
Transcriptomic,Dnaja2,-0.13839972282773813,0.16362837562250834,0.044260447528870615
Transcriptomic,Nipbl,0.30273932832156375,-0.20264487524728997,-0.014875378182954925
Transcriptomic,Gria4,0.08525889738925198,-0.20851707617723408,0.025333400328702613
Transcriptomic,Rasal2,0.16799458590970576,0.0005959563919751661,0.1892040008166873
Transcriptomic,Crym,0.0031592260451881815,0.038486788061661455,0.010692010426744582
Transcriptomic,Fig4,-0.12572702793598234,0.1731675094552485,0.04625675888431759
Transcriptomic,Gabra2,-0.06983720124227107,-0.3241418665652256,-0.16272459060996566
Transcriptomic,Erlin1,0.0719801163918845,-0.16993977789916745,0.1572884968287046
Transcriptomic,Prkd1,0.14545289889024487,0.15352160208236768,-0.10608731198826916
Transcriptomic,Slc24a2,0.16538763917946966,0.14835110158853007,0.23930667523763766
Transcriptomic,Rock2,-0.05013231626146757,-0.0567000546087771,0.18725844003462436
Transcriptomic,Chsy3,0.013677174800821987,-0.07485582217229585,-0.03277065753063066
Transcriptomic,Acvr2a,0.2599369521926148,-0.09461592040269934,0.023549657951144123
Transcriptomic,Otud7a,0.28449432822847204,-0.04799806263464675,-0.0565262171733285
Transcriptomic,Rbms3,-0.021001151193659445,-0.2906367564224636,-0.17223409667296746
Transcriptomic,Ctnna2,0.21898593210839692,-0.1745398665256292,-0.16748318875718426
Transcriptomic,Mcl1,-0.10270659288734925,0.23727495407817759,0.026586790309324048
Transcriptomic,Cct8,-0.21034317861572063,0.2113406399306669,0.12884697781122365
Transcriptomic,Etf1,-0.015905288290873638,-0.028499570689412404,-0.02046648300788932
Transcriptomic,Sgip1,0.08158873242475231,-0.16055889471781473,-0.08815957640843104
Transcriptomic,Mib1,-0.10237382390651473,0.14619771246389088,0.22272037138613762
Transcriptomic,Cnksr2,0.15208998585879807,-0.2054157648591383,0.008700366682406762
Transcriptomic,Ptpn5,0.04702195362958678,-0.13786771843943807,-0.2958662500467954
Transcriptomic,Zfp445,-0.012976043827546876,-0.06493030349053361,0.3149856968944198
Transcriptomic,Arl4d,-0.14091994855200873,0.32891387462352095,-0.013016595807101402
Transcriptomic,Nefm,-0.13514978152068716,0.37595029241475164,0.2845471131294139
Transcriptomic,Stim2,-0.08204903676249314,0.07346139455796816,0.048772592366058284
Transcriptomic,Acap2,0.18273316517723756,-0.1533266124798777,0.09447237713488313
Transcriptomic,Pfn2,-0.08407325317499267,0.09122801270694988,0.15031528536248032
Transcriptomic,Tnik,0.1613052505569966,-0.05591212341681033,0.023737401175863822
Transcriptomic,Gnal,-0.09856576049229623,-0.09070212300533437,0.003956909628235343
Transcriptomic,Pnma8a,-0.07775553914924808,0.07203259435830911,0.24632416515984198
Transcriptomic,Phip,0.019722903513189043,0.10545483952072755,0.035203891420599584
Transcriptomic,Nr1d2,0.12660787801594753,-0.08275573268193757,0.11403599587398874
Transcriptomic,Clcn3,0.07513289679992358,-0.011003604012468029,0.003500075128630617
Transcriptomic,Slc35f1,-0.0225314319828933,-0.054983627688127416,0.04179763982414949
Transcriptomic,Braf,0.15651788813773854,-0.2227559168966323,0.033925134622502774
Transcriptomic,Myo1b,-0.09767585633453361,0.06227367672639279,-0.023222168205174094
Transcriptomic,Cdkl5,0.15096424607099493,0.05715391313848172,0.016300425911858873
Transcriptomic,Mast4,0.24258433851729966,0.02797456387143148,0.2926080809747158
Transcriptomic,Ppp1r7,-0.13411851471001118,-0.11101271212105919,-0.014720794463380205
Transcriptomic,Nop56,0.08301550370828413,-0.10559480783752981,-0.13365399967852964
Transcriptomic,Fgf13,-0.022048534960854693,-0.047907804678670056,-0.10074071340196866
Transcriptomic,Ralyl,0.0020282743546686595,0.052053452539865916,0.3568815516265427
Transcriptomic,Chgb,0.03680958916394312,0.10374661769881265,-0.16131860355966315
Transcriptomic,Map9,0.13514529288919483,0.020846692096738822,-0.0947261381182961
Transcriptomic,Ptprm,-0.1090725637725767,0.03885254237661385,-0.266449505474132
Transcriptomic,Hycc2,0.11350325204467487,-0.2282203778131905,0.005312146153356594
Transcriptomic,Atp6ap1,-0.19857072063403214,0.0005566368847288994,-0.04346195624783236
Transcriptomic,Fnip1,0.20648338788568826,-0.1802188949485396,-0.06623522760071159
Transcriptomic,Syne1,0.08795114210648916,-0.08055717545274507,0.027560436830531124
Transcriptomic,Btg1,-0.22661875537112514,0.24768189959688536,0.08111903867186292
Transcriptomic,Ttc14,0.3395765453314018,-0.24526713753959156,0.0623672078459138
Transcriptomic,Gls,-0.008692736148970311,0.20496848738537424,0.16093084407069932
Transcriptomic,Foxo1,-0.15174742937394187,0.13836158161479584,-0.04526405039222535
Transcriptomic,Itpr1,0.20270750098705145,0.10494766876646675,-0.04374837621709837
Transcriptomic,Ldhb,-0.2203146589410785,0.19332855815740987,0.040997453657660866
Transcriptomic,Apc,0.03891347991780994,-0.21268042431014103,0.057235016141012195
Transcriptomic,Pgrmc1,-0.09715763956192099,-0.1803003323038855,-0.21287447001514265
Transcriptomic,Rundc1,0.05656572528997325,-0.07451273094365933,-0.1704332130230432
Transcriptomic,Tef,0.0032402039499183047,0.13019775237937922,0.04155444526014067
Transcriptomic,Spop,-0.2047328357111229,0.18246252721864809,0.1613835940642223
Transcriptomic,Arpp19,0.04194015753863891,0.25290307560195674,-0.08921595951885558
Transcriptomic,Nedd4,-0.14304366685374462,0.03092472154681217,0.05019512395942945
Transcriptomic,Nbea,0.18303808566908691,-0.1721272392781274,0.020839611537956083
Transcriptomic,Tfrc,0.020559952991357534,-0.05413733047290999,-0.07861652457445152
Transcriptomic,Mmd,-0.21937184014251826,0.22938469353274815,0.057613832591520454
Transcriptomic,Hnrnpc,-0.1771702639162853,0.18109565806982292,0.008027809647849032
Transcriptomic,Ghr,0.09984889910692224,-0.19270638799777456,-0.058621292461809194
Transcriptomic,Pafah1b2,-0.13937283037249937,0.13393092095745138,0.03977868205233134
Transcriptomic,Itfg1,-0.07069315224487538,0.09383402494634628,-0.22047105080463097
Transcriptomic,Gria1,0.17434309292119687,-0.16932971758156473,-0.09569640928298874
Transcriptomic,Fut9,-0.020552632256218447,-0.19238481241261496,0.04139314654937887
Transcriptomic,Dtna,0.15621091733662218,0.020706614648032935,0.14097336518969567
Transcriptomic,Rapgef6,0.06662233726179081,-0.062084349729464416,-0.06953972850854094
Transcriptomic,Ccdc138,0.0230246242370237,0.10605879551918182,0.07823886163906671
Transcriptomic,Uqcrc2,-0.12302239454968299,0.22379567834774147,0.06096533160336144
Transcriptomic,Rock1,0.15989497548729653,0.01211321352777003,-0.05216620849212745
Transcriptomic,Got1,-0.22642796641569013,0.21773036220106134,0.17527500181325903
Transcriptomic,Mycbp2,0.20965449299942843,-0.11903920277675066,0.2769906382613375
Transcriptomic,Add1,-0.09508254118555011,0.20967338533457242,0.1894048027866454
Transcriptomic,Hs3st4,0.19651911782649198,0.022650856303171506,-0.1265449291422675
Transcriptomic,Dld,-0.0031875206553522253,0.05379546773328289,0.21773749531353556
Transcriptomic,Atp2a2,-0.18427288428020178,0.0027599048296127722,-0.02493333115945378
Transcriptomic,Diaph2,0.025513699544069735,0.01936204090805722,0.014513014718839432
Transcriptomic,Rictor,0.10929805785743626,-0.3214765096371221,-0.010026268194391145
Transcriptomic,Kpna1,-0.06391996827350145,-0.13800493123807425,0.057424027394144456
Transcriptomic,Ktn1,0.029929348179204212,0.08950735700905398,0.04314538662804355
Transcriptomic,Bltp1,0.06059520513789048,-0.23726235577069932,-0.12996437938628927
Transcriptomic,Tmem178b,0.06596337389233152,-0.1514981188628804,0.06812927400713807
Transcriptomic,Krit1,0.32196190314416373,-0.09824924585882794,0.03441199879570594
Transcriptomic,Setbp1,0.13411235894706436,-0.07439606725735316,0.06026534733991509
Transcriptomic,Sntg1,0.18574477949869478,-0.17509401041570377,0.1754581254469819
Transcriptomic,Actn2,-0.060281992077676816,-0.15725001126282656,-0.01049024381238333
Transcriptomic,Setd5,0.10282258145473575,0.02628586986064451,-0.04561068048488859
Transcriptomic,Eml5,0.2721197204100459,-0.08183421236886897,-0.057488865241147415
Transcriptomic,Pde4dip,-0.0011508764837918828,-0.05586796984437197,0.08110569261469139
Transcriptomic,Atp11b,0.09012904595925075,0.03162378124096762,0.10578351642837464
Transcriptomic,Celf1,0.28559443493783077,-0.16752762682505198,-0.0939209533201494
Transcriptomic,Atl2,0.02417559140486374,0.020189617884843494,-0.25193896030942853
Transcriptomic,Afg2a,-0.027846405698404342,0.07279121501434384,0.030140794514514433
Transcriptomic,Cers6,0.2017541412227341,0.0030754478931677774,0.12271164332617887
Transcriptomic,Kif21a,-0.0011649191652211332,-0.12854233512840896,0.2138693429650304
Transcriptomic,Herc2,0.05618614511551081,0.06461303052886708,-0.04368077183878023
Transcriptomic,Adamts3,0.20133903379157264,-0.16026974531311558,-0.006760180944350965
Transcriptomic,Hnrnpa2b1,0.007934346347681384,0.018170619752199545,0.04498455741855932
Transcriptomic,Atp6v1h,0.0842633334578364,0.0325708303535421,-0.024891823069704867
Transcriptomic,Qki,-0.07325401877962746,0.08235127670593204,-0.012062484327005346
Transcriptomic,Usp29,-0.05066283321094186,-0.16303747956739503,-0.1046559434422315
Transcriptomic,A830018L16Rik,-0.020861734511566893,-0.025049322664111924,0.359783139401788
Transcriptomic,Wnk1,0.10870829099515414,-0.03573889330380471,-0.047321776213265374
Transcriptomic,Arhgap32,0.1910187785358454,-0.10719840170400727,0.09132488296201037
Transcriptomic,Tob1,-0.2472541331281789,0.05432479259709287,-0.07654622519934387
Transcriptomic,Erbb4,0.2629429923407976,-0.3165873605769841,-0.2177319256049765
Transcriptomic,Cadps,0.1427801343231784,-0.12774984465783662,0.0013332519860826946
Transcriptomic,Sptbn1,-0.017106351058993587,-0.1351224516130618,-0.03844493589473871
Transcriptomic,Chuk,0.27648869559715517,-0.20615930472491337,-0.017338587134956996
Transcriptomic,Marcks,-0.24353781577607875,0.18624234964109432,0.04879874434238635
Transcriptomic,Ctsb,0.12357373940659441,0.17073754754731096,-0.20540915591630896
Transcriptomic,Hcn1,0.10007265875351731,0.11393421667829495,-0.17847559551889203
Transcriptomic,Pea15a,-0.16154654641649957,0.042436143975039545,0.20659743630567856
Transcriptomic,Phf20l1,0.39159174841742145,-0.061377900370629276,0.018331652884481835
Transcriptomic,Uba1,0.013216130858185689,0.24472266562630066,0.08065411108585835
Transcriptomic,Arhgef12,0.1298447177203708,0.05696932480151771,0.056027838278361095
Transcriptomic,Kalrn,0.17318800715625207,-0.13238612365388372,-0.06472611016652603
Transcriptomic,Ncam2,0.22200804770196814,-0.03676435510933935,0.16609371901597664
Transcriptomic,Atp2c1,0.07419350655458579,0.022704942381448694,0.0917373633935019
Transcriptomic,Stag1,0.2299569278854178,-0.11393777625941676,-0.010123140593150186
Transcriptomic,Ythdc1,-0.01599108622639833,-0.1929065585165285,0.023191419179763584
Transcriptomic,Edem3,-0.12891957446718225,-0.1017682752404795,-0.18024960715661997
Transcriptomic,Hsp90ab1,-0.16335664173425374,0.4411355324397659,-0.010630234987930086
Transcriptomic,Adgrl2,0.00325524289461257,0.11568016923295472,-0.08750252347965265
Transcriptomic,Glyr1,0.20751359377912562,-0.05900517144039129,0.005011989984206496
Transcriptomic,Arf4,-0.1809824750689533,0.12859258866131204,-0.11035097714889693
Transcriptomic,Sparcl1,-0.091800376900033,0.08412394375257631,0.10390887164574487
Transcriptomic,Sat1,0.0949473907372203,-0.030916802607517075,-0.056209830073824726
Transcriptomic,Ttc12,-0.003746687288881736,0.07742558539041963,-0.1793319262377908
Transcriptomic,Mat2b,-0.15528416489216834,0.11836790804748516,0.11928998032824789
Transcriptomic,Mrfap1,-0.321504295314544,0.2757350603356305,0.08624420132816918
Transcriptomic,Akap9,0.017186286840680496,0.0427305528571425,0.16606696029851747
Transcriptomic,Slc35f3,0.37918628195317516,-0.11029741221817894,0.06360490631383883
Transcriptomic,Spag9,0.11432853495875521,-0.021163249219126355,0.04842335078855726
Transcriptomic,Ndfip1,-0.2106835727834553,0.1364125188000411,-0.06495938813082414
Transcriptomic,Eif2s3y,-0.005451848550633269,-0.10024487069479782,0.004030009155796354
Transcriptomic,Lin7c,0.05925704747147729,0.07458988473636027,0.0183784020889486
Transcriptomic,Mal2,0.015211462024973693,0.06956029035244946,0.11062688145379035
Transcriptomic,Impact,0.021332302504759044,0.09256827686055538,-0.07804135083146392
Transcriptomic,Spred1,0.020659838323876894,0.019200717710124292,0.1275213144237024
Transcriptomic,Kcnma1,0.2305188576499287,-0.02398238442293111,-0.0495435426653989
Transcriptomic,Gclc,-0.07491837194877488,-0.08077864721116258,0.10255444065690794
Transcriptomic,Zfp711,-0.0037360308611950293,-0.011725065683914458,0.004973329331261494
Transcriptomic,Idh3a,-0.015910733597116197,0.2653887446379204,0.040727244123854124
Transcriptomic,Scamp1,-0.15552971624895007,0.1236432845118324,0.04120973204717734
Transcriptomic,Lcorl,0.030111506975995357,0.06059533111322397,0.10309216098757236
Transcriptomic,Fmr1,-0.1285823082299338,0.0616136872899469,0.06871268124474617
Transcriptomic,Rac1,-0.257859494692707,0.23827654106779333,0.005460559545391325
Transcriptomic,Cpeb4,-0.16855224625958506,-0.05944822017576719,0.04310797500118572
Transcriptomic,Jmjd1c,0.13345273254543674,-0.0978924569463813,0.12313548180522893
Transcriptomic,Cacng3,0.058897720618389035,0.15546922569327362,-0.2972678351448246
Transcriptomic,Fnbp1l,0.14239763441252662,-0.03037843321612016,-0.02129863413643678
Transcriptomic,Frmd6,0.07158154121917942,-0.08636407808306826,-0.01883788829794671
Transcriptomic,Lrrc4c,0.19084537473052313,-0.14595408518014807,0.0710405058755302
Transcriptomic,Isca1,-0.2504112557399409,0.2219091300211848,0.09809824842242507
Transcriptomic,Vstm2a,-0.13494685461909053,-0.08091291891084386,0.15034183888790975
Transcriptomic,Nedd4l,0.17666056257123036,0.010646088656645772,-0.03509770009753519
Transcriptomic,Sv2c,-0.25024614336487994,-0.04652462576220603,-0.08059273762127354
Transcriptomic,Enox1,0.11337462522913105,-0.11711679258066322,0.15743472100695427
Transcriptomic,Rgs7bp,-0.02061121046184811,0.14363177737791719,-0.01598818289108235
Transcriptomic,Adarb2,0.161490275119311,-0.17673766373605226,-0.0006731076696707231
Transcriptomic,Arhgef9,-0.16296648872481495,-0.01144428931574472,-0.22986534888457022
Transcriptomic,Grm1,0.2938331745090417,0.2517368200292964,-0.03266770972408574
Transcriptomic,Diras2,-0.12076863674155085,0.145046637994047,0.19016714087290937
Transcriptomic,Usp22,-0.023130932540209367,-0.15533986354171567,-0.0872491456243836
Transcriptomic,Peg3,-0.0932436906402684,-0.09255651714910941,-0.08816302047459272
Transcriptomic,Dok6,0.2519560142454859,-0.11747661522279343,0.15502164674927835
Transcriptomic,Tcf25,0.019066119595966706,0.17096502359575977,0.05608280964773012
Transcriptomic,Cpe,-0.11008955872052077,0.11937415590215689,-0.24342361377612518
Transcriptomic,Neto1,0.2854516111783447,-0.029881930699478323,0.02553990253009089
Transcriptomic,Nr3c1,0.11731634460959527,0.15214383223109676,0.09540005929593481
Transcriptomic,Cadm1,-0.01994198721905123,-0.03563143178525393,-0.19617212247150223
Transcriptomic,Usp47,-0.23177260035737976,-0.11605937687870059,0.11577585594163267
Transcriptomic,Lyst,0.265953758539625,-0.0496143186560128,-0.17689343125214166
Transcriptomic,Pcmtd1,-0.041031337295930635,-0.04408991796728793,0.17351735208855937
Transcriptomic,Tpp2,-0.12939057047312372,-0.03596948170690529,-0.09365258729533901
Transcriptomic,Jun,-0.28239803552134746,0.21901360881216939,-0.02254230655423532
Transcriptomic,Syn2,0.06648687430748086,0.2275091877816904,0.04076168774690022
Transcriptomic,Prkx,-0.08169742344751584,-0.03376021267820684,0.09405002509348184
Transcriptomic,Capzb,-0.19909064371865523,0.41010398133499154,0.044463454650196854
Transcriptomic,Msmo1,0.11842081539268925,0.053689328988892504,-0.04198209814434779
Transcriptomic,Asap1,-0.060333757390904914,0.15107206799459766,0.190977787949707
Transcriptomic,Lhfpl3,0.06339721944031083,-0.19796578852237134,-0.17029527815320694
Transcriptomic,Synj1,-0.10637475387559471,-0.02076833254082245,0.2613367615160595
Transcriptomic,Scrn1,-0.1421716677507378,0.0833403840562684,-0.00846801158589442
Transcriptomic,Ids,-0.11207001741551849,0.09837636632605033,0.07889784705125821
Transcriptomic,Senp2,0.2835512070032173,0.2050238264254378,-0.030649040185712288
Transcriptomic,Unc80,0.13109178974598645,-0.11547616863643123,0.034765738450668784
Transcriptomic,Kcnip2,-0.19072458572407897,0.11014068726623744,-0.06024920915606855
Transcriptomic,Jakmip2,-0.014954886396826413,0.02443046875156083,0.051205894940242976
Transcriptomic,Ubl3,-0.2200294042037754,0.19692125395631369,0.17034502436209686
Transcriptomic,Pttg1ip,0.05297582043246984,-0.026372367366915228,0.030254295713322547
Transcriptomic,Kdm6a,-0.03834057724009949,-0.08168885166065239,-0.0011726443463517349
Transcriptomic,Homer1,0.04595436268705394,-0.0003376781753829428,-0.0044146847138132085
Transcriptomic,Usp32,0.2501701644178952,-0.2791184504370963,-0.012042659495707278
Transcriptomic,Arid4a,0.051416529761640274,0.1215896267448109,0.05663731163632228
Transcriptomic,Ntrk2,0.1250291917262866,-0.004348979758102019,-0.09396822173580581
Transcriptomic,Npas4,-0.22256625451923964,0.05482179872534856,0.25222794828731004
Transcriptomic,Stk26,0.06117932804763501,-0.27261246566889985,-0.14812626038156948
Transcriptomic,Rgs7,0.08085735465059661,-0.05862831703002318,-0.10981627882448564
Transcriptomic,Ndrg4,-0.14159358042452205,0.130415411310158,0.1384057132663271
Transcriptomic,Eif4g2,-0.3252247924354336,-0.10887267454855887,0.13268143127868082
Transcriptomic,Mapk9,0.042944530557312045,0.10920818305030032,0.15759783789732743
Transcriptomic,Btbd8,0.030373662529825412,-0.003943184190816787,0.19464016970972306
Transcriptomic,Btbd10,-0.20561010311667471,-0.13615430414542365,0.15622988836626955
Transcriptomic,Fyttd1,-0.06651391445464015,-0.026319636168667077,0.16170263354804998
Transcriptomic,Mir99ahg,0.013487368799581251,-0.22380250443617725,0.008337655855553103
Transcriptomic,Chtop,-0.1533969341254616,0.07743025453838132,0.14808287560913838
Transcriptomic,Etl4,0.06511019605390941,0.05936948779612971,0.14381530881128493
Transcriptomic,Hook1,0.26772216407680627,0.021172661023588633,0.007860775536713606
Transcriptomic,Ssb,-0.20252893873840724,0.040730434012229935,-0.05944979693491606
Transcriptomic,Araf,-0.14669111217009934,-0.08506867272037842,0.02922612492681573
Transcriptomic,Tppp,-0.11179123854093963,0.12402348151991457,0.11672887401398267
Transcriptomic,Map2,0.1347356764589021,-0.2337846946741682,0.1278415006052308
Transcriptomic,Cul1,-0.07557938584324377,0.12494729221749165,0.2894168268733215
Transcriptomic,Cdk13,0.11971159643093805,0.12282476371557988,0.019907543632456948
Transcriptomic,Slco5a1,-0.028581509821704175,-0.217214763175467,0.174682752087463
Transcriptomic,Nckap1,0.002113721702369123,0.06710065405623208,0.05007853913659495
Transcriptomic,Atp6v1d,-0.12215677521182677,0.17210315031011686,0.04103923436655511
Transcriptomic,Dbpht2,0.01244767932493762,-0.06129968322998296,0.0676455734772775
Transcriptomic,Ascc3,0.07942258686513554,-0.163333536938775,-0.10897377915828713
Transcriptomic,Egr3,-0.17226633199090463,0.2446017623399062,0.06345249607244452
Transcriptomic,Xrn2,0.27127427038230595,-0.1082019773444057,-0.07817771843912762
Transcriptomic,Clasp2,0.12937761820119487,-0.1802771656314116,0.005721903117690755
Transcriptomic,Npas2,0.18918135094206123,-0.1943290532457708,-0.1540814753138149
Transcriptomic,Usp34,-0.12427457171970077,-0.04891641525209506,-0.017637131015266105
Transcriptomic,Cdh9,0.0698230541036222,-0.2160461389916137,0.10509947238783511
Transcriptomic,Ttll7,-0.10023507587023166,0.06277186664011539,0.01799061487309219
Transcriptomic,Mfn2,-0.14793399378126454,0.14242283847004925,0.02626982610446405
Transcriptomic,Scd2,-0.03627208191919818,-0.02865175715383472,-0.008024209293996469
Transcriptomic,Zranb2,-0.01623570900304368,0.07404359943894537,-0.04243223900842367
Transcriptomic,Esyt2,0.030141488318946422,-0.20517410752058646,-0.12946324719689098
Transcriptomic,Gpcpd1,0.13964694115681914,0.03094619514062937,0.12647750240816666
Transcriptomic,Pik3r1,-0.19084744378857127,0.21677391530619738,0.11755660005570394
Transcriptomic,Pcsk2,0.2897307585070321,0.09979011865275994,-0.06559288322029319
Transcriptomic,Gprin3,0.02371168213076531,0.0037904201786582823,0.005537011055376051
Transcriptomic,Armc8,-0.0705463575803252,0.12853959669398735,-0.0016725756869866474
Transcriptomic,Odc1,-0.30545625905193813,0.14051784222764943,-0.020353658538609345
Transcriptomic,Rem2,-0.041183183239010455,0.2165826382469218,-0.027421372242646857
Transcriptomic,Zdhhc14,0.1530550413302338,-0.08628654125772235,-0.2247624525508538
Transcriptomic,Ensa,-0.03878142712674716,0.11098881365038986,0.02685922950986438
Transcriptomic,Trak1,0.1337242264383664,0.0844533665693492,-0.01628477456464861
Transcriptomic,Nfil3,-0.24348017403938357,0.16201357555313883,0.26479502660713067
Transcriptomic,Cdip1,-0.08820868584610034,0.21364540859146675,0.2154601347321687
Transcriptomic,Mapk14,0.07651654691679638,0.03563690634818738,0.23144785169399576
Transcriptomic,Tceal9,-0.3016163976487756,0.1345471581680331,0.09452038657544638
Transcriptomic,Rab14,-0.07510632357673223,0.1398062186510772,-0.04664332951084549
Transcriptomic,Topors,-0.27180548632247314,0.00441453452699477,0.04003829769019814
Transcriptomic,Tiam2,0.01800898490546095,0.08466366758888516,-0.0829791800427466
Transcriptomic,Osbpl6,0.17219044391212335,-0.12328648982029713,0.2048609662021102
Transcriptomic,Arl13b,-0.13312198331434472,-0.12970490420631192,0.1422138343027721
Transcriptomic,Rfx7,0.011483175198102602,-0.057638941560053746,0.13268118714837873
Transcriptomic,Slc7a8,0.10020648626672171,-0.005584919642285877,-0.18459471406988706
Transcriptomic,Dpp6,0.24453097281644012,-0.15398931387162498,-0.12929312379615082
Transcriptomic,Gaa,-0.2821971980751916,-0.12049466239641415,-0.014667720292039955
Transcriptomic,Sub1,-0.06229011813003654,0.170656338680174,0.08572046572875569
Transcriptomic,Orc4,0.04493413659251978,0.1970184350816998,0.1438929720107896
Transcriptomic,Trhr,-0.023529662526599864,0.1236432348635367,-0.03897340240836848
Transcriptomic,Kif1b,0.023669260543059616,-0.0871063828435304,0.0686784800262661
Transcriptomic,Ppp1r12a,0.11438295154446952,-0.2966900493651927,0.22436748531107337
Transcriptomic,Arhgap21,-0.05409813424550169,-0.00521477816879741,0.024236831549380364
Transcriptomic,A330076H08Rik,0.13273991085390127,-0.12663278952527485,0.14540471459752763
Transcriptomic,Shisa9,-0.03701780342329051,-0.23998061601639925,0.020494390486655446
Transcriptomic,Cltc,-0.01981720897573079,0.04731022625596925,-0.07757964938913102
Transcriptomic,Tnrc6b,0.15165522236848183,-0.13504217419023137,0.23735448051101474
Transcriptomic,Eif3a,-0.05842579262651996,-0.01500618650602372,-0.09712946552421839
Transcriptomic,Golga4,0.10865295197955278,-0.13798655412287902,0.023050130329830942
Transcriptomic,Atf6,0.06249379101755786,-0.01265294641730552,-0.0954384160435154
Transcriptomic,Sgcd,0.26555693456511953,-0.261476475789086,-0.08490818695902798
Transcriptomic,Pfkp,-0.09799375774729857,-0.13529565190736326,0.11656360732294999
Transcriptomic,Naa50,-0.03827701174067161,0.1025304988393971,0.09394482887232225
Transcriptomic,Cnot4,0.15787115639253413,-0.009602118527328452,-0.008450173661344896
Transcriptomic,Pclo,0.3571874961220276,-0.19020634301694408,0.0008706609305630161
Transcriptomic,Cd47,-0.00223427178168517,0.17372448605053215,0.025479321201998126
Transcriptomic,Slc12a2,-0.1346935248206778,0.07549293394688746,0.10600235781864467
Transcriptomic,Pkn2,0.048521445967119235,-0.08758011587143587,-0.044432704036062275
Transcriptomic,Copa,-0.056954698792899945,-0.015104103035861422,0.15783026267150235
Transcriptomic,Pkp4,-0.010352996663398319,-0.040499282660631596,0.0983464184681957
Transcriptomic,Dcun1d4,-0.09032083707832066,-0.03889097305527324,-0.008132900826057658
Transcriptomic,Xkr6,0.2129701480589253,-0.10577013077710253,-0.023968355532814564
Transcriptomic,Strn,0.041188177102828266,-0.06031207484148431,0.1996177136064677
Transcriptomic,Stox2,0.05564026742171172,-0.23852770340786292,-0.050855342849497415
Transcriptomic,Apbb1,-0.24647031066198397,0.14752872735953915,0.06206517842613303
Transcriptomic,Ppp2r2b,0.053306106912239,-0.04777914187904217,0.08169075994669568
Transcriptomic,Top2b,0.10333596520890136,-0.057540072697012064,0.03903322111081735
Transcriptomic,Ngef,-0.10503739109674211,0.225494246684677,-0.12425097782307094
Transcriptomic,Apba2,0.042451369217995374,0.22531436984174893,0.043867533259716096
Transcriptomic,Ak5,-0.17225186838836773,0.17609370040186811,0.08226018550173554
Transcriptomic,Tnks,-0.1343398534720521,-0.3217566957661693,0.07340501179897171
Transcriptomic,Lpl,0.10012667960632032,-0.09438700351842473,0.20607607141532946
Transcriptomic,Gda,0.0784438185257257,0.07231350849684076,0.12862140868156596
Transcriptomic,Map4,-0.01115621331860228,0.1633752875305238,-0.13743159188654608
Transcriptomic,Hecw1,0.005990260885543735,0.041109141964558324,-0.1717512714470232
Transcriptomic,Atp6v0e2,-0.24389356900614856,0.19380140880777452,0.04459322378120741
Transcriptomic,Eml4,0.09145124147551101,-0.14913652366049038,0.05017817415878988
Transcriptomic,Tmod3,0.20716186321058702,0.10091633630700088,-0.09077571493782681
Transcriptomic,Ccng2,-0.270257010641129,-0.05021845524631984,0.1327419438442095
Transcriptomic,Ppp1r10,-0.18544881517426692,0.35237521791599724,0.23047597576407777
Transcriptomic,Txndc16,0.039768990831424385,0.005271195943890967,0.11755932030933527
Transcriptomic,Eif5a,-0.35345520159387417,0.3282489765667181,0.15954076866654646
Transcriptomic,Mff,-0.05364036530060741,0.14872553257842236,0.09045501146926666
Transcriptomic,Pcp4,-0.1789603778616747,0.3169842385630761,0.13780955395907044
Transcriptomic,Ptpn12,-0.03781491950219815,-0.05589369645574853,0.06831176219818838
Transcriptomic,Tax1bp1,0.09745867207136447,0.08008835008351278,0.1806360668419246
Transcriptomic,Cct7,-0.20426016555992477,0.22377883787906444,-0.01774241094913262
Transcriptomic,Mapk8,0.2226100509799667,-0.1933414197748948,0.0489428590466902
Transcriptomic,Itm2b,0.04238581898844494,-0.001534538547168441,-0.05598645388443555
Transcriptomic,Enah,0.00874183729461836,-0.07786701275782638,-0.07801168211808777
Transcriptomic,Gdi2,-0.16442487501428196,0.21832973900178712,0.06543601074063987
Transcriptomic,Dync1li2,-0.06257263374162896,0.04106029927383367,0.015313559312187443
Transcriptomic,Scn3a,0.14036771850985105,-0.014096001664933454,0.09708785369626556
Transcriptomic,Bzw2,0.0028455137001063215,-0.06647902466673086,0.009397530347744171
Transcriptomic,Dgat1,0.015376054570186438,0.15846825631621841,0.014083485777421783
Transcriptomic,Pitpna,-0.013200638710442712,0.036162695683305324,-0.19722393968047106
Transcriptomic,Zdhhc2,-0.12921028740396945,-0.02414087026590495,0.009201791744923585
Transcriptomic,Hspa9,-0.19392718336550638,0.08435398724680027,0.1201341292922087
Transcriptomic,Khdc4,0.21408502882453,-0.17771743503822565,-0.004640891810372074
Transcriptomic,Sorbs1,0.0757670615972615,-0.01702525899576041,-0.0374611477854386
Transcriptomic,Rnf4,0.14879136313824795,0.007006897403597785,0.07974992499943533
Transcriptomic,Itm2c,-0.18432723196249176,-0.03730435258066061,-0.08319114004041209
Transcriptomic,Ppip5k2,-0.029316078066141876,-0.30746423977025933,0.08107916352463578
Transcriptomic,Mtmr6,0.05996662776238621,0.033298533015274245,0.12718737850428777
Transcriptomic,Frmd4a,0.11076754957991566,-0.13589451823589588,0.07273214369221738
Transcriptomic,Rian,-0.04947443176677409,-0.28787415251651677,-0.01113031285462083
Transcriptomic,Cdc42,-0.10546010730779361,0.23413531833461376,0.028892256487576384
Transcriptomic,Faf1,0.18995581313480145,0.0024835212118427675,0.03459146378899318
Transcriptomic,Rab3a,-0.20471193314323208,0.29896591833934627,-0.018324558475066578
Transcriptomic,Pfkm,-0.16450821157796672,0.18239112227523246,0.061154285849557614
Transcriptomic,Me3,0.3336645765284238,0.04726805112562933,-0.20716394424051388
Transcriptomic,Klc1,-0.17440097150157693,0.2727927002719466,0.20180895516935998
Transcriptomic,Ankrd28,0.06473561196949622,-0.1077444235129628,0.13878633037032567
Transcriptomic,Crebzf,0.03488990744536446,-0.369414089994977,-0.1106345257218614
Transcriptomic,Arpc5,0.06575386445930614,0.00474112158563921,-0.07506210256111306
Transcriptomic,Rufy3,0.021864814002839288,0.028898978642514506,0.17419167816416825
Transcriptomic,Cacnb4,0.18986255993457035,-0.013980048491473019,0.10159935058437594
Transcriptomic,Peli1,0.1985656870746469,-0.044824892018550166,-0.06640143995269278
Transcriptomic,Nalcn,0.19135038676543809,-0.1984198243525064,-0.16787889292243216
Transcriptomic,Ube2w,-0.002241647289432679,0.10063040973163144,0.1292868618848035
Transcriptomic,Ina,-0.13885155748168398,0.177577651691795,0.13313268216652663
Transcriptomic,Wbp2,-0.27492950849093545,0.3639810847558541,0.02154820485796627
Transcriptomic,Slc2a3,-0.2224439331863868,0.11710401808064795,-0.003158083622671764
Transcriptomic,Ptk2,-0.03959797760407769,0.17275844093102122,0.2590492019541869
Transcriptomic,C2cd5,0.2664665291652565,0.0016889140255516022,-0.004705385035338305
Transcriptomic,Zfp871,0.13321426554473395,-0.05514130493202786,0.04611856983521929
Transcriptomic,Ubn2,0.3487969813829126,-0.20797938679129388,0.05597303222846208
Transcriptomic,Bhlhb9,-0.19290095739752597,0.02288919067053028,0.097349869678419
Transcriptomic,Kidins220,-0.22750533958190255,-0.08646079319550255,-0.12534127149446822
Transcriptomic,Hdac2,-0.09647003709201947,0.14248273594084726,0.16373456616729118
Transcriptomic,Fgd4,-0.0440527126592846,-0.2819163211532397,0.18540822745295768
Transcriptomic,Nkain3,0.1729363588157804,-0.13760110800539122,-0.020325275653583927
Transcriptomic,Myo5a,-0.12429338980070552,-0.012651820017311594,0.2500269757758775
Transcriptomic,Rgs20,0.29815124803600007,-0.16310257052127675,-0.20743340534029678
Transcriptomic,Slmap,0.009098154731816334,-0.10830225652283985,-0.031535679178552815
Transcriptomic,Syt1,0.15527279714860606,-0.19588333606275937,0.20963095970279153
Transcriptomic,Srsf1,-0.07436769575243869,-0.21486603643684676,0.11270201689870475
Transcriptomic,Chd1,0.0241763671872171,-0.2075121682059844,0.12850183610304214
Transcriptomic,Hp1bp3,-0.28686157175686733,0.11943967891556659,0.19289816119011083
Transcriptomic,Cggbp1,-0.27009364430197924,0.1567640496461663,0.1342872021901229
Transcriptomic,Nup88,0.08845717911571198,-0.15262188785614134,0.021596431776442115
Transcriptomic,Bhlhe41,-0.014728168921316153,-0.04824676003705915,-0.027642401200662973
Transcriptomic,Tenm4,0.11379110984885975,-0.13366424605290028,0.01774755680787853
Transcriptomic,Arhgap10,0.16296879958345628,0.036272350370468054,-0.03258552236088859
Transcriptomic,Ctxn1,-0.20793806470625237,0.32027972736787075,0.06980099266488775
Transcriptomic,Rbmx,0.03214193436267612,-0.056708067239581265,0.016517112998588747
Transcriptomic,Itgav,0.090370662142978,0.12007575837297704,0.05335530414313368
Transcriptomic,Eeig2,0.1409132337070224,0.056683891191530604,-0.012755662165123346
Transcriptomic,Eif5,-0.05028563185535199,-0.10836730881868771,-0.10873239280119837
Transcriptomic,Sesn1,0.04022045660142726,-0.17632783755796788,0.2714184005538085
Transcriptomic,Prkce,0.13490189670179678,0.07042766005466243,0.17600466414574018
Transcriptomic,Cdc42se2,-0.1451060228630306,0.0750867551658074,0.15277597743311963
Transcriptomic,Tulp4,-0.03040770333068538,-0.05307827735109117,-0.0350092538238249
Transcriptomic,Srsf3,-0.18740630197920102,-0.1298412270478766,-0.013239318193998761
Transcriptomic,Pcsk1,0.0730215993477359,0.1083168966968523,0.014454449649653658
Transcriptomic,Sfr1,-0.21040725164339197,0.43197041236685857,0.3421853384113315
Transcriptomic,Clstn1,-0.20652529289255428,-0.018091120617258885,0.021829026086867404
Transcriptomic,Gdi1,-0.04052755707389938,-0.09662765646390777,0.012535842679565855
Transcriptomic,Phactr1,0.3472113577886775,-0.29262661637726883,-0.19031498954973144
Transcriptomic,Slc6a1,-0.06886842779574677,-0.08884550364047868,-0.017000863634266433
Transcriptomic,Ptprn2,0.11249003843703077,-0.20368761020346715,-0.03955071758783609
Transcriptomic,Bclaf1,-0.09137866526647645,-0.07060491167919923,0.10928499445119594
Transcriptomic,Dnajb6,-0.2713134795451015,0.2290842425306443,0.2025925305937779
Transcriptomic,Trim44,-0.26491179766045597,-0.12026070812041055,0.08483024345286583
Transcriptomic,Scoc,-0.19149786479736747,0.16836261971460706,0.11299609766590861
Transcriptomic,P4hb,-0.09113824676348338,0.1204419052652345,-0.011725856917500898
Transcriptomic,Wdr17,0.13066452351569743,-0.24840076876246578,-0.10425996527359327
Transcriptomic,Akr1a1,-0.2567503659853187,0.16747229029682473,0.06088720749693144
Transcriptomic,Mkln1,0.24376819592161106,0.061354250348946544,0.08263042364595787
Transcriptomic,Sema6d,0.28550428620985274,-0.22408580004769785,0.015270757199788942
Transcriptomic,Erc1,0.23677933315725808,-0.008619132554396048,0.12912027497793083
Transcriptomic,Fgfr1op2,-0.036547196402735835,0.2053302472264719,0.007950435937927236
Transcriptomic,Kazn,0.17804225337933974,-0.1582919534099145,-0.1340864999244748
Transcriptomic,Dclk3,-0.1371309378793857,0.041710881876839107,0.10293880549732104
Transcriptomic,Pam,0.059426604605877585,-0.41288316534104175,-0.12047213538475166
Transcriptomic,Rbms1,-0.15463019684180265,0.02785452678496969,0.0401706660157078
Transcriptomic,Cyld,-0.18605753914453954,-0.01868271649190515,0.009241871361098398
Transcriptomic,Gnl2,0.0066995893752927905,-0.17462002329452242,0.26600353027068546
Transcriptomic,Ptchd4,-0.0656333040121154,0.007170753599093619,-0.13150872330097965
Transcriptomic,Smim10l1,-0.12320596856710188,0.08934238175026997,0.09244310256542854
Transcriptomic,Cdh13,0.15270382895360257,0.12743709840402526,0.1339945201934428
Transcriptomic,Selenow,-0.19892475708393545,0.29711082031107283,0.113724260854463
Transcriptomic,Cacybp,-0.14885249337650797,0.28328344862083404,0.06571797482996254
Transcriptomic,Septin3,-0.10415568679628626,0.14576241115229005,0.1069791103226788
Transcriptomic,Rnf19a,-0.15513011061094711,0.027419824366359483,0.0063974548979037395
Transcriptomic,Ndufv2,-0.15315422120548877,0.2356743337849022,0.09844256435210014
Transcriptomic,Kansl1l,0.32091769280931315,-0.010519260399967305,-0.22218955406800744
Transcriptomic,Ankib1,-0.011424039472083375,-0.08386345769297136,0.167004098862047
Transcriptomic,Fbxl5,-0.00663509297140718,-0.07509916410199753,0.06679385147749607
Transcriptomic,Glrb,-0.07214815882598147,0.07660163905131358,0.09329113417978355
Transcriptomic,Ubr3,-0.04459084502081914,-0.11640359354807014,0.07795842928956012
Transcriptomic,Mtdh,-0.19139904806530397,-0.23424798662926583,0.07323639544883652
Transcriptomic,Ppp1r15b,-0.18591673634732242,0.01720628092121599,-0.12416050026915068
Transcriptomic,Morf4l2,-0.10676999965806398,0.12021385110192746,0.07491353956243546
Transcriptomic,Adk,0.0048993718736995194,0.29196473985086807,0.1743835994650362
Transcriptomic,Cul2,0.1227194253831252,-0.10295103585282125,-0.048926427452801693
Transcriptomic,Aplp2,0.10804395876516429,-0.27331584875918197,-0.17172463212036918
Transcriptomic,Wasf1,-0.13584180321933992,0.14216701023322342,0.14637537413488239
Transcriptomic,Peak1,0.01628177886650868,0.1726659292599829,0.026156832812378693
Transcriptomic,Kcna4,0.11313153404663151,0.059535048815409754,-0.13115484391248985
Transcriptomic,Tnks2,-0.20488760347465246,0.024398280762715895,0.006496273378923215
Transcriptomic,Ppp1r1b,-0.28335286079031036,0.21471336358615506,-0.08505428961491208
Transcriptomic,Macf1,0.11847703359305573,-0.0011316964982248361,0.027223019813114094
Transcriptomic,Rragd,-0.15460432728799542,0.22898392157882022,0.11825098739194792
Transcriptomic,Gramd1a,0.16328134261651633,-0.1655954039566565,0.01566066986039951
Transcriptomic,Zfp654,-0.09547083518140552,0.01965540311396708,0.005854968294470655
Transcriptomic,Psmd1,-0.1640559334017469,0.1260398132262626,0.13282210112966994
Transcriptomic,Crk,-0.16098815718506984,0.041656322724657725,0.0368578802472781
Transcriptomic,Rtn3,-0.06451313397596299,0.01207766263549017,-0.23176895935070516
Transcriptomic,Morf4l1,-0.21038700709635852,0.11467993733057581,0.10681996078626148
Transcriptomic,Golph3,-0.05377626326579946,0.12934929740863033,0.125556079115031
Transcriptomic,Sh3rf2,0.13230186291388485,-0.06645804055508316,-0.04116589233655253
Transcriptomic,Cdh6,-0.10535518610761897,0.09538658247720767,-0.046501045546021184
Transcriptomic,Lmbrd1,0.049940598455469144,-0.03122717013626599,-0.09459962414997247
Transcriptomic,Smarca2,-0.0893332817275884,-0.08907329469547802,0.20895890443344906
Transcriptomic,Thoc2l,0.3932450297228724,-0.12180571893038454,-0.06316504581118439
Transcriptomic,Actr3b,-0.07483546657265525,0.18117167173220503,0.08469482750020402
Transcriptomic,Elmod1,0.23596132957893462,-0.12358510215454103,-0.327198536486184
Transcriptomic,Nup98,0.13868719751733594,-0.22940759879881895,0.005891801241865621
Transcriptomic,Pgk1,-0.2344668323004022,0.2514131855318186,0.1331107383675588
Transcriptomic,Rbm5,0.010094071698555366,0.024965609690139896,0.20408145358606225
Transcriptomic,Ppp2r5d,-0.22034847530216436,0.1172668022664019,-0.028982263294757442
Transcriptomic,Timp2,-0.17352853190459588,0.02437411165322309,0.11840828778399205
Transcriptomic,Brd2,-0.39827656748810236,0.17891881271696555,0.19361100792530278
Transcriptomic,Sh3bgrl,-0.15625266622898384,0.14094331167664378,0.01820853590139829
Transcriptomic,Scn1a,-0.04999334579857527,-0.26611793274547135,-0.1394579370663439
Transcriptomic,Dgkh,0.23094176835887062,-0.009577953217558369,0.17881322465126506
Transcriptomic,Csrnp3,0.2713335644740063,-0.08845638930107079,-0.1500182345271622
Transcriptomic,Stxbp1,-0.03545395546423574,0.21631220721230915,-0.07588573323773136
Transcriptomic,Trio,0.1060523258295399,0.007578330544269722,0.19302943637823647
Transcriptomic,Rapgef2,-0.09579609972530599,-0.018847061917091967,0.12771171956015007
Transcriptomic,Birc6,-0.18279390680410842,-0.03385244660435499,0.11156899039412614
Transcriptomic,Dcaf6,0.18948960221574015,-0.06380615660110461,-0.017543125529946076
Transcriptomic,Eif1a,-0.16691701610629442,-0.05424523863945456,0.1258454406717462
Transcriptomic,Nell2,0.23376760551144576,-0.008104042879795069,0.03698625208417431
Transcriptomic,Ubqln1,-0.15194734860344092,0.18992820093963614,-0.027517328111184344
Transcriptomic,Cfl2,0.1742659515396108,-0.1754185161316672,-0.02506299028547102
Transcriptomic,Ube3a,0.35667611714468866,-0.14491229248893808,0.15474386464003934
Transcriptomic,Dnajc5,-0.1961263810571198,0.20624625536828076,-0.029878810502691457
Transcriptomic,Rc3h2,0.2336733045561057,-0.2772538765494129,0.11594591956615764
Transcriptomic,Dennd4a,0.18575094211552454,0.15983201968331842,-0.053350121972017245
Transcriptomic,Sema3e,0.1362725255393285,0.039012948075647036,-0.06032954396671472
Transcriptomic,Wdr47,0.02832396549821421,-0.0530579628533701,-0.08648281683279016
Transcriptomic,Stip1,-0.2009271489884464,0.037683345474690384,0.1272720156945523
Transcriptomic,Mapre2,-0.21793282815323772,0.20024006725635546,0.1528371650075793
Transcriptomic,Srgap2,0.06359439855558907,-0.07704887684375561,0.1056099792332308
Transcriptomic,Map1b,-0.15458997374552338,-0.00879171530546346,0.1791784542025313
Transcriptomic,Trim37,-0.12070841148611584,0.30426865246645307,0.010850982813296293
Transcriptomic,Copg2,0.034924024266296254,0.05645996015871759,0.06999241233138405
Transcriptomic,Ptbp2,-0.029938814194976827,-0.26906876864585527,-0.04294323509475347
Transcriptomic,Rasgrf1,0.008057044149303647,-0.14478021743918673,-0.21977028370323418
Transcriptomic,Tcp1,0.0011670816423534956,0.11155452004422715,-0.048695314233741786
Transcriptomic,Ccnyl1,-0.031915455309872935,0.08521709699073274,0.24477277558604693
Transcriptomic,Hsbp1,-0.11150963697040209,0.3318270148290107,0.050408621051803
Transcriptomic,Gprasp1,0.20613431464458876,-0.04875134297861271,0.08791933133157943
Transcriptomic,Vldlr,-0.11994335399263592,-0.06915758247204926,-0.011755656599040638
Transcriptomic,Ripor2,0.14725603880962054,-0.14509372419492053,-0.17252435864329344
Transcriptomic,Tbc1d8,-0.061080889605184874,0.14617640603698942,-0.22153397642521416
Transcriptomic,Trim2,0.08076058449974813,-0.05861973375379021,0.1127926275722061
Transcriptomic,Gnb5,-0.09885418921724141,0.34167998449403475,-0.09310643305581752
Transcriptomic,Opa1,-0.05945917882040428,0.10255860846044744,0.13682214847267476
Transcriptomic,Hnrnph1,0.16982489935127446,-0.17867818939858132,-0.09699287881373116
Transcriptomic,Atrx,0.03096380922010317,-0.2650953435664925,-0.03017930927040776
Morphological,Soma circularity,-0.14590433917386186,0.8693042423531805,-0.2941331894302122
Morphological,Soma aspect ratio,-0.16429703673347001,0.855606086782815,-0.09018420451149753
Morphological,Max radial distance,0.44483076151954704,0.014957914932914085,0.5030267061101474
Morphological,Primary neurite number,0.2633220564925632,0.0025516962982916943,0.591439357610332
Morphological,Mean tortuosity,-0.004489764950616838,-0.2047007681236428,-0.1746910157616604
Morphological,Total neurite length,0.8576432942777314,0.07433481128046115,0.17806685017243787
Morphological,Bifurcation points,0.7474510780605159,0.08238825415010728,-0.45461349725219274
Morphological,Maximum branch order,0.5769750178838791,-0.00018314484177444393,-0.4772415710476468
Morphological,Minimum trunk angle,-0.26810839579585594,0.14725536930276842,-0.25802884626283273
Morphological,Maximum trunk angle,0.036903634257647935,-0.0691902783036761,0.6702753291587276
