Feature,Group_1,Group_2,Dunn_Z,Dunn_r,P_raw,P_adj_Holm_within_feature
basal_dendrite_total_length,M1,M2,-3.3911500117663347,0.31351192949266227,0.0006959999413083062,0.002087999823924919
basal_dendrite_total_length,M1,M3,2.3985477420076347,0.2217458171912025,0.016460230584309735,0.03292046116861947
basal_dendrite_total_length,M1,M4,3.7538575612909417,0.34704425430827424,0.00017413383949953565,0.0006965353579981426
basal_dendrite_total_length,M2,M3,5.097488670357546,0.47126299428386875,3.44189008171861e-07,1.720945040859305e-06
basal_dendrite_total_length,M2,M4,5.99172935546844,0.5539355748678015,2.076212472863471e-09,1.2457274837180824e-08
basal_dendrite_total_length,M3,M4,1.578461821201537,0.14592884699242084,0.11445955244540999,0.11445955244540999
basal_dendrite_num_branches,M1,M2,-4.932514754709283,0.45601115038684614,8.117764543651265e-07,4.870658726190759e-06
basal_dendrite_num_branches,M1,M3,-0.098901525531046,0.009143449269840953,0.9212164576480047,1.0
basal_dendrite_num_branches,M1,M4,0.8334814861176638,0.07705539064992728,0.40457323502528497,1.0
basal_dendrite_num_branches,M2,M3,3.8402597340853175,0.3550321380088286,0.00012290420773320083,0.0004916168309328033
basal_dendrite_num_branches,M2,M4,4.100493991115502,0.3790908035820236,4.122691414453561e-05,0.00020613457072267806
basal_dendrite_num_branches,M3,M4,0.8185261224867169,0.07567276679314296,0.41305683216500866,1.0
basal_dendrite_calculate_number_of_stems,M1,M2,0.35114021804358236,0.03246292464189081,0.7254831569300653,1.0
basal_dendrite_calculate_number_of_stems,M1,M3,3.027463148949989,0.27988906713120143,0.0024661578146850612,0.012330789073425306
basal_dendrite_calculate_number_of_stems,M1,M4,3.210849492929022,0.2968431406295676,0.0013234322960464983,0.00794059377627899
basal_dendrite_calculate_number_of_stems,M2,M3,2.7356879124824975,0.25291443697750476,0.006225003302464835,0.018675009907394506
basal_dendrite_calculate_number_of_stems,M2,M4,2.969813486578348,0.2745593539595569,0.0029798060647277143,0.012330789073425306
basal_dendrite_calculate_number_of_stems,M3,M4,0.6267875913879086,0.05794653332240194,0.5307984784307437,1.0
basal_dendrite_max_branch_order,M1,M2,-4.309106234569533,0.3983770123118463,1.6391562213262452e-05,9.834937327957472e-05
basal_dendrite_max_branch_order,M1,M3,-2.0173285552345845,0.18650209090656367,0.043661237575535895,0.21830618787767947
basal_dendrite_max_branch_order,M1,M4,-1.1137631263749508,0.10296743745810163,0.26538081976070566,0.5307616395214113
basal_dendrite_max_branch_order,M2,M3,1.4312281334327788,0.13231708774303846,0.15236484303122788,0.45709452909368364
basal_dendrite_max_branch_order,M2,M4,1.7451052334283965,0.1613350359027343,0.08096655277401751,0.32386621109607006
basal_dendrite_max_branch_order,M3,M4,0.4994819683805361,0.046177124311941174,0.6174398866220516,0.6174398866220516
basal_dendrite_max_path_distance,M1,M2,1.5903422792438264,0.14702719572697143,0.1117576734095851,0.1754396873716488
basal_dendrite_max_path_distance,M1,M3,3.1739561634350384,0.29343235111128185,0.0015037640017037922,0.006015056006815169
basal_dendrite_max_path_distance,M1,M4,4.672108872437495,0.43193661805445205,2.9812285393345554e-06,1.788737123600733e-05
basal_dendrite_max_path_distance,M2,M3,1.8920832040665165,0.17492315409502615,0.0584798957905496,0.1754396873716488
basal_dendrite_max_path_distance,M2,M4,3.605974556628555,0.3333724656908405,0.00031098360826819224,0.0015549180413409612
basal_dendrite_max_path_distance,M3,M4,1.824718013255997,0.16869524000146863,0.06804359353949234,0.1754396873716488
basal_dendrite_max_euclidean_distance,M1,M2,1.6655138873329944,0.15397681335324268,0.09581027534079131,0.19162055068158262
basal_dendrite_max_euclidean_distance,M1,M3,4.216109134932045,0.38977942740896443,2.4855350857323584e-05,0.0001242767542866179
basal_dendrite_max_euclidean_distance,M1,M4,4.613482192575841,0.42651657958390315,3.959782038780698e-06,2.3758692232684184e-05
basal_dendrite_max_euclidean_distance,M2,M3,2.8702925459476907,0.2653586397434994,0.004100921941598861,0.012302765824796582
basal_dendrite_max_euclidean_distance,M2,M4,3.4976773725014407,0.32336038747651547,0.0004693285099983591,0.0018773140399934364
basal_dendrite_max_euclidean_distance,M3,M4,0.9998270529861396,0.09243404374711736,0.317394211328915,0.317394211328915
basal_dendrite_mean_contraction,M1,M2,-0.7176292556020046,0.06634484814989951,0.4729859139853266,0.8142903604162375
basal_dendrite_mean_contraction,M1,M3,1.8452997863077163,0.17059802559321058,0.06499394156120418,0.19498182468361253
basal_dendrite_mean_contraction,M1,M4,2.456895398739558,0.22714005996428255,0.014014348549368059,0.07007174274684029
basal_dendrite_mean_contraction,M2,M3,2.4114177992015295,0.22293565439968308,0.015890633441026092,0.07007174274684029
basal_dendrite_mean_contraction,M2,M4,2.9261684701276613,0.27052437076131536,0.0034316504771050023,0.020589902862630013
basal_dendrite_mean_contraction,M3,M4,0.8289279470248482,0.07663441581187659,0.40714518020811874,0.8142903604162375
basal_dendrite_mean_diameter,M1,M2,-4.550478305890283,0.4206918681993313,5.352410570915402e-06,3.211446342549241e-05
basal_dendrite_mean_diameter,M1,M3,-4.14771309645266,0.38345621141470715,3.358128544923957e-05,0.00016790642724619787
basal_dendrite_mean_diameter,M1,M4,-0.08680248719814967,0.00802489278027526,0.9308285105902407,1.0
basal_dendrite_mean_diameter,M2,M3,-0.49840618607733306,0.046077668202827445,0.6181977775000439,1.0
basal_dendrite_mean_diameter,M2,M4,2.9293852181710416,0.27082175922312707,0.0033963322389842275,0.010913549607332708
basal_dendrite_mean_diameter,M3,M4,2.9967898344550923,0.2770533182030019,0.002728387401833177,0.010913549607332708
basal_dendrite_extent_dorsal,M1,M2,1.8672507054381624,0.17262738878470768,0.061866585725334655,0.12373317145066931
basal_dendrite_extent_dorsal,M1,M3,3.028931229992638,0.2800247912716068,0.0024542054195776366,0.009816821678310547
basal_dendrite_extent_dorsal,M1,M4,5.477481949223552,0.5063933853424091,4.31421000335312e-08,2.588526002011872e-07
basal_dendrite_extent_dorsal,M2,M3,1.526481984108286,0.14112330935319053,0.1268898738212008,0.1268898738212008
basal_dendrite_extent_dorsal,M2,M4,4.225734679653028,0.39066930933321503,2.3816247232121318e-05,0.0001190812361606066
basal_dendrite_extent_dorsal,M3,M4,2.6523002980291817,0.24520524929417012,0.007994540408819376,0.023983621226458127
basal_dendrite_extent_medial,M1,M2,0.5806799796037203,0.05368388310504094,0.5614561572749424,0.7532843591799319
basal_dendrite_extent_medial,M1,M3,5.128816270640289,0.4741592319545527,2.915697293921073e-07,1.4578486469605365e-06
basal_dendrite_extent_medial,M1,M4,5.240700164588278,0.48450290160911796,1.5996845992505272e-07,9.598107595503163e-07
basal_dendrite_extent_medial,M2,M3,4.64584843538441,0.42950883979006765,3.3868160017682367e-06,1.016044800530471e-05
basal_dendrite_extent_medial,M2,M4,4.842278054634122,0.447668764513778,1.2835897289289784e-06,5.134358915715914e-06
basal_dendrite_extent_medial,M3,M4,0.8841000993430604,0.08173508309805669,0.37664217958996593,0.7532843591799319
basal_dendrite_bias_dorsal,M1,M2,-3.825324364793866,0.3536513626293845,0.00013060001673595808,0.0007836001004157485
basal_dendrite_bias_dorsal,M1,M3,-0.6964996585150753,0.06439141620818623,0.48611597105625676,0.9722319421125135
basal_dendrite_bias_dorsal,M1,M4,-2.241989240918333,0.2072719786453753,0.024962067675806724,0.0998482707032269
basal_dendrite_bias_dorsal,M2,M3,2.3607762167903537,0.2182538384495772,0.018236731657925383,0.09118365828962692
basal_dendrite_bias_dorsal,M2,M4,0.29915756803430454,0.027657126948481842,0.7648198233273771,0.9722319421125135
basal_dendrite_bias_dorsal,M3,M4,-1.4883024503400681,0.1375936102076875,0.13667114905715166,0.410013447171455
basal_dendrite_bias_medial,M1,M2,2.2054853184119483,0.20389718981582824,0.027420056915966294,0.08226017074789888
basal_dendrite_bias_medial,M1,M3,2.5022817337013694,0.23133602811582601,0.012339568603908491,0.049358274415633965
basal_dendrite_bias_medial,M1,M4,-1.2155848308031174,0.11238085736248352,0.2241431155459133,0.4482862310918266
basal_dendrite_bias_medial,M2,M3,0.7317191907573917,0.06764746311581517,0.4643399806279275,0.4643399806279275
basal_dendrite_bias_medial,M2,M4,-2.6741898733962577,0.24722894125273745,0.007491002559187521,0.0374550127959376
basal_dendrite_bias_medial,M3,M4,-2.94161768213688,0.2719526509168218,0.0032650275578514428,0.019590165347108657
basal_dendrite_soma_percentile_dorsal,M1,M2,3.5260676226811305,0.32598506703410834,0.0004217792581143502,0.0025306755486861014
basal_dendrite_soma_percentile_dorsal,M1,M3,0.67889401157316,0.06276377357262747,0.4972050203508379,1.0
basal_dendrite_soma_percentile_dorsal,M1,M4,1.6313967452845768,0.15082268245509248,0.10280663121977539,0.41122652487910155
basal_dendrite_soma_percentile_dorsal,M2,M3,-2.1393484814516945,0.19778283707590014,0.032407456004808,0.16203728002404
basal_dendrite_soma_percentile_dorsal,M2,M4,-0.7098290682391029,0.06562372057310031,0.4778101409127183,1.0
basal_dendrite_soma_percentile_dorsal,M3,M4,0.9554201986812376,0.08832862861433831,0.33936524346299674,1.0
basal_dendrite_soma_percentile_medial,M1,M2,-0.4658532789590022,0.043068150875120816,0.6413205255032725,1.0
basal_dendrite_soma_percentile_medial,M1,M3,-0.7922541123862152,0.07324391860014638,0.4282125221781049,1.0
basal_dendrite_soma_percentile_medial,M1,M4,3.918537279947108,0.36226889968375603,8.908795209370429e-05,0.00035635180837481715
basal_dendrite_soma_percentile_medial,M2,M3,-0.41727630405126725,0.03857720795622938,0.6764763186691185,1.0
basal_dendrite_soma_percentile_medial,M2,M4,4.217156684870683,0.3898762734350507,2.474020755383217e-05,0.000148441245322993
basal_dendrite_soma_percentile_medial,M3,M4,4.090813245057693,0.3781958182923781,4.2986318316169144e-05,0.00021493159158084572
basal_dendrite_stem_exit_dorsal,M1,M2,2.075912561419751,0.19191818419432563,0.037902038723137285,0.11370611616941186
basal_dendrite_stem_exit_dorsal,M1,M3,-3.122304646696398,0.28865716669957275,0.0017944114918107062,0.007177645967242825
basal_dendrite_stem_exit_dorsal,M1,M4,1.6162161107968422,0.14941923230023083,0.10604759670343691,0.21209519340687383
basal_dendrite_stem_exit_dorsal,M2,M3,-4.768261515145341,0.44082593301738815,1.858224718976337e-06,1.1149348313858021e-05
basal_dendrite_stem_exit_dorsal,M2,M4,0.2361624242202001,0.021833223842661797,0.8133066360080576,0.8133066360080576
basal_dendrite_stem_exit_dorsal,M3,M4,3.7594011598959827,0.3475567601806092,0.00017032054887496936,0.0008516027443748468
basal_dendrite_stem_exit_ventral,M1,M2,1.9617246871474456,0.18136151148342736,0.049794546038493086,0.14938363811547925
basal_dendrite_stem_exit_ventral,M1,M3,-3.5254283367822157,0.32592596503184634,0.0004227985531065252,0.002113992765532626
basal_dendrite_stem_exit_ventral,M1,M4,0.7672422001909578,0.07093156649970013,0.44293752667524705,0.8858750533504941
basal_dendrite_stem_exit_ventral,M2,M3,-5.078687161914958,0.4695247942134632,3.8005191549309115e-07,2.280311492958547e-06
basal_dendrite_stem_exit_ventral,M2,M4,-0.5349335470003006,0.04945462391475409,0.5926958098120263,0.8858750533504941
basal_dendrite_stem_exit_ventral,M3,M4,3.299138258052219,0.305005439852621,0.0009698213295174137,0.003879285318069655
basal_dendrite_stem_exit_MedialLateral,M1,M2,-2.811171805229298,0.2598929253305872,0.004936142048890439,0.014808426146671317
basal_dendrite_stem_exit_MedialLateral,M1,M3,4.024262847552474,0.3720432318665427,5.715405507090053e-05,0.00022861622028360213
basal_dendrite_stem_exit_MedialLateral,M1,M4,-1.8577712950548049,0.1717510169847497,0.06320149909328139,0.12640299818656278
basal_dendrite_stem_exit_MedialLateral,M2,M3,6.253960982279661,0.5781788973425758,4.001710284237675e-10,2.401026170542605e-09
basal_dendrite_stem_exit_MedialLateral,M2,M4,0.010222027874374802,0.000945026811289244,0.991844143813224,0.991844143813224
basal_dendrite_stem_exit_MedialLateral,M3,M4,-4.643932627145793,0.4293317232557525,3.418390757069585e-06,1.7091953785347925e-05
soma_surface_area,M1,M2,-4.063930727689919,0.375710528682556,4.82531519696731e-05,0.0002895189118180386
soma_surface_area,M1,M3,-3.492955887902891,0.32292388607096717,0.00047770541451216773,0.0014331162435365032
soma_surface_area,M1,M4,1.3663532640322464,0.1263194039452782,0.17182811037875062,0.34365622075750124
soma_surface_area,M2,M3,-0.23463521131680223,0.02169203295979638,0.8144918776799324,0.8144918776799324
soma_surface_area,M2,M4,4.056307486481455,0.3750057597835214,4.985461799129924e-05,0.0002895189118180386
soma_surface_area,M3,M4,3.810735250757902,0.3523025985596343,0.0001385540900337894,0.0005542163601351577
