cell_label,M,basal_dendrite_total_length,basal_dendrite_num_branches,basal_dendrite_calculate_number_of_stems,basal_dendrite_max_branch_order,basal_dendrite_max_path_distance,basal_dendrite_max_euclidean_distance,basal_dendrite_mean_contraction,basal_dendrite_mean_diameter,basal_dendrite_extent_dorsal,basal_dendrite_extent_medial,basal_dendrite_bias_dorsal,basal_dendrite_bias_medial,basal_dendrite_soma_percentile_dorsal,basal_dendrite_soma_percentile_medial,basal_dendrite_stem_exit_dorsal,basal_dendrite_stem_exit_ventral,basal_dendrite_stem_exit_MedialLateral,soma_surface_area,basal_dendrite_total_length__z,basal_dendrite_num_branches__z,basal_dendrite_calculate_number_of_stems__z,basal_dendrite_max_branch_order__z,basal_dendrite_max_path_distance__z,basal_dendrite_max_euclidean_distance__z,basal_dendrite_mean_contraction__z,basal_dendrite_mean_diameter__z,basal_dendrite_extent_dorsal__z,basal_dendrite_extent_medial__z,basal_dendrite_bias_dorsal__z,basal_dendrite_bias_medial__z,basal_dendrite_soma_percentile_dorsal__z,basal_dendrite_soma_percentile_medial__z,basal_dendrite_stem_exit_dorsal__z,basal_dendrite_stem_exit_ventral__z,basal_dendrite_stem_exit_MedialLateral__z,soma_surface_area__z,tSNE1,tSNE2,x,y
Q19.26.014.11.01.04,M1,5241.02750013904,56,8,5,290.730982124635,260.382136837802,0.838345308437502,0.573220559502664,439.2045,367.4872,1.64049999999997,99.8324000000001,0.468694493783304,0.33436944937833,0.125,0.375,0.5,548.486433560513,0.94230571608918,0.184988518650226,1.23519941873781,-1.11416835102151,0.44562264225127,1.10066789124044,0.436345776907543,0.12285506525818,1.57848515568112,0.438086346368416,-0.0397715438110225,1.50055599531096,-0.102872433070859,-0.788801863147096,-0.378878950606291,1.31089199033649,-0.687036151499391,0.279234197636971,4.26782689650943,-2.39325658926778,3.870480618739328,-2.2441633619892314
Q19.26.014.11.01.05,M2,5909.88627002346,69,5,7,248.379525573043,221.593304727399,0.852124042146354,0.565708754476721,432.7523,349.5537,-7.84789999999998,14.2017000000001,0.489852765618782,0.428372463191405,0.2,0.4,0.4,359.438955326504,1.47579676183177,1.03375936892773,-0.214500312714639,0.39535006003989,-0.650155752018257,-0.0388697810505102,0.762892300147975,-0.0019473258164224,1.48471085970672,0.203057714659289,-0.217147536115559,-0.585688264798848,0.0564214464138598,0.353410585886777,0.141755452356089,1.42714874429547,-1.1410023669401,-0.728401519174724,-2.83631396130699,-0.0609033881572203,-2.990393371693748,-0.5981427181296652
Q19.26.014.11.05.01,M2,5946.3087811815,77,5,8,273.449695601998,237.31162650888,0.847199207259424,0.609323597294071,455.791858326154,312.435077747855,18.5859538812229,0.320833767485311,0.576004775169121,0.407282132908874,0.2,0.0,0.8,502.026309505613,1.50484786266376,1.55607989217543,-0.214500312714639,1.15010926557059,-0.001503901640286,0.422902817933844,0.646177096571119,0.675490939535161,1.81956073441552,-0.283402764268401,0.277006490128597,-2.17832781627756,0.705032445147038,0.069629493161318,0.141755452356089,-1.2302460548693,0.674862494822722,0.0702189227795709,-6.93403854054234,-5.30286708342032,-6.473459264043795,-5.0538118591033
Q19.26.014.1A.03.05,M3,5613.62147486006,63,5,6,291.743995363325,188.649627043496,0.690748671338453,0.535851326699834,347.003953307284,290.318720498646,6.33372585245309,15.7460862390222,0.523839137645108,0.438847429519071,0.2,0.4,0.4,567.646095338905,1.239491845899,0.642018976491959,-0.214500312714639,-0.35940914549081,0.471832792041824,-1.00668860265794,-3.06159312699282,-0.535285952231512,0.238470687040369,-0.57325009929345,0.0479635424720367,-0.500841150151891,0.312294000268012,0.500725487107832,0.141755452356089,1.42714874429547,-1.1410023669401,0.360030532770612,2.57936342715808,4.09845658216625,2.968523664459913,4.257774241175942
Q19.26.019.11.03.01,M4,2578.35994833809,54,4,6,200.888664775233,177.13499787422,0.906224544896508,0.583101453634085,223.746161986497,306.177488651543,-4.89983945966628,6.59536403010657,0.610526315789474,0.344360902255639,0.0,0.0,1.0,427.762062537327,-1.18147490940913,0.0544083878383018,-0.918942725713165,-0.35940914549081,-1.8789082773088,-1.34496518916364,2.04503704957976,0.281669053019578,-1.55292025007657,-0.365411998556408,-0.162036541246504,-1.138584098124,0.964934112635041,-0.681749363381505,-1.24660295554359,-1.2302460548693,1.58279492570413,-0.310531802730075,-5.56962794238275,4.69855196396462,-5.147801043066203,5.16971572091002
Q20.26.003.11.03.01,M3,4151.84254672185,47,5,7,266.783971819053,229.965969837039,0.833407394576507,0.580751924215512,323.35610066567,347.430178061023,-29.9819965265247,57.5768743757822,0.560686796921255,0.44316163410302,0.4,0.4,0.2,515.74849216342,0.0735566677571259,-0.402622070003432,-0.214500312714639,0.39535006003989,-0.173969188509984,0.207102236945666,0.319320610630258,0.24444402218247,-0.10521995069152,0.175227762016349,-0.6309219696509,0.799760829081255,0.589708273119271,0.562658523586,1.53011386025577,1.42714874429547,-2.0489347978215,0.134013355579476,5.17786174106981,2.55738460675089,5.177247231284884,2.947863062072886
Q20.26.003.11.03.03,M1,2727.19376055125,44,8,4,258.605536383829,222.873171889687,0.863955829899927,0.602298921949116,354.038378970726,294.479682848356,57.7710218371237,100.094446726981,0.42518326865028,0.320396722725313,0.0,0.25,0.75,415.273334500445,-1.06276299338958,-0.598492266221317,1.23519941873781,-1.86892755655221,-0.385573548278092,-0.0012698645899272,1.04329754175348,0.573761935517111,0.340706872244407,-0.518718340983829,1.0095315008995,1.50413406700619,-0.430454567683105,-0.933229608542997,-1.24660295554359,0.65136179341342,0.447879387102369,-0.381388453217527,-0.228552966339478,-3.52071048852992,0.04855773531775642,-3.2024991763620503
Q20.26.009.12.01.03,M3,4825.31948466043,62,4,7,272.843290196172,199.21596420734,0.783888258762376,0.505627658559847,365.646501104297,288.71512451644,-23.4701582071165,7.09252908307684,0.526943252265141,0.47448736289938,0.25,0.25,0.5,394.869939312619,0.610731228489073,0.576728911085997,-0.918942725713165,0.39535006003989,-0.0171937030302969,-0.696270923103762,-0.854248889706897,-1.14242489232196,0.509415759238053,-0.594266129042915,-0.509189772058921,-1.09187675832645,0.335663889077226,1.03512554089962,0.488845054331009,0.65136179341342,-0.687036151499391,-0.502142162430877,2.24490369699498,3.89524231637617,2.684232893821278,4.085042115254374
Q21.26.009.12.01.04,M3,3125.46761603341,58,6,7,252.97559213443,218.760488928074,0.78124783753961,0.647850643145902,392.087739637057,241.37064940903,35.2318577680162,56.9167839967061,0.423373759647189,0.352443954428519,0.5,0.5,0.0,1126.15434769445,-0.745094233974451,0.315568649462149,0.355091695849336,0.39535006003989,-0.531239642711431,-0.122092197049124,-0.916825058780442,1.18870245618449,0.893704610808158,-1.21474217685742,0.588184741438188,0.786109163939119,-0.444077783761731,-0.592783950328269,2.22429306420561,1.84930140883753,-2.95686722870291,1.93884226651039,5.57221508945621,5.38304717806188,5.512447577413324,5.349676247687228
Q21.26.009.12.01.05,M1,3652.64254516594,32,8,4,362.405085111414,323.952268161515,0.871378834943435,0.49397528933375,475.287008690378,487.601283121285,-49.5052350534602,69.1833858674467,0.514544885830466,0.446981545198624,0.375,0.25,0.375,259.8580522637,-0.324612187696145,-1.38197305109286,1.23519941873781,-1.86892755655221,2.3000791326883,2.96823016456875,1.21921766185831,-1.39665488701018,2.10289727084033,2.01224914810773,-0.995889067023835,1.02273019587562,0.242320543079528,0.618117322565156,1.35656905926831,0.65136179341342,-1.25449392080027,-1.51844209307763,3.68640234448744,0.214939844017803,3.3762697495206373,-0.027196393696485854
Q21.26.009.12.02.02,M1,3636.40228941028,53,11,5,252.702999367703,214.402366198813,0.887388438973633,0.508307803278689,319.4110060942,354.373790477402,-47.1301935304762,42.3500768440262,0.52327868852459,0.495081967213115,0.0909090909090909,0.181818181818182,0.727272727272727,444.701505998051,-0.337565641274564,-0.0108816775676602,2.17322804862914,-1.11416835102151,-0.538292558680193,-0.25012505496876,1.59863427916029,-1.08560421844914,-0.162556745271969,0.266227718820109,-0.951490080165801,0.449707906620154,0.308074557614318,1.36840358236837,-0.615530951952828,0.225661065621035,0.344705247229482,-0.217841777047238,0.0483944348497135,0.607682492185902,0.2839630263285693,0.30663485724639816
Q21.26.009.12.02.03,M1,5044.42437647447,64,6,6,259.287065522908,231.973481017163,0.85167427824566,0.521627042889391,340.645328649238,405.534561149389,-6.18796978836667,25.5900438812981,0.43589164785553,0.498419864559819,0.166666666666667,0.166666666666667,0.666666666666667,647.573954774945,0.785492333709222,0.707309041897921,0.355091695849336,-0.35940914549081,-0.36794003655321,0.266078867404285,0.752233204678541,-0.812021924233001,0.146056386387293,0.936718472338474,-0.186116828257043,-0.0663895502628543,-0.349834596455706,1.42417729736874,-0.0896376156271913,0.123518640863711,0.069574207568449,0.668536331259811,-0.82271537234363,-1.31217580509995,-0.4564803097857728,-1.3252446954465757
Q21.26.013.12.02.03,M2,4465.70481581402,75,5,8,245.467107965724,211.817332671644,0.868250660157493,0.659704151967436,333.437309709701,296.151351423219,-49.9449707236195,40.1070483502174,0.461329715061058,0.311533242876527,0.2,0.2,0.6,805.857019005344,0.323897573335832,1.4254997613635,-0.214500312714639,1.15010926557059,-0.725510050289028,-0.326068127447975,1.14508206841246,1.33258077501269,0.0412972497478263,-0.496810181515731,-1.004109478352,0.390565681521306,-0.15831950281905,-1.02173137600159,0.141755452356089,0.344449516871383,-0.233069936058687,1.17546187351064,-5.16908701611213,-2.43026044725844,-4.973250468278116,-2.6120962183657017
Q21.26.019.13.01.02,M2,4606.78946734821,48,8,5,306.919300369855,264.662031589592,0.800091938305645,0.620331913827655,459.468940605831,329.03612510424,56.242465498048,15.4526512486565,0.422344689378758,0.490731462925852,0.0,0.0,1.0,515.74849216342,0.436428651156955,-0.33733200459747,1.23519941873781,-1.11416835102151,0.864470323465317,1.22640256892352,-0.470232816070351,0.829650376035209,1.87300232054376,-0.0658366759359708,0.980956694036705,-0.516493735896582,-0.451825325555096,1.29645378424372,-1.24660295554359,-1.2302460548693,1.58279492570413,0.134013355579476,-4.2909162594136,-8.20623770235832,-4.226805325084366,-7.5216768852006
Q21.26.021.14.07.03,M1,3317.66024643053,34,6,7,285.388973548295,245.752269759386,0.81385184076482,0.675681181850158,346.630753065816,400.250803918939,-76.3716483108106,30.205867378542,0.471684839957791,0.415054519873373,0.166666666666667,0.0,0.833333333333333,553.245512639588,-0.591798722289236,-1.25139292028094,0.355091695849336,0.39535006003989,0.307406437743048,0.670871896635253,-0.144132580510627,1.51701503018968,0.233046709187677,0.867471853878273,-1.4981293510745,0.0958654657923091,-0.0803590705977646,0.172250221566614,-0.0896376156271913,-1.2302460548693,0.82618456663629,0.299578774331899,1.58706623289495,-6.84767769005523,1.5918340546670204,-6.030421297658564
Q21.26.021.14.07.08,M2,5771.32528154758,62,6,7,302.387469789782,261.298794312966,0.859168520724385,0.682484003248072,391.320516981274,455.631056935282,16.3864687516357,16.9524043416311,0.420828258221681,0.354039788875355,0.166666666666667,0.0,0.833333333333333,622.031165333258,1.36527859272128,0.576728911085997,0.355091695849336,0.39535006003989,0.747216220762034,1.12759743948164,0.92984160305961,1.59239244732044,0.882554032028572,1.59326130324045,0.235889351578409,-0.438588029171049,-0.463242052018417,-0.574966331246982,-0.0896376156271913,-1.2302460548693,0.82618456663629,0.574542433777128,-5.25418297712421,-7.94922112635652,-5.045582035138384,-7.3032127955990696
Q21.26.023.13.03.04,M1,3086.7828893652,37,5,5,289.968532206116,258.682645132641,0.828308726246688,0.500942411563332,367.585799905428,366.983176622716,12.5794144844385,22.0104685405195,0.642449600608597,0.472042601749715,0.4,0.0,0.6,329.342662575896,-0.775949709320996,-1.05552272406305,-0.214500312714639,-1.11416835102151,0.425895430593083,1.05074025185535,0.198485673876322,-1.24322506049819,0.537600933250023,0.431480835747934,0.164720342219474,-0.207575969162543,1.20527434099938,0.996779699837521,1.53011386025577,-1.2302460548693,-0.233069936058687,-0.93994263760213,3.57198161191573,-1.21747937396531,3.2790121268346835,-1.2447527289821319
QM22.26.003.14.02.06,M3,3769.45004270566,58,4,8,270.482614977106,222.663839444711,0.803327100864319,0.571883250311332,285.589195994146,327.476685600271,-82.2232865787301,43.2615427328913,0.660024906600249,0.458904109589041,0.25,0.25,0.5,572.487404726042,-0.23144490512645,0.315568649462149,-0.918942725713165,1.15010926557059,-0.0782725208931294,-0.0074196297182986,-0.393561685908801,0.100898069261185,-0.6541125604532,-0.0862740101345959,-1.60751977984852,0.473081525520059,1.33759321355715,0.79502085457752,0.488845054331009,0.65136179341342,-0.687036151499391,0.379990026465553,3.40975045670207,3.69227652083157,3.674352639572305,3.9125211890414637
QM22.26.003.14.03.04,M1,4780.08005442441,46,6,5,297.824358648724,237.431657038168,0.813636381226703,0.523575932789721,338.892324952246,419.447836660636,-19.776202450058,20.36411064093,0.412404250061774,0.472942920681987,0.166666666666667,0.166666666666667,0.666666666666667,394.869939312619,0.574647630527751,-0.467912135409394,0.355091695849336,-1.11416835102151,0.629152781953703,0.4264290728507,-0.149238823548473,-0.773185364818802,0.120578768284024,1.11905979477973,-0.44013502437361,-0.278144658610345,-0.526663722324795,1.01087151440157,-0.0896376156271913,0.123518640863711,0.069574207568449,-0.502142162430877,1.84725322964125,-1.80253968390942,1.8129930019013754,-1.7420539924346254
QM22.26.003.14.07.09,M1,4328.21637685522,57,7,6,215.532463513841,193.483605377226,0.866088326314658,0.512720066243445,314.772213391251,318.658705520988,-6.29728094066832,42.5137187544979,0.49130554788849,0.451007452387524,0.142857142857143,0.428571428571428,0.428571428571428,647.573954774945,0.21423488461857,0.250278584056188,0.830018915252181,-0.35940914549081,-1.50002264799756,-0.864676066610326,1.09383624180875,-0.99337066083931,-0.229975535745016,-0.201838612274291,-0.188160289126047,0.453931479494096,0.0673589807072007,0.677204133728574,-0.254918378472391,1.55448151851259,-1.01129773395704,0.668536331259811,-2.7160876801057,1.51169822710983,-2.065846771383532,1.0750482319317372
QM22.26.003.14.55.04,M2,4655.47579013536,82,6,10,225.727293632782,187.22955447303,0.807969816280723,0.529969293547564,304.743683668847,287.800479201838,62.4693184880962,17.9728287197594,0.334353481254782,0.478959449120122,0.166666666666667,0.0,0.833333333333333,475.136998769414,0.475261538496635,1.88253021920524,0.355091695849336,2.65962767663199,-1.23624719640299,-1.04840747129587,-0.28353251997407,-0.647852162999435,-0.375727111080064,-0.606253071736205,1.09736138060602,-0.38834810265139,-1.11428306367302,1.10593096131782,-0.0896376156271913,-1.2302460548693,0.82618456663629,-0.0603174021032484,-7.06476850364315,1.26937705734463,-6.584579732679483,0.5325956605469075
QM22.26.030.14.02A.03,M1,4609.91322178997,51,7,6,377.79317284256,216.122158440522,0.775102776497143,0.496469974160207,379.765770264694,323.46029526538,-11.1113548405383,3.57507291971521,0.578552971576228,0.450387596899225,0.142857142857143,0.428571428571428,0.428571428571428,355.604967213124,0.438920201090688,-0.141461808379584,0.830018915252181,-0.35940914549081,2.69822208780422,-0.199601026754592,-1.06245878397746,-1.34122399239153,0.714620886975756,-0.13891107065368,-0.27815450680414,-1.48701344924341,0.724217003060527,0.668063925012178,-0.254918378472391,1.55448151851259,-1.01129773395704,-0.754287562384401,5.25634804060836,-0.46794280340377,4.710723591223418,-0.6076466440048229
QM22.26.031.14.02.06,M2,4344.82540169581,46,10,6,256.568223117713,215.942626451425,0.79573776780219,0.588038825810025,315.74997806548,298.173945050715,27.8262006037912,2.46588236002796,0.468845195236777,0.336471891442814,0.0,0.0,1.0,632.186608378887,0.227482473541573,-0.467912135409394,1.89702574388852,-0.35940914549081,-0.438285876050082,-0.204875314579876,-0.573423665791598,0.358823535345135,-0.215765003840484,-0.470302951316717,0.449743509178628,-1.66027847255748,-0.101737849899117,-0.766540226144049,-1.24660295554359,-1.2302460548693,1.58279492570413,0.612393611792706,-2.76325717755507,-6.19230224077708,-2.9282951055046156,-5.809831742856545
QM22.26.031.14.03A.03,M2,4688.86220369609,72,4,7,266.294928265789,232.089591127995,0.799704198911913,0.508172892315344,311.15493973807,340.935483095068,-23.2221934698941,27.2951595847669,0.462820193981597,0.375777169858244,0.25,0.0,0.75,788.681163408942,0.501891005711651,1.22962956514562,-0.918942725713165,0.39535006003989,-0.186622433596624,0.269489948332178,-0.479421973334138,-1.0884499464645,-0.282547881638478,0.0901111215827163,-0.504554323371961,-0.004142212593721,-0.147098162466261,-0.323756847010983,0.488845054331009,-1.2302460548693,0.447879387102369,1.1258044522225,-3.6819772215201,-3.35381867986596,-3.7092071428748907,-3.3971207160820938
QM22.26.031.14.04A.07,M4,3086.37470024537,50,4,7,220.911018866737,157.976541223943,0.778826458133716,0.519572486772487,251.183301338836,216.354847421747,-18.0321834467131,74.9056927237735,0.385487528344671,0.174981103552532,0.0,0.25,0.75,204.352594322006,-0.776275286632986,-0.206751873785546,-0.918942725713165,0.39535006003989,-1.3608608522065,-1.90780201378898,-0.974210087270599,-0.853288605786496,-1.15415728142758,-1.54258837041571,-0.407532362036833,1.12252125520393,-0.729311134110962,-2.11447095992512,-1.24660295554359,0.65136179341342,0.447879387102369,-2.11288682604812,-4.9477693269585,6.08910501388001,-4.619221219955591,6.351685813338101
QM22.26.031.14.04A.08,M2,4683.57833198599,78,6,6,191.816839663056,159.242380700396,0.792195577441469,0.595763683260253,227.564057939469,238.222704360018,28.7275399840009,13.0236777126301,0.495228269280371,0.491617229816869,0.0,0.166666666666667,0.833333333333333,632.186608378887,0.497676516239262,1.62136995758139,0.355091695849336,-0.35940914549081,-2.11362771233947,-1.8706142024523,-0.657371143940933,0.47668786587742,-1.49743212120682,-1.25599777211573,0.466593132610171,-0.654897073927506,0.096891898778641,1.31103489775386,-1.24660295554359,0.123518640863711,0.82618456663629,0.612393611792706,-7.50455932733098,1.7402108343979,-6.958401932814139,0.9328043710421872
QM22.26.031.14.55A.04,M3,3274.28644914789,42,6,5,240.437398765611,223.846494727838,0.898579763027514,0.663260050523277,352.725614810543,339.669247910124,-52.6568980166358,38.0875962737916,0.643450018044027,0.293395885961747,0.166666666666667,0.333333333333333,0.5,673.630683642019,-0.626394265492088,-0.729072397033241,0.355091695849336,-1.11416835102151,-0.855645991758446,0.0273243977538729,1.86386097106625,1.3745519037946,0.321627560552014,0.0735163953474989,-1.05480620221024,0.335196879168405,1.2128061647529,-1.19552767329522,-0.0896376156271913,1.10631781160946,-0.687036151499391,0.760463505109465,6.90961608239295,2.36969570270443,6.649238421409553,2.788327493633395
QM22.26.031.14.55A.05,M2,3642.33650040953,54,4,7,331.40659839071,231.865467396096,0.8314886440178,0.565348152991174,245.539110822994,382.405196647176,20.2916314120039,38.8175809219248,0.383785550833606,0.490683229813665,0.0,0.0,1.0,587.134678349544,-0.332832432151518,0.0544083878383018,-0.918942725713165,0.39535006003989,1.49804126269865,0.262905645019647,0.27384754052449,-0.008029125741429,-1.2361882153677,0.633595105942802,0.308892397612876,0.355455328674092,-0.74212477988702,1.29566078579675,-1.24660295554359,-1.2302460548693,1.58279492570413,0.439307085232932,-2.29222704103197,-7.17295238220023,-2.5279194894599804,-6.6433843630662235
QM24.26.011.14v.02A.04,M1,3002.78830372576,35,5,5,339.88776353784,285.412287956826,0.823017379266191,0.526462388175807,339.863110998137,374.192089233649,-100.867309645788,182.374261117979,0.658498638661999,0.237261765849864,0.2,0.0,0.8,457.621943152257,-0.842944957566369,-1.18610285487497,-0.214500312714639,-1.11416835102151,1.71747828525146,1.83600325947426,0.0730843854669051,-0.716210211043107,0.134687874944579,0.525957701226407,-1.95605083798984,2.3882926630796,1.32610242910616,-1.67507242291037,0.141755452356089,-1.2302460548693,0.674862494822722,-0.149618522030681,4.18060637840088,-6.53400830729253,3.79634317834706,-5.763802322310269
QM25.26.006.14v.03A.03,M2,3040.36511167567,45,5,6,257.954181742977,224.214378492683,0.798079368096165,0.697564374295378,323.767524394781,327.399748908229,49.8665986429496,33.0393065360976,0.515971439308531,0.381059751972943,0.0,0.2,0.8,694.846103121955,-0.812973173579253,-0.533202200815356,-0.214500312714639,-0.35940914549081,-0.402426341560031,0.0381320809517527,-0.51792934744758,1.75311885479742,-0.0992404443921892,-0.0872823088748779,0.861766344744445,0.186666534037133,0.253060609167169,-0.260262779744599,-1.24660295554359,0.344449516871383,0.674862494822722,0.832574007751714,-1.29384689235734,-5.25722969284391,-1.6792963630865452,-5.015020077113351
QN21.26.029.14.02.01,M3,1999.54393175594,24,6,4,241.60570418537,192.599259726381,0.88502034558109,0.645404525993884,278.869396997903,332.834598915872,-33.8529375441899,10.5309758917247,0.641590214067278,0.475229357798165,0.166666666666667,0.166666666666667,0.666666666666667,597.002315316957,-1.6431466043655,-1.90429357434056,0.355091695849336,-1.86892755655221,-0.825417897116166,-0.89065635860767,1.54251209258035,1.15823205292843,-0.751776058169038,-0.0160555343556437,-0.703285276863992,-0.817240180711031,1.19880429386094,1.04681407302766,-0.0896376156271913,0.123518640863711,0.069574207568449,0.478392160992211,7.30168259551403,3.86045325944862,6.98249495756247,4.055471416865956
QN22.26.002.14.04.10,M4,1445.85183762041,25,5,4,245.514606195869,203.140323291019,0.808591122131422,0.521747250996016,301.965327336177,147.476420701866,50.6794022899021,96.3856976434171,0.308366533864542,0.140239043824701,0.2,0.2,0.6,240.616160177246,-2.08477910979084,-1.83900350893459,-0.214500312714639,-1.86892755655221,-0.724281107093288,-0.580981166435605,-0.268807998134716,-0.809617831531207,-0.41610688992481,-2.4452789989183,0.876960882646193,1.4528273176428,-1.309930501136,-2.32227974051762,0.141755452356089,0.344449516871383,-0.233069936058687,-1.70790784347161,0.882608981309077,10.5293331889315,0.3366003420718493,10.125879762131866
QN22.26.009.14.3B.02,M1,3537.62345629196,57,5,6,233.311680326334,219.811759318672,0.878047444508835,0.445386998616874,252.458637067291,348.669914681759,75.7407504237335,39.0756637487362,0.216804979253112,0.3350622406639,0.2,0.2,0.6,263.136985797663,-0.41635301067189,0.250278584056188,-0.214500312714639,-0.35940914549081,-1.04001292846335,-0.0912079927904997,1.37725912738357,-2.59613327908535,-1.13562194308301,0.191475209622861,1.34545730920155,0.362550537199722,-1.99926823907213,-0.781481748263627,0.141755452356089,0.344449516871383,-0.233069936058687,-1.48763767200045,-2.45118529824081,3.5172503379832,-1.8406797467983755,2.779767526174102
QN22.26.009.14.3B.03,M1,5205.89276052187,61,7,8,281.302753641874,259.191100187121,0.846431047933119,0.528880234128771,368.967394541926,356.466998746491,79.5632470249616,12.8261838467068,0.323277802791535,0.34984241332733,0.285714285714286,0.142857142857143,0.571428571428571,311.200600859768,0.914281759726168,0.511438845680035,0.830018915252181,1.15010926557059,0.201681821584102,1.06567763608999,0.627972248244691,-0.668979903738704,0.557680605975541,0.293660393722723,1.41691499729686,-0.666925621358176,-1.19766831385104,-0.621650631602171,0.73676619859881,-0.0430922004057404,-0.362774569041746,-1.077570817177,-1.41147341852651,-1.23146665190619,-0.9569246490412204,-1.25664191523188
QN22.26.009.14.3B.05,M2,3642.16774114572,45,5,8,291.530274654933,230.351694038333,0.857182998965539,0.569233225597932,278.096503161861,394.462356821235,-10.2182268022993,61.2115808435067,0.398836457659987,0.393018745959922,0.0,0.0,1.0,407.050303694268,-0.33296703688451,-0.533202200815356,-0.214500312714639,1.15010926557059,0.46630309947084,0.218434036192371,0.882786101380773,0.0570552711108536,-0.763009060143207,0.791610990070653,-0.261458386063273,0.87291985753355,-0.628811303399913,-0.11288737240966,-1.24660295554359,-1.2302460548693,1.58279492570413,-0.429284021287001,-2.04523538270015,-6.80607852946834,-2.317976579877934,-6.331541588244116
QN22.26.009.14.4A.04,M1,4238.51113420678,47,7,6,314.0796132597,241.882534930511,0.81109212794912,0.497024713584288,400.822403802446,418.605291341954,7.73174167141497,39.2696692945009,0.5810147299509,0.44189852700491,0.428571428571428,0.142857142857143,0.428571428571428,250.144597123904,0.14268473701809,-0.402622070003432,0.830018915252181,-0.35940914549081,1.04973233803956,0.557186890427076,-0.20953587838624,-1.32897310799028,1.02065154095325,1.10801776319623,0.0740980270158801,0.36786146157002,0.742750796600227,0.544449018867145,1.72845077567001,-0.0430922004057404,-1.01129773395704,-1.61216307319524,4.55314062649039,-0.980243197442427,4.112997289223144,-1.0431019789376814
QN22.26.009.14.4A.05,M1,3458.71205034457,42,6,5,362.742951329832,296.169546748835,0.733510495419377,0.712898816367941,264.575374994887,478.328449674269,-19.5784036122132,65.075894706151,0.628001352722354,0.490361853229625,0.166666666666667,0.0,0.833333333333333,949.924518729565,-0.479293844186216,-0.729072397033241,0.355091695849336,-1.11416835102151,2.30882089820102,2.1520298314831,-2.04816727262171,1.90800110498211,-0.959520990126401,1.89072343605383,-0.43643737617798,0.947243533707751,1.09649809143361,1.29037966719003,-0.0896376156271913,-1.2302460548693,0.82618456663629,1.55251327312965,2.72238564759243,-8.27380199131799,2.5568555571598783,-7.24262695373191
QN22.26.010.14.04.05,M2,4438.77482669802,83,5,8,301.58326519884,185.916284923215,0.881932009966466,0.590482794808064,251.947573262871,341.109658457608,13.9580468613531,22.2540753588861,0.496547914940624,0.454846727423364,0.4,0.0,0.6,515.74849216342,0.302417839941877,1.9478202846112,-0.214500312714639,1.15010926557059,0.726408671575321,-1.08698868254832,1.46932066012619,0.396484997575086,-1.14304958767826,0.0923937879409428,0.190492473019017,-0.197460736431519,0.106827090007933,0.734165989730829,1.53011386025577,-1.2302460548693,-0.233069936058687,0.134013355579476,-5.44928038254353,-2.43506352127199,-5.211414829744807,-2.616178831277219
QN22.26.010.14.07.01,M2,4057.70980427603,63,5,6,255.118976042626,214.92929749748,0.864402992789428,0.593467617107943,303.930087446211,366.065271958916,79.0589133966869,18.4781151570045,0.338376491125982,0.386092522548734,0.0,0.2,0.8,347.99866371741,-0.0015249151825973,0.642018976491959,-0.214500312714639,-0.35940914549081,-0.475782901232756,-0.234644875936029,1.05389499504447,0.442012531789478,-0.387551669057982,0.419451177445179,1.40748699281056,-0.364222543419111,-1.08399510563128,-0.198860917004968,-1.24660295554359,0.344449516871383,0.674862494822722,-0.80652764623204,-1.81365049535426,-3.02992837491801,-2.121129425633927,-3.1218139568763363
QN22.26.010.14.52.01,M2,6119.82333246676,74,8,8,289.167795455864,237.015426522305,0.836645119391989,0.502622536287242,361.040093676599,378.346599425445,78.3488059537172,28.8378669587856,0.302902979373568,0.309969442322384,0.0,0.0,1.0,204.352594322006,1.64324547899871,1.36020969595754,1.23519941873781,1.15010926557059,0.405177606417322,0.414201059595939,0.396052464517958,-1.2068612280737,0.442467646423252,0.580404900367653,1.3942122560436,0.0497815944745684,-1.35106386010836,-1.03709959399989,-1.24660295554359,-1.2302460548693,1.58279492570413,-2.11288682604812,-0.282967176353777,4.48662892863691,-0.8200486044835165,3.267259751145345
QN22.26.011.14.3A.07,M4,2315.99987179482,28,6,6,242.101491146847,205.361215394095,0.811907286342807,0.614097679216091,269.931750702807,294.86802236514,-4.73250954415835,115.194264390896,0.520887055183084,0.108303249097473,0.166666666666667,0.0,0.833333333333333,782.996993364172,-1.39073695081192,-1.64313331271671,0.355091695849336,-0.35940914549081,-0.81259017677824,-0.515735834729171,-0.190217184450123,0.743121840472969,-0.881673068334678,-0.513628932599065,-0.158908478579937,1.69942019879754,0.290068713080519,-2.49222203243732,-0.0896376156271913,-1.2302460548693,0.82618456663629,1.1091184038149,-1.19385831372647,8.61534001069975,-1.4283968587083653,8.49898556063488
QN22.26.011.14.4B.01,M2,4694.99408422794,51,5,7,276.038036249215,239.569931732115,0.807498998287779,0.62715829059829,324.457819046039,376.888407917048,-44.7062987848617,51.4518912822127,0.458608058608059,0.378266178266178,0.0,0.0,1.0,673.630683642018,0.506781878799656,-0.141461808379584,-0.214500312714639,0.39535006003989,0.0654654068361475,0.48924727166947,-0.29469058296618,0.922134633744393,-0.0892079136373034,0.561294478253263,-0.906177831973786,0.668321352060241,-0.178809986086968,-0.293961422317052,-1.24660295554359,-1.2302460548693,1.58279492570413,0.760463505109465,-1.57608735596849,-7.50561575714726,-1.9192007571560226,-6.926148231771199
QN22.26.011.14.5A.02,M2,5048.23178888147,49,7,7,307.255287839129,264.03786987739,0.872500917366721,0.600989968500121,419.092145190558,351.470584736915,53.3198966370892,49.3125909533268,0.345529440271384,0.423552217106857,0.0,0.0,1.0,534.33254178538,0.788529178732477,-0.272041939191508,0.830018915252181,0.39535006003989,0.873163479251527,1.20806595639983,1.24581024444649,0.554508911206004,1.28617835913999,0.2281795702291,0.926322240199292,0.619680988477495,-1.03014283319675,0.287057294018622,-1.24660295554359,-1.2302460548693,1.58279492570413,0.217605994483597,-4.38428880301374,-8.42118563395431,-4.306171987144484,-7.704382627057192
QN22.26.011.14.5A.04,M1,4269.47669596486,43,5,5,343.033900223823,267.745626572648,0.837388927430843,0.641849452708392,408.275587850214,427.316329787707,-43.6170233950511,23.3406165190488,0.657030592197586,0.341846758349705,0.2,0.0,0.8,652.744185394329,0.1673832992081,-0.663782331627279,-0.214500312714639,-1.11416835102151,1.79887970297413,1.31699237166053,0.413680204060515,1.11346030231789,1.12897383208605,1.22218083491514,-0.885814935894303,-0.153294691692514,1.31504997555993,-0.708988243598032,0.141755452356089,-1.2302460548693,0.674862494822722,0.687084332406813,2.82819290337056,-7.8019209271854,2.646791724571289,-6.8415280492192085
QN22.26.011.14.5A.05,M1,5169.98604223685,52,4,8,324.791093069861,271.105803013805,0.84577771086476,0.55879879167599,511.94163631896,469.280821309135,-5.28354241053376,11.297610170474,0.508167375251734,0.403222197359588,0.0,0.25,0.75,286.665132691837,0.885642062454398,-0.0761717429736221,-0.918942725713165,1.15010926557059,1.32687530081654,1.41570757992832,0.612488608551475,-0.119966182539242,2.63562438718419,1.77214916361006,-0.169209477849124,-0.764703930644513,0.194306300260435,0.0169190198108571,-1.24660295554359,0.65136179341342,0.447879387102369,-1.27782506540666,3.19226187405746,-3.16743656272371,2.9562503496551535,-2.902216339426772
QN22.26.011.14.6A.01,M4,944.600559278696,14,4,4,235.515719763859,171.401445621471,0.784033282920546,0.582944542032622,210.056301263599,122.248961428727,35.0532191494149,100.502030705935,0.55207026348808,0.106649937264743,0.0,0.0,1.0,293.572478569026,-2.48458409210205,-2.55719422840018,-0.918942725713165,-1.86892755655221,-0.98298681903507,-1.51340539302079,-0.850811916786366,0.279193328288362,-1.75188448727896,-2.77589908057908,0.584845274063465,1.50968546542991,0.524837141443069,-2.50050256278408,-1.24660295554359,-1.2302460548693,1.58279492570413,-1.21967066429642,-0.9851971319011,10.2396567400836,-1.251034854156801,9.879654780611151
QN22.26.011.14.6A.05,M2,4374.98013143014,47,7,7,293.741294399611,231.796329394341,0.764967242920961,0.681713289760349,317.53916536378,370.282364112788,-7.17444468888607,9.31425768228945,0.252723311546841,0.497549019607843,0.142857142857143,0.142857142857143,0.714285714285714,852.56383398443,0.251534304846453,-0.402622070003432,0.830018915252181,0.39535006003989,0.52350981354384,0.260874509940296,-1.30266396686467,1.5839443976825,-0.189761504372951,0.474718548494669,-0.204557973693908,-0.906313094795515,-1.72885057263043,1.40957815007736,-0.254918378472391,-0.0430922004057404,0.285748595873547,1.3050299158689,-5.03657217208119,-4.38159048140503,-4.860612850851817,-4.270726747390303
QN22.26.011.14.6A.09,M1,4003.65243043867,43,7,5,303.698119736158,271.519478199282,0.864942712096568,0.661513901869159,482.570201750722,391.735170131318,-55.0216066227704,23.610012182028,0.452102803738318,0.481016355140187,0.142857142857143,0.285714285714286,0.571428571428571,632.186608378887,-0.0446418274473088,-0.663782331627279,0.830018915252181,-1.11416835102151,0.781127259735141,1.42786052272901,1.06668597184947,1.35400903432994,2.20874896509645,0.755869670409318,-1.09901202569199,-0.142575110628178,-0.227785974924595,1.13878624255939,-0.254918378472391,0.854380922799301,-0.362774569041746,0.612393611792706,6.1483554631384,-2.70906029920734,5.468929900373952,-2.512596515437857
QN22.26.011.14.6B.02,M3,3537.06427420554,53,5,6,254.731896688732,161.552752935659,0.780788345481264,0.662809132101778,222.288233001645,283.157546067863,16.9156268704473,11.4990902143431,0.41233879400488,0.453816660857442,0.4,0.2,0.4,497.493363773708,-0.416799022071426,-0.0108816775676602,-0.214500312714639,-0.35940914549081,-0.485797980462633,-1.80274012489297,-0.927714704903231,1.3692593879316,-1.57410934281008,-0.66710132899748,0.245781424679271,-0.751308531312449,-0.527156520097674,0.718824152990004,1.53011386025577,0.344449516871383,-1.1410023669401,0.0487392673362048,5.72446821257759,6.8915672893658,5.641862732066497,6.63191834229556
QN22.26.014.14.4A.06,M2,4393.41481740953,66,4,9,236.21650324733,195.985626778751,0.830411856688205,0.591475408052231,316.747208280255,316.168406369427,-32.3480834394904,0.248365605095415,0.58759521218716,0.489662676822633,0.0,0.25,0.75,363.293501016899,0.266238066453379,0.837889172709845,-0.918942725713165,1.90486847110129,-0.964855130947473,-0.791171722994061,0.248328420540127,0.41168222179915,-0.201271565739534,-0.234475387144656,-0.675153559177699,-2.20500175541713,0.792293148283997,1.27890596212843,-1.24660295554359,0.65136179341342,0.447879387102369,-0.702669142191755,-6.15563955892909,-0.335955588536348,-5.811820129672533,-0.8319370884519235
QN22.26.014.14.5B.01,M2,4779.54093318876,63,7,8,231.609160231059,185.379960223025,0.862628282144771,0.533771836195509,321.958019629516,334.935315433244,29.3446294881815,3.54645178651109,0.517305151915456,0.487450462351387,0.0,0.285714285714286,0.714285714285714,497.493363773708,0.574217619941459,0.642018976491959,0.830018915252181,1.15010926557059,-1.08406300107276,-1.10274482077665,1.01183557194972,-0.574786018206311,-0.125539231693427,0.0114755403752729,0.478128993571422,-1.49106128467356,0.263101705950818,1.24274444829888,-1.24660295554359,0.854380922799301,0.285748595873547,0.0487392673362048,-5.69349654738115,0.82365743539942,-5.418998569856783,0.1537339818934793
QN22.26.015.14.02A.05,M1,5706.36265894776,59,3,7,343.605135054295,286.145878469741,0.742222734679469,0.516976543721509,329.844512653222,520.603513520684,5.6431188008828,2.56473065758894,0.481143804392872,0.368421052631579,0.0,0.333333333333333,0.666666666666667,256.599676306753,1.31346350256263,0.380858714868111,-1.82877859381128,0.39535006003989,1.81365952015757,1.85755466950701,-1.84169318725678,-0.905910344885181,-0.0109193607958882,2.44476199022557,0.0350533456986303,-1.64326203732446,-0.0091455446307978,-0.410564158174238,-1.24660295554359,1.10631781160946,0.069574207568449,-1.54946253998519,2.78733249061385,-3.0351485002135,2.6120603737280854,-2.7897714862930933
QN22.26.015.14.02A.08,M3,3392.29951913546,43,3,6,222.437556124732,178.038293873706,0.823394519684834,0.517385735080058,260.257347724822,293.686004827334,17.6480304790834,15.3650966633579,0.401018922852984,0.497088791848617,0.0,0.666666666666667,0.333333333333333,506.579812814533,-0.5322654015918,-0.663782331627279,-1.82877859381128,-0.35940914549081,-1.32136406315697,-1.31842817413536,0.0820223543023288,-0.897579836450165,-1.02227787417349,-0.529119939071129,0.259472965597577,-0.521204917006757,-0.612380219134804,1.40187643512588,-1.24660295554359,2.42888785613635,-1.44364651056723,0.0915904758504668,3.15818105456555,6.74661686826751,3.460518647756263,6.5087104843620125
QN22.26.015.14.05A.06,M1,3412.71019036276,44,4,6,231.081329653245,207.037190379144,0.867251704174552,0.485575514626219,318.430068108524,329.871703037976,-5.00938366807895,46.872786543754,0.541711809317443,0.49006861682918,0.0,0.25,0.75,363.293501016899,-0.515985566703427,-0.598492266221317,-0.918942725713165,-0.35940914549081,-1.09771980039202,-0.466499069161066,1.12140749787556,-1.58743634920013,-0.176813397111852,-0.0548859558616741,-0.164084358862584,0.562264136919214,0.446851644180545,1.2855649434094,-1.24660295554359,0.65136179341342,0.447879387102369,-0.702669142191755,-0.588609990588389,2.34826640405175,-0.25749073529381805,1.786131182332369
QN22.26.016.14.04A.02,M2,5970.76186427681,76,6,7,289.077831612093,240.591859899083,0.832466882765455,0.593491134887275,393.608362167778,423.906872330545,72.4111769928659,25.6486130268188,0.547382499044708,0.448223156285824,0.333333333333333,0.166666666666667,0.5,949.924518729565,1.52435198140979,1.49078982676946,0.355091695849336,0.39535006003989,0.402849931189665,0.519269460564493,0.297031126817373,0.442369219730886,0.915804872309844,1.17749797205918,1.28321431868144,-0.0642021531019395,0.489544458273964,0.636270015218247,1.06732772428921,0.123518640863711,-0.687036151499391,1.55251327312965,-7.11605938861193,-4.10139798840068,-6.628176984902947,-4.032563128336606
QN22.26.016.14.04A.03,M2,6399.73285539775,74,4,7,275.697499836891,244.018836810133,0.854190413275227,0.636470161436604,414.369626843676,433.433367469798,35.757607809137,6.01932226113121,0.422637402503174,0.493016506439325,0.0,0.25,0.75,721.827922954723,1.86650520261357,1.36020969595754,-0.918942725713165,0.39535006003989,0.0566545541885616,0.619947131939002,0.811863876354901,1.04459872789373,1.21754272583584,1.30234806365102,0.598013103991194,-1.19568190795208,-0.449621581812365,1.33413986832594,-1.24660295554359,0.65136179341342,0.447879387102369,0.920990115924637,-7.28367327453037,-4.85075180083255,-6.77064878793362,-4.669513868903696
QN22.26.016.14.04A.04,M2,5299.76797001619,68,6,11,319.465332085085,234.25641703614,0.786603483660499,0.68346062595754,324.029269696031,410.182193953575,99.0424867028078,32.0424784925503,0.224556795797767,0.389800831691836,0.0,0.0,1.0,497.493363773708,0.989157930806476,0.968469303521769,0.355091695849336,3.41438688216269,1.18907947759492,0.333146924252438,-0.789899924915697,1.60306423958944,-0.0954363184585052,0.997628321428395,1.78105958091431,0.155395816966757,-1.94090728501815,-0.153043793510649,-1.24660295554359,-1.2302460548693,1.58279492570413,0.0487392673362048,-7.00027486030712,-8.31793162171831,-6.529760135843858,-7.6166167166565915
QN22.26.017.14.01A.01,M3,3368.25182472481,56,4,8,210.383959061134,165.984388313389,0.745597558405369,0.620565773353752,263.323178662829,240.542918649414,12.2747524440372,0.608012503542255,0.607197549770291,0.483154670750383,0.25,0.25,0.5,587.134678349544,-0.551446176691831,0.184988518650226,-0.918942725713165,1.15010926557059,-1.63323223277782,-1.67254761359469,-1.76171218337585,0.832857489558517,-0.977720027580372,-1.22559005528919,0.159024995086795,-2.08238873485912,0.939872895101982,1.17313594124801,0.488845054331009,0.65136179341342,-0.687036151499391,0.439307085232932,4.5234334906926,7.86267499985232,4.620983218464255,7.457359896209102
QN22.26.019.14.01A.03,M1,3382.39922285591,45,7,5,268.596230266995,240.173647666038,0.840625638304259,0.553647838023336,384.037349511086,355.699849985504,-53.0745655026631,7.67457826894059,0.569320521619767,0.422786547700755,0.142857142857143,0.0,0.857142857142857,336.743390301455,-0.540162015425916,-0.533202200815356,0.830018915252181,-1.11416835102151,-0.12707980585868,0.506983228454904,0.490388028217797,-0.210006017174797,0.776702709691928,0.283606476550285,-1.06261407127009,-1.03987052004917,0.654708832348441,0.276599831166359,-0.254918378472391,-1.2302460548693,0.934271760788838,-0.886084790013096,1.97640762083843,-1.0906810435987,1.9227742344189784,-1.1369741481705133
QN22.26.019.14.51A.01,M2,5860.86604888695,76,8,7,321.720885349412,276.554760190202,0.819583299386953,0.552155073617191,366.091659277202,403.431363647161,37.4994253868731,46.2791613647676,0.333863907680064,0.421408674890569,0.0,0.0,1.0,727.285959652323,1.43669755253058,1.49078982676946,1.23519941873781,0.39535006003989,1.24743842756781,1.57578695430936,-0.0083009485405732,-0.236436114622973,0.515885551597471,0.909154882901793,0.630574612914135,0.547961105454941,-1.1179689069506,0.257837552339008,-1.24660295554359,-1.2302460548693,1.58279492570413,0.938449837501488,-5.3619808340666,-8.67951979797121,-5.137210213539416,-7.923966666471556
QN22.26.020.14.02.05,M2,3979.66061867221,73,5,9,231.089453857718,187.120121359436,0.855410316961937,0.561885216346154,271.357248427642,276.431446815024,39.9769649516611,62.1623695425617,0.436298076923077,0.307992788461538,0.2,0.0,0.8,1391.99465486964,-0.0637780297740878,1.29491963055158,-0.214500312714639,1.90486847110129,-1.09750959917447,-1.05162239550864,0.84077475568538,-0.066864272087096,-0.860955321587912,-0.75525065311907,0.676889696466475,0.891523056287875,-0.346774721650795,-1.05642040146721,0.141755452356089,-1.2302460548693,0.674862494822722,2.41457870304924,-8.02383684002224,0.640059068875603,-7.399787818601709,-0.0023246296517656084
QN22.26.020.14.03.04,M2,3870.35592150995,54,6,6,254.297102417394,205.171844766624,0.800345369495758,0.614043718443718,309.266755339314,367.980048444368,94.7904413542847,11.0864224820738,0.450549450549451,0.336798336798337,0.0,0.0,1.0,592.058218044743,-0.150960974543948,0.0544083878383018,0.355091695849336,-0.35940914549081,-0.497047609336784,-0.521299161910932,-0.46422667096581,0.742364111410811,-0.309990174602612,0.444545403190548,1.70157191565798,-0.778923752148133,-0.239480675587704,-0.763071084006017,-1.24660295554359,-1.2302460548693,1.58279492570413,0.458895046861807,-2.8642867313579,-6.02691824352351,-3.014170226237021,-5.6692553451910115
QN22.26.020.14.04.05,M3,3259.91595689257,45,7,6,261.649241556178,228.373397189099,0.883951704247009,0.561980182149363,376.8679,267.0404,4.66290000000026,29.4798,0.457194899817851,0.366848816029144,0.428571428571428,0.285714285714286,0.285714285714286,611.957952595691,-0.637856369730398,-0.533202200815356,0.830018915252181,-0.35940914549081,-0.306822387445571,0.160315663866534,1.51718602709358,-0.0652403557147542,0.672504129296703,-0.878325618031193,0.0167291516846654,0.0716007218918962,-0.189449207842437,-0.428877116233617,1.72845077567001,0.854380922799301,-1.65982089887233,0.536346300990912,5.89999849310021,3.02097195269904,5.791063470510723,3.341912306128813
QN22.26.020.14.07B.01,M1,4708.62001895506,60,6,5,240.255611036362,212.68910409036,0.867642380234008,0.551447646594794,391.301327150172,266.417064940011,4.35455979023482,68.5874039263038,0.516434393899553,0.466210886142519,0.166666666666667,0.333333333333333,0.5,492.980975618818,0.517650113611092,0.446148780274073,0.355091695849336,-1.11416835102151,-0.860349467914254,-0.300457241035476,1.13066625209959,-0.249014798142398,0.882275132908662,-0.88649477554342,0.0109650449148691,1.01198780885054,0.256546046607554,0.906332598274899,-0.0896376156271913,1.10631781160946,-0.687036151499391,0.0271504713547765,-1.94080895554133,0.924758146520271,-1.4068598555038176,0.5761491634306122
QN22.26.020.14.08B.02,M2,5588.53667792004,71,3,7,309.251814966183,260.558150610147,0.875191086312297,0.569651087420043,447.750323252614,363.583652333576,-4.96419693195435,5.84645103199384,0.474626865671642,0.47953091684435,0.333333333333333,0.333333333333333,0.333333333333333,694.846103121955,1.21948386341552,1.16433949973965,-1.82877859381128,0.39535006003989,0.924820528796759,1.10583882095182,1.30956540037515,0.0639980173806082,1.70268752991557,0.38692815266105,-0.163239638766561,-1.21350557883017,-0.0582094974593176,1.1150407869721,1.06732772428921,1.10631781160946,-1.44364651056723,0.832574007751714,7.89267453002862,-2.08083851637549,6.12924684594152,-2.315087577115194
QN22.26.020.14.52B.02,M2,7566.10558954596,67,5,6,355.900926887079,303.445977868928,0.787166347231085,0.548532567281524,348.888974412528,545.196623133589,-21.3938913613938,10.5891516186195,0.652555185969156,0.42016933776837,0.0,0.0,1.0,502.026309505613,2.79682029704509,0.903179238115807,-0.214500312714639,-0.35940914549081,2.13179410460539,2.36579670534969,-0.776560444966593,-0.301212289921613,0.265867005666745,2.76706856182585,-0.470376074064625,-0.813162552868345,1.28135606965211,0.241023723508965,-1.24660295554359,-1.2302460548693,1.58279492570413,0.0702189227795709,-3.62512721911333,-10.4317114558376,-3.6608846408291367,-9.413329575657988
QN22.26.023.14.05A.01,M2,3568.18916165219,47,3,6,290.325841182293,250.700027307079,0.829904337858084,0.611658889276982,287.547452372492,394.374922767033,87.9567868207792,29.0509191014262,0.329724065665386,0.365700314355571,0.333333333333333,0.0,0.666666666666667,411.151540308849,-0.391973379499074,-0.402622070003432,-1.82877859381128,-0.35940914549081,0.435140247372803,0.816227036560838,0.23630057291953,0.708723487019766,-0.625651862828078,0.790465117478921,1.57382369109463,0.0570621240218826,-1.14913645693292,-0.442201382787168,1.06732772428921,-1.2302460548693,0.069574207568449,-0.405269535368451,-0.708353133729964,-4.88592458995095,-1.181626668253276,-4.6994107396543345
QN22.26.023.14.05A.03,M3,2934.04625553093,33,5,5,256.446440632926,191.89036783854,0.72820478867822,0.679266260657735,291.240930902383,330.859748559798,37.8915092837306,4.9519600848522,0.436459602111246,0.446203816483963,0.4,0.2,0.4,515.74849216342,-0.897774570078274,-1.3166829856869,-0.214500312714639,-1.11416835102151,-0.441436809370806,-0.911482172838875,-2.17390887749394,1.55696715351295,-0.571971978627789,-0.0419370620562203,0.637904222782155,-1.31158135715009,-0.345558650033128,0.606778408567967,1.53011386025577,0.344449516871383,-1.1410023669401,0.134013355579476,6.70495594567874,6.1479644690407,6.475277305202474,5.999855945019224
QN22.26.023.14.06A.02,M2,6753.87582575719,78,10,5,294.184589755878,230.33298654613,0.827859014159245,0.577251763046545,359.601751368479,339.270251166073,9.69553212447408,58.6847543423815,0.417313117066291,0.262341325811001,0.1,0.1,0.8,1132.96918447507,2.14897455504815,1.62136995758139,1.89702574388852,-1.11416835102151,0.534979394834033,0.217884447793862,0.187827806345327,0.188369377415695,0.421563220442333,0.0682873179888897,0.110809093190318,0.822414723325316,-0.489706428501169,-1.471305672766,-0.552423751593751,-0.363291437831842,0.674862494822722,1.95246758478365,-5.05569027584008,-7.42150021690181,-4.876863239046874,-6.854650022562566
QN22.26.023.14.06A.03,M2,7505.06409944974,97,13,6,281.953048144862,230.893548952824,0.829989049329578,0.510664930555556,354.015161400176,337.778073697055,-2.0476780969866,17.0318878303248,0.531407828282828,0.390625,0.153846153846154,0.0769230769230769,0.769230769230769,1324.74054166362,2.74813275663839,2.86188120029466,2.64717432986257,-0.35940914549081,0.218507185439475,0.234352640965529,0.238308176599196,-1.03612997011633,0.340369435194628,0.0487314906930146,-0.10871828401473,-0.43459839074492,0.369276257783037,-0.142794346481136,-0.178634949466914,-0.547488468622196,0.535180582379428,2.30394441253561,-7.5592455996183,-5.86946167199084,-7.004885264258361,-5.535417259388241
QN22.26.025.14.03A.01,M2,4402.28037754447,48,8,6,243.417304055002,216.934528424799,0.823646948465442,0.63634091783457,298.059874113108,389.190777340111,-52.1283778397983,32.486719703766,0.367958230283045,0.482000549601539,0.125,0.125,0.75,553.245512639588,0.273309360365397,-0.33733200459747,1.23519941873781,-0.35940914549081,-0.778545554159418,-0.175735234706828,0.0880047429902366,1.04292750316871,-0.472867549305217,0.722523967883433,-1.04492605478607,0.169418493855537,-0.86128362763939,1.15457162764486,-0.378878950606291,-0.173210343622893,0.447879387102369,0.299578774331899,-3.00962586437211,-3.51408600218691,-3.1377084892991,-3.5333479400549015
QN22.26.025.14.06A.01,M2,6029.75660273751,89,5,8,289.063262099126,250.142349432858,0.844329995749352,0.647548293811452,319.011460013957,445.474617128779,71.0870325499018,43.1361334623698,0.390977443609023,0.416811258916522,0.0,0.0,1.0,900.586333892503,1.57140700428128,2.33956067704697,-0.214500312714639,1.15010926557059,0.40247296758973,0.799843585136755,0.57817875486184,1.18495088976779,-0.168363625465413,1.4601554315055,1.25846078441588,0.469887215028539,-0.687979313284533,0.195759375277806,-1.24660295554359,-1.2302460548693,1.58279492570413,1.43063948274542,-6.71481621724563,-8.18390435342808,-6.287120289241592,-7.502693538609895
QN22.26.025.14.06A.02,M2,4674.30341836316,56,8,6,237.65359516667,206.235269323097,0.861436605798402,0.633397472745292,324.170945518387,363.134587389395,-15.6448099971885,3.13815111200907,0.506689791873142,0.444747274529237,0.0,0.25,0.75,1244.80240343907,0.490278716299116,0.184988518650226,1.23519941873781,-0.35940914549081,-0.927672601608168,-0.49005789276701,0.983593661193813,1.00465104409988,-0.0933772455069383,0.381042903302073,-0.362902842348484,-1.55101513991584,0.183182046329476,0.585608233785997,-1.24660295554359,0.65136179341342,0.447879387102369,2.16443756537012,-5.53371656116953,-3.17987356016566,-5.283185581576906,-3.2492673643368386
QN22.26.025.14.06A.05,M3,3614.97836209361,62,4,7,257.156988515005,183.548414456431,0.808451272973973,0.647602479061977,308.923152660745,277.974340959775,-49.7890698835538,1.44354931368315,0.510552763819096,0.398659966499162,0.25,0.25,0.5,829.045965878764,-0.354653663294605,0.576728911085997,-0.918942725713165,0.39535006003989,-0.423052482580835,-1.15655194220834,-0.272122327093236,1.1856235270256,-0.314983990553404,-0.735030155184325,-1.00119507063229,-1.86226542607686,0.212265129881686,-0.0415893544685699,0.488845054331009,0.65136179341342,-0.687036151499391,1.24075538021406,4.8045738598064,7.15511660736277,4.859952532210985,6.855935262592984
QN22.26.027.14.04.03,M1,4403.37787662195,53,5,5,298.265890754697,252.291693121137,0.828360216559825,0.619470164447925,384.780545629729,376.25144658839,-104.708279094772,15.2298370713355,0.625163142782563,0.48368572174367,0.2,0.2,0.6,461.969870691023,0.274184740874574,-0.0108816775676602,-0.214500312714639,-1.11416835102151,0.640576741871412,0.862986968689105,0.199705958925052,0.817808473409093,0.787504094149422,0.55294674080513,-2.02785385719487,-0.528520569567011,1.07513011414242,1.18169745593912,0.141755452356089,0.344449516871383,-0.233069936058687,-0.127117402429145,6.53210612926608,-0.714690852706298,5.795117966582481,-0.8173824859119716
QN22.26.028.14.02.03,M1,3656.32385528745,53,7,7,235.689859782878,195.685047205094,0.859848134795157,0.519596736,350.496064631231,274.401333324532,26.6290805850013,47.6201177970153,0.51648,0.41408,0.142857142857143,0.142857142857143,0.714285714285714,511.153873700469,-0.32167592360744,-0.0108816775676602,0.830018915252181,0.39535006003989,-0.978481215545695,-0.800002144769304,0.945947989658368,-0.852799595228003,0.289223962026779,-0.781856435363734,0.427364567392816,0.580081509671268,0.256889400390172,0.159259180247219,-0.254918378472391,-0.0430922004057404,0.285748595873547,0.112854950270184,-1.63953488426576,2.29948842847396,-1.1507768949195827,1.7446699030912476
QN22.26.028.14.02.04,M1,3855.35572649972,50,6,7,265.272999603608,202.940881596415,0.83059836229642,0.494491819291819,301.970496724147,354.740340720686,-2.46783086602409,0.392587887978038,0.448412698412698,0.336691086691087,0.166666666666667,0.166666666666667,0.666666666666667,307.633861247589,-0.162925338446564,-0.206751873785546,0.355091695849336,0.39535006003989,-0.213063256172309,-0.586840361262105,0.252748475329946,-1.38513219535716,-0.41603175962546,0.271031566486856,-0.116572612913967,-2.15298384331849,-0.255567600834111,-0.764211207135041,-0.0896376156271913,0.123518640863711,0.069574207568449,-1.10562437794781,-1.15245744977759,1.90045156438004,-0.7367610756046383,1.4054885686114154
QN22.26.036.14.01B.02,M4,3300.66171638003,58,4,8,214.173555974359,191.891528638291,0.817925941943363,0.524135906773489,270.139238866348,253.082588633673,25.0263575374738,104.049850464923,0.32993445010925,0.306991988346686,0.0,0.25,0.75,475.136998769414,-0.60535698597814,0.315568649462149,-0.918942725713165,1.15010926557059,-1.53518227750783,-0.911448070882868,-0.0475791813888819,-0.76208149833959,-0.878657499000333,-1.0612506079708,0.397403289311734,1.55731065457232,-1.14755253956449,-1.06615829017518,-1.24660295554359,0.65136179341342,0.447879387102369,-0.0603174021032484,-4.91541270278574,4.84740516600181,-4.591718089408745,5.296240942641631
QN22.26.036.14.01B.03,M1,3774.59710253502,47,3,7,280.433591284203,206.021352859867,0.779382029839927,0.532114180024661,252.373819240456,346.19546453581,-90.7208590159175,11.8277498988865,0.557953144266338,0.345869297163995,0.0,0.333333333333333,0.666666666666667,190.116472238812,-0.22733953871055,-0.402622070003432,-1.82877859381128,0.39535006003989,0.179193590713265,-0.496342327108294,-0.961043419497828,-0.606504263299024,-1.13685465936544,0.159046144909619,-1.76637325811944,-0.729803221966345,0.56912747427372,-0.665308936408973,-1.24660295554359,1.10631781160946,0.069574207568449,-2.29305881792284,-2.08556486677642,6.10024185444464,-1.5299023800536442,4.975310315166325
QN22.26.036.14.01B.06,M1,3947.42951404397,57,5,6,236.00681153813,199.791158256741,0.834363688488823,0.544505162638019,316.90956454817,335.083536112258,17.2921656056442,9.31895025853683,0.347060578931662,0.457176962100865,0.2,0.2,0.6,276.45829570367,-0.0894860065365521,0.250278584056188,-0.214500312714639,-0.35940914549081,-0.970280579399736,-0.679372881773081,0.341984119401193,-0.374304174936704,-0.198911929534709,0.0134180559678584,0.25282043355291,-0.905954684899335,-1.01861537863329,0.769033256387807,0.141755452356089,0.344449516871383,-0.233069936058687,-1.36652461869035,-2.25657274502857,1.93068877504049,-1.6752590765679714,1.431190197672798
QN22.26.036.14.04B.01,M2,4502.32688144186,51,5,6,293.635972168303,242.560223844986,0.794304998618192,0.614785306781486,209.570233844506,393.761493113448,104.395521610006,72.2478994204052,0.278794402583423,0.433261571582347,0.2,0.2,0.6,461.969870691023,0.353107841584884,-0.141461808379584,-0.214500312714639,-0.35940914549081,0.520784763807625,0.577096024219513,-0.607379311174314,0.752764363044328,-1.75894884207601,0.78242577590411,1.88112912672868,1.07690496631035,-1.53256964449467,0.421632997001887,0.141755452356089,0.344449516871383,-0.233069936058687,-0.127117402429145,-1.24746688967811,-4.24445077408197,-1.6398733608091995,-4.1541579961657025
QN22.26.036.14.04B.03,M2,5030.23166307373,65,7,7,271.981658014508,218.821834477891,0.839476358055983,0.600667405660377,322.979635492783,380.918739342497,43.0060055119729,9.86603185343228,0.419339622641509,0.468867924528302,0.142857142857143,0.428571428571428,0.428571428571428,479.567156616242,0.774172028354786,0.772599107303883,0.830018915252181,0.39535006003989,-0.0394871022507995,-0.120289988494722,0.463150875861607,0.549749906618071,-0.110691380056128,0.614114244626664,0.733514530486542,-0.864987701012325,-0.474449514449581,0.947363918351954,-0.254918378472391,1.55448151851259,-1.01129773395704,-0.0382813638494726,-3.56317942992285,-0.577343530422628,-3.6082290200172285,-1.0371168390552619
QN22.26.036.14.04B.06,M1,3951.55289930245,44,8,6,261.169746809179,219.77056038073,0.831211098107434,0.489796661698957,333.477893789582,387.766012200169,-25.8822655810027,29.1512860112879,0.493591654247392,0.347839046199702,0.0,0.125,0.875,225.146583473126,-0.0861971371778898,-0.598492266221317,1.23519941873781,-0.35940914549081,-0.319228571948029,-0.0924183345123249,0.267269893116181,-1.49075606287348,0.0418870863180796,0.703851617179588,-0.554281667319255,0.060478421518939,0.0845703462504631,-0.643728828962774,-1.24660295554359,-0.173210343622893,1.01533715640325,-1.87221041280933,0.628041320115108,2.17725803799882,0.7766628788041547,1.6407740711873782
QN22.26.036.14.04B.07,M3,3365.67590716924,49,5,6,283.793159307744,247.574748630974,0.861872355652445,0.652912157128344,392.756877353011,328.744543553468,-77.0571341452433,4.0306764819465,0.694547917372164,0.359295631561124,0.4,0.4,0.2,363.293501016899,-0.553500764315322,-0.272041939191508,-0.214500312714639,-0.35940914549081,0.26611721398441,0.724412650974499,0.993920633384935,1.25089714688159,0.903429653153949,-0.0696580166061901,-1.51094381189963,-1.42501469278868,1.5975059493473,-0.515687540737013,1.53011386025577,1.42714874429547,-2.0489347978215,-0.702669142191755,5.09567718639859,1.928655791896,5.107390359814347,2.4134435694462293
QN22.26.036.14.05B.04,M4,3060.11776746085,55,7,8,199.533634482569,128.488790443797,0.73317833427451,0.492199066511085,226.829839129098,167.405020817896,-7.56609369649505,3.94962316907471,0.619603267211202,0.325165305328666,0.142857142857143,0.142857142857143,0.714285714285714,283.242296118766,-0.797218180947777,0.119698453244264,0.830018915252181,1.15010926557059,-1.91396758905817,-2.77409267161188,-2.05603926356833,-1.43646163961877,-1.50810303221913,-2.18410345498383,-0.211879453749527,-1.43572541028012,1.03327158448077,-0.884621992908414,-0.254918378472391,-0.0430922004057404,0.285748595873547,-1.30719338410381,-6.08614106480652,6.83531804886871,-5.586837197126408,6.985966893078496
QN22.26.036.14.06A.06,M4,4172.24062106538,69,5,9,199.586236357153,136.753857862584,0.738899985126187,0.501160323419001,206.66988902974,189.280676640393,-49.150189086974,24.1358992079832,0.773029165463471,0.377129656367312,0.2,0.2,0.6,304.087679212425,0.0898264551960311,1.03375936892773,-0.214500312714639,1.90486847110129,-1.91260659696109,-2.53128165680932,-1.92044006902038,-1.23849488885252,-1.80110156410689,-1.89741064790761,-0.989251843612174,-0.121902051976825,2.18836623191084,-0.307593226990423,0.141755452356089,0.344449516871383,-0.233069936058687,-1.13385890634705,-6.31946712457424,7.11631682328644,-5.78516434792897,7.224815851333566
QN22.26.036.14.06B.02,M4,3349.72518859419,56,4,8,215.27330505226,191.427380257972,0.80196194314694,0.516537641242938,275.313295051477,267.490284528621,16.7399668720568,105.145594205945,0.39159604519774,0.281426553672316,0.0,0.25,0.75,475.136998769414,-0.566223279016623,0.184988518650226,-0.918942725713165,1.15010926557059,-1.5067279721119,-0.925083814372156,-0.425914985980087,-0.914860725304819,-0.803459353237271,-0.872429627555882,0.24249763958139,1.57177406900999,-0.683322059247508,-1.30500366341032,-1.24660295554359,0.65136179341342,0.447879387102369,-0.0603174021032484,-5.0017536724769,5.07032919865766,-4.665107913646231,5.485726370399103
QN22.26.036.14.07A.04,M1,6052.81516055937,67,9,6,287.640392395809,231.676275940891,0.762517417851717,0.505766319772942,342.305237853,425.488937542225,1.83498255921131,19.8777463811075,0.310122989593188,0.3519394512772,0.333333333333333,0.111111111111111,0.555555555555556,333.032747650168,1.58979883029834,0.903179238115807,1.58707540434347,-0.35940914549081,0.365658416079436,0.257347581557783,-1.36072313803473,-1.13947029066507,0.170180997677124,1.19823182891789,-0.0361358900731913,-0.299775611745289,-1.29670670623749,-0.598399300235824,1.06732772428921,-0.277635787779187,-0.434832698476778,-0.912930464502374,-0.351297009384818,-0.679465767087573,-0.05577470127078232,-0.7874411631360554
QN22.26.036.14.51A.02,M2,3991.31205864884,61,7,9,292.867865077053,237.744564345139,0.84823054714073,0.783573160682755,320.901088267759,367.636447290914,89.2217442456949,57.461291080265,0.338434373160683,0.380812242495586,0.285714285714286,0.142857142857143,0.571428571428571,652.744185394329,-0.0544846794026572,0.511438845680035,0.830018915252181,1.90486847110129,0.500911181560189,0.435621658572649,0.670619143252308,2.52442091650891,-0.140900347954848,0.440042316288948,1.59747078422597,0.797378807288806,-1.0835593302555,-0.263259494297184,0.73676619859881,-0.0430922004057404,-0.362774569041746,0.687084332406813,-4.80055475371497,-4.73775599169037,-4.659998045240531,-4.573467431132842
QN22.26.037.14.03A.02,M1,5514.43753217136,65,5,6,316.168863794501,260.352789329421,0.85560943249229,0.525383456790124,509.062596373709,380.444934875626,-5.3124618487891,31.7397147730339,0.385390946502058,0.204526748971193,0.4,0.2,0.4,492.980975618818,1.1603813554811,0.772599107303883,-0.214500312714639,-0.35940914549081,1.10378846225958,1.09980572062152,0.845493656967159,-0.737431334605345,2.59378130359286,0.60790476987014,-0.169750097348453,0.145757193138049,-0.730038267995872,-1.91731091997158,1.53011386025577,0.344449516871383,-1.1410023669401,0.0271504713547765,5.18585156382697,-2.38664154713435,4.650801585959237,-2.238540576175816
QN23.26.003.14.07A.02,M1,5808.65629318887,61,11,6,256.031895195556,216.243779557818,0.819294799813241,0.496085224489796,327.93715637529,342.934245077065,22.0215770701107,21.9212236380627,0.569183673469388,0.374285714285714,0.181818181818182,0.181818181818182,0.636363636363636,394.869939312619,1.39505432615837,0.511438845680035,2.17322804862914,-0.35940914549081,-0.452162531003537,-0.196028043569375,-0.0151381902452681,-1.34973683368637,-0.0386402919721438,0.1163060246268,0.341231973067074,-0.211301896739668,0.653678546276703,-0.341507753275241,0.0155410516379363,0.225661065621035,-0.0679913122620673,-0.502142162430877,-0.68386821371873,0.410615075446544,-0.3384602249546076,0.1391275530179441
QN23.26.008.14.02.02,M1,3564.79085098018,39,5,6,304.374816069363,233.633226763339,0.805640234436062,0.539353419226957,331.834511206115,364.724494282458,-33.9481945476116,27.4232945990349,0.521308225966303,0.461843409316155,0.2,0.0,0.8,407.050303694268,-0.394683919295809,-0.924942593251127,-0.214500312714639,-0.35940914549081,0.798635730087384,0.3148388506595,-0.338742009325739,-0.469484231669619,0.0180026678590701,0.401879529817887,-0.705066009706819,0.0004199708202784,0.293239573560347,0.839530980069614,0.141755452356089,-1.2302460548693,0.674862494822722,-0.429284021287001,2.28928075571961,-4.75528003062526,2.1887163990679817,-4.251883287143089
QN23.26.008.14.03.02,M2,4045.52316029228,59,5,7,274.51737513272,225.780811100789,0.817088244595636,0.538654897494305,396.131060723083,297.344390830754,33.1753716916885,5.83335792715025,0.350797266514806,0.437927107061503,0.2,0.4,0.4,1146.66053076735,-0.0112451517044347,0.380858714868111,-0.214500312714639,0.39535006003989,0.0261206538539144,0.0841507123702231,-0.0674320330520397,-0.482537259850119,0.952468999426077,-0.481174727224709,0.549740824819043,-1.21486930853384,-0.990483049765897,0.487609475922798,0.141755452356089,1.42714874429547,-1.1410023669401,1.97958116886868,-3.86875484476827,-0.876840895915229,-3.8679681226358356,-1.2916895997239721
QN23.26.008.14.03.03,M1,4528.71251939376,53,7,6,340.635421361174,218.87802871547,0.818948560053812,0.511203432377049,401.886796371305,314.278916764478,12.6521948924947,30.5998799319355,0.471055327868852,0.491034836065574,0.142857142857143,0.142857142857143,0.714285714285714,492.980975618818,0.374153392928965,-0.0108816775676602,0.830018915252181,-0.35940914549081,1.73682277433929,-0.11863911510663,-0.023343834685319,-1.02489211297817,1.03612109611042,-0.25923821405964,0.166080897961147,0.108855212929179,-0.0850984663106709,1.30144388186441,-0.254918378472391,-0.0430922004057404,0.285748595873547,0.0271504713547765,1.0684728465687,-1.56945987615269,1.1510296762897076,-1.5439361558414046
QN23.26.008.14.06B.01,M1,3726.63905350561,54,8,6,271.68916491183,225.989605612316,0.791772144257322,0.529300123076923,300.344838666401,356.298579394544,-28.0007608302194,47.6226092655613,0.524923076923077,0.425538461538461,0.125,0.125,0.75,453.294573190506,-0.265591544784861,0.0544083878383018,1.23519941873781,-0.35940914549081,-0.0470549086141278,0.0902846740985765,-0.667406219516768,-0.660823368665009,-0.439658575263574,0.291453163129629,-0.59388478238842,0.580140562787595,0.320454633331816,0.314290376530909,-0.378878950606291,-0.173210343622893,0.447879387102369,-0.172238822337429,1.1798148311052,0.0318971651292052,1.2456703631457329,-0.18278267075179389
QN23.26.010.14.03A.05,M3,3193.85714656792,54,4,7,216.330548772751,153.668145917786,0.786880842943941,0.556633231005372,244.11341011677,252.009874907127,-1.19368021718174,14.6402066528012,0.444742900997698,0.418649270913277,0.25,0.5,0.25,407.050303694268,-0.690545794445129,0.0544083878383018,-0.918942725713165,0.39535006003989,-1.47937342705676,-2.03437398028988,-0.783326700437295,-0.157602954638258,-1.25690891218373,-1.07530912635068,-0.0927536618069433,-0.560959628511566,-0.283196334962493,0.220481275378783,0.488845054331009,1.84930140883753,-1.82195169010115,-0.429284021287001,3.34888363095072,7.06025805152191,3.6226158376836572,6.775305490128253
QN23.26.016.14.03A.04,M1,3222.34722023779,50,6,6,257.600968595229,225.484561103127,0.865513087355742,0.512673560689402,338.891209493015,325.506773421641,-57.446108506625,22.941608508022,0.584525119178585,0.433443344334433,0.166666666666667,0.166666666666667,0.666666666666667,678.903702146479,-0.667821715940413,-0.206751873785546,0.355091695849336,-0.35940914549081,-0.411565185117929,0.0754474848074467,1.08020347365778,-0.994334407775435,0.120562556541665,-0.112090820234707,-1.1443356237162,-0.169337456590882,0.769179397335073,0.424187457560264,-0.0896376156271913,0.123518640863711,0.069574207568449,0.778608439256305,1.91097476816569,0.49433312269324,1.8671563096471493,0.21028789317763552
QN23.26.016.14.03A.05,M3,4090.94162729167,56,4,8,248.445791237166,196.120947251078,0.783545590535639,0.537300337268128,348.836616401489,254.813052824792,9.17560597263355,16.309764356187,0.39938167509837,0.485947161326588,0.5,0.25,0.25,760.465888955248,0.0249812484662885,0.184988518650226,-0.918942725713165,1.15010926557059,-0.648441230513197,-0.787196280381893,-0.862369891275703,-0.507951010139052,0.265106050391981,-1.03857189879187,0.10108960232697,-0.471344772463345,-0.624706535222341,1.21829350027228,2.22429306420561,0.65136179341342,-1.82195169010115,1.04169257320211,4.57322379437722,5.9819881492652,4.663304976596182,5.8587760732100485
QN23.26.016.14.09A.03,M1,4341.5009677741,56,4,7,310.913217272526,231.515048292287,0.731065526837882,0.602451676745465,381.865017027635,312.751756175573,-67.5993157652092,91.8363243803909,0.628367234744365,0.407641561297416,0.25,0.0,0.75,402.969624656703,0.224830858867066,0.184988518650226,-0.918942725713165,0.39535006003989,0.967806742252304,0.252611038346678,-2.1061113483684,0.576002618131365,0.745130695610229,-0.279252514871545,-1.33413951189177,1.38783675738862,1.09925270046657,0.0743253817877679,0.488845054331009,-1.2302460548693,0.447879387102369,-0.453433325930365,2.48094777454467,-6.02365962598144,2.3516333650692824,-5.330005943195843
QN23.26.016.14.09A.04,M1,4330.49982364204,49,5,8,293.119434255475,259.628100181433,0.832769958217243,0.554068441486412,429.167070667967,362.550563417271,-46.3183360727057,125.74249343231,0.565446478092069,0.396006655574043,0.4,0.4,0.2,240.616160177246,0.216056193494297,-0.272041939191508,-0.214500312714639,1.15010926557059,0.507420144718129,1.07851581474132,0.304213806819193,-0.20258651296685,1.43260423614916,0.373388939767133,-0.936313230308937,1.82474093510491,0.625542394388945,-0.0752674889077543,1.53011386025577,1.42714874429547,-2.0489347978215,-1.70790784347161,4.99354053961933,0.218264048280609,4.487337215382743,-0.024370820073100763
QN23.26.017.14v.02A.05,M2,4897.89471053237,51,5,7,302.863677802342,235.765059767409,0.85180605919356,0.623077027342837,424.99606058588,463.527300354526,35.8797845029448,6.04300558169069,0.504089740593597,0.414115447534471,0.4,0.2,0.4,453.294573190506,0.668618236761568,-0.141461808379584,-0.214500312714639,0.39535006003989,0.759537366097511,0.37746780561891,0.755356322613428,0.867122078417157,1.37198405482344,1.6967460266055,0.600297073079834,-1.19326595552666,0.163607089622311,0.159731093840083,1.53011386025577,0.344449516871383,-1.1410023669401,-0.172238822337423,7.0467404466378,-2.04221012815429,5.4102028750593245,-2.2822534471271743
QN23.26.017.14v.05A.03,M3,1831.19795503036,27,3,5,334.047038424832,252.972082648877,0.839048324609329,0.654265830721003,321.659316899257,245.243489451335,147.844808007582,13.5244998194464,0.208150470219436,0.442006269592476,0.333333333333333,0.333333333333333,0.333333333333333,1105.83318281468,-1.77742169383679,-1.70842337812267,-1.82877859381128,-1.11416835102151,1.56635856218115,0.882975441053648,0.453006777224599,1.26733786263788,-0.129880485565843,-1.16398642388275,2.6933693663575,-0.624957204122986,-2.06442527693087,0.54599979599159,1.06732772428921,1.10631781160946,-1.44364651056723,1.89768868372825,8.79327566951035,6.05833081551237,8.250349070459343,5.923667339520144
QN23.26.017.14v.05A.05,M1,3885.50248190668,54,6,6,290.702058224047,235.339352675301,0.810953226251711,0.506671621621622,361.957609620047,341.90816553653,108.558802473471,35.2908154578082,0.448589894242068,0.394535840188014,0.333333333333333,0.0,0.666666666666667,470.727398499601,-0.138879867575955,0.0544083878383018,0.355091695849336,-0.35940914549081,0.444874281086796,0.364961389662953,-0.212827753192697,-1.12022012647682,0.455802541752304,0.102858673555532,1.95895743017286,0.254832532160766,-0.254233549957542,-0.0938263819845491,1.06732772428921,-1.2302460548693,0.069574207568449,-0.0824679980561729,-0.196260133203801,-2.87057551155398,0.07600664348308217,-2.6498844459325017
QN23.26.017.14v.05A.06,M1,3181.08142882456,33,5,5,331.007212615349,262.078288988768,0.774547364421751,0.49770479599141,470.9101804364,379.755125939636,-20.5981058894292,94.8837142644716,0.621331424481031,0.479957050823193,0.2,0.4,0.4,279.840017122711,-0.700735884380247,-1.3166829856869,-0.214500312714639,-1.11416835102151,1.487707773859,1.15049742125726,-1.0756216686095,-1.31399126120064,2.03928579132672,0.598864434722706,-0.45549967364398,1.43162881975978,1.04628232930962,1.12184299920285,0.141755452356089,1.42714874429547,-1.1410023669401,-1.3367590624539,4.17365197244019,-0.273161004450495,3.790431933280474,-0.4420821148945392
QN24.26.003.14.01.02,M4,927.741858004175,14,4,5,268.471834264197,207.823539933882,0.779028178595179,0.563392717815345,232.498454466639,175.044293521526,138.878875857419,11.3167528145579,0.201560468140442,0.258777633289987,0.25,0.0,0.75,347.99866371741,-2.49803082641692,-2.55719422840018,-0.918942725713165,-1.11416835102151,-0.130298359913214,-0.443397704864689,-0.96942945091104,-0.0411557638939374,-1.42571711541128,-2.08398647777429,2.52576037937653,-0.763424141123222,-2.1140393004739,-1.5012639525077,0.488845054331009,-1.2302460548693,0.447879387102369,-0.80652764623204,0.101222178138603,10.6412816682316,-0.3275784406230535,10.22103596953695
QN24.26.003.14.01.03,M4,1476.7250663191,20,4,4,243.928079160327,198.936216321765,0.809887172434113,0.522434234234234,273.330138645634,272.081447831525,65.7449301692185,42.8522302919865,0.493857493857494,0.429156429156429,0.25,0.25,0.5,253.361857926821,-2.06015419373156,-2.1654538359644,-0.918942725713165,-1.86892755655221,-0.765330038795395,-0.704489351888854,-0.238092496316388,-0.795900402654532,-0.832281940225439,-0.812259843128165,1.15859561107095,0.462630503505299,0.086571767876157,0.36428731526695,0.488845054331009,0.65136179341342,-0.687036151499391,-1.58070188906934,1.37958999937774,10.4479644293741,0.7590342074302132,10.056716316508076
QN24.26.003.14.07.01,M1,2982.06006033002,33,5,6,282.91642149384,242.768047737691,0.834530726595518,0.533423333333333,306.906409415425,403.114623256416,-63.4081944266432,64.8959989632232,0.738095238095238,0.397619047619048,0.2,0.0,0.8,647.573954774945,-0.859478092427583,-1.3166829856869,-0.214500312714639,-0.35940914549081,0.243432979907474,0.58320147112406,0.34594280777869,-0.581437337004694,-0.344294718365781,0.905003821444531,-1.25579075906759,0.943857375441336,1.9253598361431,-0.0548321011560881,0.141755452356089,-1.2302460548693,0.674862494822722,0.668536331259811,3.17543582476909,-5.89947540409438,2.9419482077600394,-5.224449354591841
QN24.26.003.41.05.01A.02,M2,5152.36627186204,83,7,9,231.512905568627,173.67193931525,0.866077126454749,0.58394246443212,287.752150733941,276.114201867751,-2.19152812610264,32.7050866701647,0.462985290571497,0.457921388955872,0.428571428571428,0.142857142857143,0.428571428571428,347.99866371741,0.871588288853394,1.9478202846112,0.830018915252181,1.90486847110129,-1.08655344149746,-1.4467028665978,1.09357081282293,0.294913318905424,-0.622676839621736,-0.759408327074201,-0.111407414074328,0.17625992875519,-0.145855202904181,0.780219209160964,1.72845077567001,-0.0430922004057404,-1.01129773395704,-0.80652764623204,-5.24539564293982,0.750240481543566,-5.0381128010816525,0.09132957111600293
QN24.26.003.41.06.01B.02,M2,6692.40375341609,71,11,5,248.412244953385,222.273564726105,0.859896058250909,0.502185792349727,404.666706710048,373.136161137795,-6.49641880050194,61.3820184191337,0.414242904988542,0.373347435219461,0.0909090909090909,0.0,0.909090909090909,363.293501016899,2.09994357626187,1.16433949973965,2.17322804862914,-1.11416835102151,-0.649309188689097,-0.0188851139877962,0.947083742637429,-1.21629044552808,1.07652346040285,0.512119168003566,-0.191882968976538,0.876270362408391,-0.512821075883914,-0.352635483657053,-0.615530951952828,-1.2302460548693,1.17009836621258,-0.702669142191755,-0.195940278020684,4.24645588791851,-0.7460757409003875,3.063112666534706
QN24.26.005.14d.02.01A.02,M1,5085.62232482209,56,6,6,318.043015243996,246.014365078668,0.800236238302544,0.629020845579923,352.14403559395,347.630272033954,48.7012846840339,63.132491712261,0.470721229934434,0.247117341171151,0.166666666666667,0.333333333333333,0.5,427.762062537327,0.818352389577548,0.184988518650226,0.355091695849336,-0.35940914549081,1.15227923053914,0.678571728617882,-0.466813005274463,0.946966631020918,0.313175066582621,0.177850106381432,0.839981984914653,0.910287941420335,-0.0876137830867868,-1.5969440040385,-0.0896376156271913,1.10631781160946,-0.687036151499391,-0.310531802730075,0.988679815575908,-2.76568211756387,1.0832055999458348,-2.560725061040908
QN24.26.010.14v.03A.05,M3,3157.45419629153,45,5,7,262.23980921293,205.565011793374,0.818112342871701,0.659012485637687,292.545393399972,216.565177540169,8.53662949408727,106.30480990103,0.371888165453849,0.224818077364994,0.4,0.2,0.4,592.058218044743,-0.719581293246199,-0.533202200815356,-0.214500312714639,0.39535006003989,-0.291542363302008,-0.50974870746031,-0.04316160744023,1.32435404049643,-0.553013320753522,-1.53983187559096,0.08914458662976,1.5869531329886,-0.831696399327522,-1.77022531165601,1.53011386025577,0.344449516871383,-1.1410023669401,0.458895046861807,7.19604554267309,5.78364891008393,6.892703462647672,5.69018771990597
QN24.26.010.41.02.03,M2,4144.71101011156,70,6,6,207.854035953421,162.555935251408,0.838682736348697,0.631796862289367,277.90073782961,305.595199882042,24.7150086827219,10.9756612381163,0.335560720511331,0.464555490993608,0.0,0.166666666666667,0.833333333333333,411.151540308849,0.0678684550950893,1.09904943433369,0.355091695849336,-0.35940914549081,-1.6986900778278,-1.77326865130701,0.44434258659799,0.983662441149652,-0.765854253442867,-0.373043221282342,0.391582938982437,-0.786456700435753,-1.10519414440129,0.880919087017726,-1.24660295554359,0.123518640863711,0.82618456663629,-0.405269535368451,-6.90646482855905,1.92204738048305,-6.450021608857998,1.087365435214564
QN24.26.012.14V.03A.02,M1,3116.64264320456,38,10,6,257.124107756033,220.51720569883,0.847264690390677,0.497053549848943,333.514492506825,353.919636567325,61.9220987288468,60.2945969548658,0.61631419939577,0.444864048338369,0.1,0.2,0.7,436.190669113658,-0.752133154887348,-0.990232658657089,1.89702574388852,-0.35940914549081,-0.423903221332286,-0.0704834006274134,0.647729001796475,-1.3283370314555,0.0424190008500283,0.260275775692954,1.08713166349823,0.854773679200729,1.00850924206064,0.587302343092553,-0.552423751593751,0.344449516871383,0.220896279382017,-0.263936070517815,0.0927606794769103,1.3502944547915,0.32167433426168657,0.9378550254611566
QN24.26.012.14V.06A.04,M3,2151.50371064335,39,5,7,222.937551243653,171.140744175138,0.741797913255971,0.68571215991116,234.480795919211,190.814451943659,53.8915408067956,7.72938334796676,0.23375902276513,0.416435313714603,0.2,0.2,0.6,694.846103121955,-1.52194137390487,-0.924942593251127,-0.214500312714639,0.39535006003989,-1.30842746325783,-1.52106427582683,-1.85176116315156,1.62752625693771,-1.39690637270403,-1.87730965753341,0.937008546831261,-1.03511079151935,-1.87162665355031,0.190718559980236,0.141755452356089,0.344449516871383,-0.233069936058687,0.832574007751714,6.77773246654735,7.78010632510958,6.537137347940793,7.387176522677772
QN24.26.012.14V.07A.01,M4,2732.24716535909,36,4,6,270.37093962316,241.405483173291,0.783373411059639,0.537814880952381,221.460308319335,340.614294608458,52.705556855031,135.434263618576,0.222363945578231,0.296768707482993,0.0,0.0,1.0,201.464254751336,-1.05873232751977,-1.12081278946901,-0.918942725713165,-0.35940914549081,-0.0811619478453578,0.543172071743235,-0.866450426573736,-0.498281513001025,-1.58614214622651,0.0859017653204898,0.914837782497812,1.93312466785815,-1.95741655483541,-1.16393799619372,-1.24660295554359,-1.2302460548693,1.58279492570413,-2.14834866774594,-0.433577242482461,8.94512187122757,-0.7821579481509575,8.779300142083526
QN24.26.013.14v.01A.02,M3,3149.9991936384,54,6,7,257.710132902989,211.141567785313,0.766957574725783,0.554595645645646,261.913477308067,258.352811592581,-64.8194576459248,20.3204236281072,0.667792792792793,0.477852852852853,0.333333333333333,0.5,0.166666666666667,484.017872040085,-0.725527506917167,0.0544083878383018,0.355091695849336,0.39535006003989,-0.408740727599599,-0.345920737173208,-1.25549447040057,-0.193303556602994,-0.998208194729081,-0.992181363772286,-1.2821728902934,-0.280072345421904,1.39607515086411,1.08833058107163,1.06732772428921,1.84930140883753,-2.20025686963507,-0.0163587687315625,3.67945774723949,4.93702978163362,3.9036038365291117,4.970561460723206
QN24.26.013.14v.01A.03,M1,2599.47884320815,27,3,4,311.173771181194,254.328669113649,0.770347342981108,0.538751771117166,381.79696270195,370.349790456442,-47.5904531114128,31.0828953796346,0.431880108991826,0.363760217983651,0.333333333333333,0.0,0.666666666666667,611.957952595691,-1.1646301855056,-1.70842337812267,-1.82877859381128,-1.86892755655221,0.974548171400392,0.922829215921838,-1.17515929143882,-0.480724892929228,0.744141614912313,0.475602208755636,-0.960094165141804,0.12461345293133,-0.380036192941093,-0.464607709011544,1.06732772428921,-1.2302460548693,0.069574207568449,0.536346300990912,4.78209795638182,-5.88446117807557,4.30761101963086,-5.211687262475853
