cell_label,basal_dendrite_bias_dorsal,basal_dendrite_bias_medial,basal_dendrite_calculate_number_of_stems,basal_dendrite_extent_dorsal,basal_dendrite_extent_medial,basal_dendrite_max_branch_order,basal_dendrite_max_euclidean_distance,basal_dendrite_max_path_distance,basal_dendrite_mean_contraction,basal_dendrite_mean_diameter,basal_dendrite_num_branches,basal_dendrite_soma_percentile_dorsal,basal_dendrite_soma_percentile_medial,basal_dendrite_stem_exit_MedialLateral,basal_dendrite_stem_exit_dorsal,basal_dendrite_stem_exit_ventral,basal_dendrite_total_length,soma_surface_area
Q19.26.014.11.01.04,-0.0397715438110225,1.50055599531096,1.23519941873781,1.57848515568112,0.438086346368416,-1.11416835102151,1.10066789124044,0.44562264225127,0.436345776907543,0.12285506525818,0.184988518650226,-0.102872433070859,-0.788801863147096,-0.687036151499391,-0.378878950606291,1.31089199033649,0.94230571608918,0.279234197636971
Q19.26.014.11.01.05,-0.217147536115559,-0.585688264798848,-0.214500312714639,1.48471085970672,0.203057714659289,0.39535006003989,-0.0388697810505102,-0.650155752018257,0.762892300147975,-0.00194732581642243,1.03375936892773,0.0564214464138598,0.353410585886777,-1.1410023669401,0.141755452356089,1.42714874429547,1.47579676183177,-0.728401519174724
Q19.26.014.11.05.01,0.277006490128597,-2.17832781627756,-0.214500312714639,1.81956073441552,-0.283402764268401,1.15010926557059,0.422902817933844,-0.00150390164028603,0.646177096571119,0.675490939535161,1.55607989217543,0.705032445147038,0.069629493161318,0.674862494822722,0.141755452356089,-1.2302460548693,1.50484786266376,0.0702189227795709
Q19.26.014.1A.03.05,0.0479635424720367,-0.500841150151891,-0.214500312714639,0.238470687040369,-0.57325009929345,-0.35940914549081,-1.00668860265794,0.471832792041824,-3.06159312699282,-0.535285952231512,0.642018976491959,0.312294000268012,0.500725487107832,-1.1410023669401,0.141755452356089,1.42714874429547,1.239491845899,0.360030532770612
Q19.26.019.11.03.01,-0.162036541246504,-1.138584098124,-0.918942725713165,-1.55292025007657,-0.365411998556408,-0.35940914549081,-1.34496518916364,-1.8789082773088,2.04503704957976,0.281669053019578,0.0544083878383018,0.964934112635041,-0.681749363381505,1.58279492570413,-1.24660295554359,-1.2302460548693,-1.18147490940913,-0.310531802730075
Q20.26.003.11.03.01,-0.6309219696509,0.799760829081255,-0.214500312714639,-0.10521995069152,0.175227762016349,0.39535006003989,0.207102236945666,-0.173969188509984,0.319320610630258,0.24444402218247,-0.402622070003432,0.589708273119271,0.562658523586,-2.0489347978215,1.53011386025577,1.42714874429547,0.0735566677571259,0.134013355579476
Q20.26.003.11.03.03,1.0095315008995,1.50413406700619,1.23519941873781,0.340706872244407,-0.518718340983829,-1.86892755655221,-0.00126986458992723,-0.385573548278092,1.04329754175348,0.573761935517111,-0.598492266221317,-0.430454567683105,-0.933229608542997,0.447879387102369,-1.24660295554359,0.65136179341342,-1.06276299338958,-0.381388453217527
Q20.26.009.12.01.03,-0.509189772058921,-1.09187675832645,-0.918942725713165,0.509415759238053,-0.594266129042915,0.39535006003989,-0.696270923103762,-0.0171937030302969,-0.854248889706897,-1.14242489232196,0.576728911085997,0.335663889077226,1.03512554089962,-0.687036151499391,0.488845054331009,0.65136179341342,0.610731228489073,-0.502142162430877
Q21.26.009.12.01.04,0.588184741438188,0.786109163939119,0.355091695849336,0.893704610808158,-1.21474217685742,0.39535006003989,-0.122092197049124,-0.531239642711431,-0.916825058780442,1.18870245618449,0.315568649462149,-0.444077783761731,-0.592783950328269,-2.95686722870291,2.22429306420561,1.84930140883753,-0.745094233974451,1.93884226651039
Q21.26.009.12.01.05,-0.995889067023835,1.02273019587562,1.23519941873781,2.10289727084033,2.01224914810773,-1.86892755655221,2.96823016456875,2.3000791326883,1.21921766185831,-1.39665488701018,-1.38197305109286,0.242320543079528,0.618117322565156,-1.25449392080027,1.35656905926831,0.65136179341342,-0.324612187696145,-1.51844209307763
Q21.26.009.12.02.02,-0.951490080165801,0.449707906620154,2.17322804862914,-0.162556745271969,0.266227718820109,-1.11416835102151,-0.25012505496876,-0.538292558680193,1.59863427916029,-1.08560421844914,-0.0108816775676602,0.308074557614318,1.36840358236837,0.344705247229482,-0.615530951952828,0.225661065621035,-0.337565641274564,-0.217841777047238
Q21.26.009.12.02.03,-0.186116828257043,-0.0663895502628543,0.355091695849336,0.146056386387293,0.936718472338474,-0.35940914549081,0.266078867404285,-0.36794003655321,0.752233204678541,-0.812021924233001,0.707309041897921,-0.349834596455706,1.42417729736874,0.069574207568449,-0.0896376156271913,0.123518640863711,0.785492333709222,0.668536331259811
Q21.26.013.12.02.03,-1.004109478352,0.390565681521306,-0.214500312714639,0.0412972497478263,-0.496810181515731,1.15010926557059,-0.326068127447975,-0.725510050289028,1.14508206841246,1.33258077501269,1.4254997613635,-0.15831950281905,-1.02173137600159,-0.233069936058687,0.141755452356089,0.344449516871383,0.323897573335832,1.17546187351064
Q21.26.019.13.01.02,0.980956694036705,-0.516493735896582,1.23519941873781,1.87300232054376,-0.0658366759359708,-1.11416835102151,1.22640256892352,0.864470323465317,-0.470232816070351,0.829650376035209,-0.33733200459747,-0.451825325555096,1.29645378424372,1.58279492570413,-1.24660295554359,-1.2302460548693,0.436428651156955,0.134013355579476
Q21.26.021.14.03.06,-1.49371840775041,-0.451088990529427,-1.82877859381128,0.888162160200777,-1.33623466873973,-1.11416835102151,0.342579999723819,0.510708279207959,0.446019896728205,0.968789858351234,-1.18610285487497,1.57660145079511,0.118061138018863,0.069574207568449,-1.24660295554359,1.10631781160946,-1.23016954675991,1.1091184038149
Q21.26.021.14.07.01,-4.01236316403644,1.54947491708559,-1.82877859381128,-1.34339239744271,-1.56236948307239,-0.35940914549081,0.272617721484153,0.725819292030402,-1.11258070060284,-1.07952921961528,-1.3166829856869,3.23171670383573,-1.97588508267898,0.069574207568449,1.06732772428921,-1.2302460548693,-1.13496812878595,-0.47771888640602
Q21.26.021.14.07.03,-1.4981293510745,0.0958654657923091,0.355091695849336,0.233046709187677,0.867471853878273,0.39535006003989,0.670871896635253,0.307406437743048,-0.144132580510627,1.51701503018968,-1.25139292028094,-0.0803590705977646,0.172250221566614,0.82618456663629,-0.0896376156271913,-1.2302460548693,-0.591798722289236,0.299578774331899
Q21.26.021.14.07.08,0.235889351578409,-0.438588029171049,0.355091695849336,0.882554032028572,1.59326130324045,0.39535006003989,1.12759743948164,0.747216220762034,0.92984160305961,1.59239244732044,0.576728911085997,-0.463242052018417,-0.574966331246982,0.82618456663629,-0.0896376156271913,-1.2302460548693,1.36527859272128,0.574542433777128
Q21.26.023.13.03.04,0.164720342219474,-0.207575969162543,-0.214500312714639,0.537600933250023,0.431480835747934,-1.11416835102151,1.05074025185535,0.425895430593083,0.198485673876322,-1.24322506049819,-1.05552272406305,1.20527434099938,0.996779699837521,-0.233069936058687,1.53011386025577,-1.2302460548693,-0.775949709320996,-0.93994263760213
QM22.26.003.14.02.06,-1.60751977984852,0.473081525520059,-0.918942725713165,-0.6541125604532,-0.0862740101345959,1.15010926557059,-0.00741962971829868,-0.0782725208931294,-0.393561685908801,0.100898069261185,0.315568649462149,1.33759321355715,0.79502085457752,-0.687036151499391,0.488845054331009,0.65136179341342,-0.23144490512645,0.379990026465553
QM22.26.003.14.03.04,-0.44013502437361,-0.278144658610345,0.355091695849336,0.120578768284024,1.11905979477973,-1.11416835102151,0.4264290728507,0.629152781953703,-0.149238823548473,-0.773185364818802,-0.467912135409394,-0.526663722324795,1.01087151440157,0.069574207568449,-0.0896376156271913,0.123518640863711,0.574647630527751,-0.502142162430877
QM22.26.003.14.07.09,-0.188160289126047,0.453931479494096,0.830018915252181,-0.229975535745016,-0.201838612274291,-0.35940914549081,-0.864676066610326,-1.50002264799756,1.09383624180875,-0.99337066083931,0.250278584056188,0.0673589807072007,0.677204133728574,-1.01129773395704,-0.254918378472391,1.55448151851259,0.21423488461857,0.668536331259811
QM22.26.003.14.55.04,1.09736138060602,-0.38834810265139,0.355091695849336,-0.375727111080064,-0.606253071736205,2.65962767663199,-1.04840747129587,-1.23624719640299,-0.28353251997407,-0.647852162999435,1.88253021920524,-1.11428306367302,1.10593096131782,0.82618456663629,-0.0896376156271913,-1.2302460548693,0.475261538496635,-0.0603174021032484
QM22.26.030.14.02A.03,-0.27815450680414,-1.48701344924341,0.830018915252181,0.714620886975756,-0.13891107065368,-0.35940914549081,-0.199601026754592,2.69822208780422,-1.06245878397746,-1.34122399239153,-0.141461808379584,0.724217003060527,0.668063925012178,-1.01129773395704,-0.254918378472391,1.55448151851259,0.438920201090688,-0.754287562384401
QM22.26.031.14.02.06,0.449743509178628,-1.66027847255748,1.89702574388852,-0.215765003840484,-0.470302951316717,-0.35940914549081,-0.204875314579876,-0.438285876050082,-0.573423665791598,0.358823535345135,-0.467912135409394,-0.101737849899117,-0.766540226144049,1.58279492570413,-1.24660295554359,-1.2302460548693,0.227482473541573,0.612393611792706
QM22.26.031.14.03A.03,-0.504554323371961,-0.00414221259372109,-0.918942725713165,-0.282547881638478,0.0901111215827163,0.39535006003989,0.269489948332178,-0.186622433596624,-0.479421973334138,-1.0884499464645,1.22962956514562,-0.147098162466261,-0.323756847010983,0.447879387102369,0.488845054331009,-1.2302460548693,0.501891005711651,1.1258044522225
QM22.26.031.14.04A.07,-0.407532362036833,1.12252125520393,-0.918942725713165,-1.15415728142758,-1.54258837041571,0.39535006003989,-1.90780201378898,-1.3608608522065,-0.974210087270599,-0.853288605786496,-0.206751873785546,-0.729311134110962,-2.11447095992512,0.447879387102369,-1.24660295554359,0.65136179341342,-0.776275286632986,-2.11288682604812
QM22.26.031.14.04A.08,0.466593132610171,-0.654897073927506,0.355091695849336,-1.49743212120682,-1.25599777211573,-0.35940914549081,-1.8706142024523,-2.11362771233947,-0.657371143940933,0.47668786587742,1.62136995758139,0.096891898778641,1.31103489775386,0.82618456663629,-1.24660295554359,0.123518640863711,0.497676516239262,0.612393611792706
QM22.26.031.14.55A.04,-1.05480620221024,0.335196879168405,0.355091695849336,0.321627560552014,0.0735163953474989,-1.11416835102151,0.0273243977538729,-0.855645991758446,1.86386097106625,1.3745519037946,-0.729072397033241,1.2128061647529,-1.19552767329522,-0.687036151499391,-0.0896376156271913,1.10631781160946,-0.626394265492088,0.760463505109465
QM22.26.031.14.55A.05,0.308892397612876,0.355455328674092,-0.918942725713165,-1.2361882153677,0.633595105942802,0.39535006003989,0.262905645019647,1.49804126269865,0.27384754052449,-0.00802912574142903,0.0544083878383018,-0.74212477988702,1.29566078579675,1.58279492570413,-1.24660295554359,-1.2302460548693,-0.332832432151518,0.439307085232932
QM24.26.011.14v.02A.04,-1.95605083798984,2.3882926630796,-0.214500312714639,0.134687874944579,0.525957701226407,-1.11416835102151,1.83600325947426,1.71747828525146,0.0730843854669051,-0.716210211043107,-1.18610285487497,1.32610242910616,-1.67507242291037,0.674862494822722,0.141755452356089,-1.2302460548693,-0.842944957566369,-0.149618522030681
QM25.26.006.14v.03A.03,0.861766344744445,0.186666534037133,-0.214500312714639,-0.0992404443921892,-0.0872823088748779,-0.35940914549081,0.0381320809517527,-0.402426341560031,-0.51792934744758,1.75311885479742,-0.533202200815356,0.253060609167169,-0.260262779744599,0.674862494822722,-1.24660295554359,0.344449516871383,-0.812973173579253,0.832574007751714
QN21.26.029.14.02.01,-0.703285276863992,-0.817240180711031,0.355091695849336,-0.751776058169038,-0.0160555343556437,-1.86892755655221,-0.89065635860767,-0.825417897116166,1.54251209258035,1.15823205292843,-1.90429357434056,1.19880429386094,1.04681407302766,0.069574207568449,-0.0896376156271913,0.123518640863711,-1.6431466043655,0.478392160992211
QN22.26.002.14.04.10,0.876960882646193,1.4528273176428,-0.214500312714639,-0.41610688992481,-2.4452789989183,-1.86892755655221,-0.580981166435605,-0.724281107093288,-0.268807998134716,-0.809617831531207,-1.83900350893459,-1.309930501136,-2.32227974051762,-0.233069936058687,0.141755452356089,0.344449516871383,-2.08477910979084,-1.70790784347161
QN22.26.009.14.3B.02,1.34545730920155,0.362550537199722,-0.214500312714639,-1.13562194308301,0.191475209622861,-0.35940914549081,-0.0912079927904997,-1.04001292846335,1.37725912738357,-2.59613327908535,0.250278584056188,-1.99926823907213,-0.781481748263627,-0.233069936058687,0.141755452356089,0.344449516871383,-0.41635301067189,-1.48763767200045
QN22.26.009.14.3B.03,1.41691499729686,-0.666925621358176,0.830018915252181,0.557680605975541,0.293660393722723,1.15010926557059,1.06567763608999,0.201681821584102,0.627972248244691,-0.668979903738704,0.511438845680035,-1.19766831385104,-0.621650631602171,-0.362774569041746,0.73676619859881,-0.0430922004057404,0.914281759726168,-1.077570817177
QN22.26.009.14.3B.05,-0.261458386063273,0.87291985753355,-0.214500312714639,-0.763009060143207,0.791610990070653,1.15010926557059,0.218434036192371,0.46630309947084,0.882786101380773,0.0570552711108536,-0.533202200815356,-0.628811303399913,-0.11288737240966,1.58279492570413,-1.24660295554359,-1.2302460548693,-0.33296703688451,-0.429284021287001
QN22.26.009.14.4A.04,0.0740980270158801,0.36786146157002,0.830018915252181,1.02065154095325,1.10801776319623,-0.35940914549081,0.557186890427076,1.04973233803956,-0.20953587838624,-1.32897310799028,-0.402622070003432,0.742750796600227,0.544449018867145,-1.01129773395704,1.72845077567001,-0.0430922004057404,0.14268473701809,-1.61216307319524
QN22.26.009.14.4A.05,-0.43643737617798,0.947243533707751,0.355091695849336,-0.959520990126401,1.89072343605383,-1.11416835102151,2.1520298314831,2.30882089820102,-2.04816727262171,1.90800110498211,-0.729072397033241,1.09649809143361,1.29037966719003,0.82618456663629,-0.0896376156271913,-1.2302460548693,-0.479293844186216,1.55251327312965
QN22.26.010.14.04.05,0.190492473019017,-0.197460736431519,-0.214500312714639,-1.14304958767826,0.0923937879409428,1.15010926557059,-1.08698868254832,0.726408671575321,1.46932066012619,0.396484997575086,1.9478202846112,0.106827090007933,0.734165989730829,-0.233069936058687,1.53011386025577,-1.2302460548693,0.302417839941877,0.134013355579476
QN22.26.010.14.07.01,1.40748699281056,-0.364222543419111,-0.214500312714639,-0.387551669057982,0.419451177445179,-0.35940914549081,-0.234644875936029,-0.475782901232756,1.05389499504447,0.442012531789478,0.642018976491959,-1.08399510563128,-0.198860917004968,0.674862494822722,-1.24660295554359,0.344449516871383,-0.0015249151825973,-0.80652764623204
QN22.26.010.14.52.01,1.3942122560436,0.0497815944745684,1.23519941873781,0.442467646423252,0.580404900367653,1.15010926557059,0.414201059595939,0.405177606417322,0.396052464517958,-1.2068612280737,1.36020969595754,-1.35106386010836,-1.03709959399989,1.58279492570413,-1.24660295554359,-1.2302460548693,1.64324547899871,-2.11288682604812
QN22.26.011.14.3A.07,-0.158908478579937,1.69942019879754,0.355091695849336,-0.881673068334678,-0.513628932599065,-0.35940914549081,-0.515735834729171,-0.81259017677824,-0.190217184450123,0.743121840472969,-1.64313331271671,0.290068713080519,-2.49222203243732,0.82618456663629,-0.0896376156271913,-1.2302460548693,-1.39073695081192,1.1091184038149
QN22.26.011.14.4B.01,-0.906177831973786,0.668321352060241,-0.214500312714639,-0.0892079136373034,0.561294478253263,0.39535006003989,0.48924727166947,0.0654654068361475,-0.29469058296618,0.922134633744393,-0.141461808379584,-0.178809986086968,-0.293961422317052,1.58279492570413,-1.24660295554359,-1.2302460548693,0.506781878799656,0.760463505109465
QN22.26.011.14.5A.02,0.926322240199292,0.619680988477495,0.830018915252181,1.28617835913999,0.2281795702291,0.39535006003989,1.20806595639983,0.873163479251527,1.24581024444649,0.554508911206004,-0.272041939191508,-1.03014283319675,0.287057294018622,1.58279492570413,-1.24660295554359,-1.2302460548693,0.788529178732477,0.217605994483597
QN22.26.011.14.5A.04,-0.885814935894303,-0.153294691692514,-0.214500312714639,1.12897383208605,1.22218083491514,-1.11416835102151,1.31699237166053,1.79887970297413,0.413680204060515,1.11346030231789,-0.663782331627279,1.31504997555993,-0.708988243598032,0.674862494822722,0.141755452356089,-1.2302460548693,0.1673832992081,0.687084332406813
QN22.26.011.14.5A.05,-0.169209477849124,-0.764703930644513,-0.918942725713165,2.63562438718419,1.77214916361006,1.15010926557059,1.41570757992832,1.32687530081654,0.612488608551475,-0.119966182539242,-0.0761717429736221,0.194306300260435,0.0169190198108571,0.447879387102369,-1.24660295554359,0.65136179341342,0.885642062454398,-1.27782506540666
QN22.26.011.14.6A.01,0.584845274063465,1.50968546542991,-0.918942725713165,-1.75188448727896,-2.77589908057908,-1.86892755655221,-1.51340539302079,-0.98298681903507,-0.850811916786366,0.279193328288362,-2.55719422840018,0.524837141443069,-2.50050256278408,1.58279492570413,-1.24660295554359,-1.2302460548693,-2.48458409210205,-1.21967066429642
QN22.26.011.14.6A.05,-0.204557973693908,-0.906313094795515,0.830018915252181,-0.189761504372951,0.474718548494669,0.39535006003989,0.260874509940296,0.52350981354384,-1.30266396686467,1.5839443976825,-0.402622070003432,-1.72885057263043,1.40957815007736,0.285748595873547,-0.254918378472391,-0.0430922004057404,0.251534304846453,1.3050299158689
QN22.26.011.14.6A.09,-1.09901202569199,-0.142575110628178,0.830018915252181,2.20874896509645,0.755869670409318,-1.11416835102151,1.42786052272901,0.781127259735141,1.06668597184947,1.35400903432994,-0.663782331627279,-0.227785974924595,1.13878624255939,-0.362774569041746,-0.254918378472391,0.854380922799301,-0.0446418274473088,0.612393611792706
QN22.26.011.14.6B.02,0.245781424679271,-0.751308531312449,-0.214500312714639,-1.57410934281008,-0.66710132899748,-0.35940914549081,-1.80274012489297,-0.485797980462633,-0.927714704903231,1.3692593879316,-0.0108816775676602,-0.527156520097674,0.718824152990004,-1.1410023669401,1.53011386025577,0.344449516871383,-0.416799022071426,0.0487392673362048
QN22.26.014.14.4A.06,-0.675153559177699,-2.20500175541713,-0.918942725713165,-0.201271565739534,-0.234475387144656,1.90486847110129,-0.791171722994061,-0.964855130947473,0.248328420540127,0.41168222179915,0.837889172709845,0.792293148283997,1.27890596212843,0.447879387102369,-1.24660295554359,0.65136179341342,0.266238066453379,-0.702669142191755
QN22.26.014.14.5B.01,0.478128993571422,-1.49106128467356,0.830018915252181,-0.125539231693427,0.0114755403752729,1.15010926557059,-1.10274482077665,-1.08406300107276,1.01183557194972,-0.574786018206311,0.642018976491959,0.263101705950818,1.24274444829888,0.285748595873547,-1.24660295554359,0.854380922799301,0.574217619941459,0.0487392673362048
QN22.26.015.14.02A.05,0.0350533456986303,-1.64326203732446,-1.82877859381128,-0.0109193607958882,2.44476199022557,0.39535006003989,1.85755466950701,1.81365952015757,-1.84169318725678,-0.905910344885181,0.380858714868111,-0.00914554463079782,-0.410564158174238,0.069574207568449,-1.24660295554359,1.10631781160946,1.31346350256263,-1.54946253998519
QN22.26.015.14.02A.08,0.259472965597577,-0.521204917006757,-1.82877859381128,-1.02227787417349,-0.529119939071129,-0.35940914549081,-1.31842817413536,-1.32136406315697,0.0820223543023288,-0.897579836450165,-0.663782331627279,-0.612380219134804,1.40187643512588,-1.44364651056723,-1.24660295554359,2.42888785613635,-0.5322654015918,0.0915904758504668
QN22.26.015.14.04A.05,-0.439015940443532,0.531873816914203,-0.214500312714639,0.814286809601726,0.302848236635934,0.39535006003989,0.70149813430882,-0.25310924264553,1.05471248197885,0.365917370284483,0.380858714868111,0.402564916457706,-0.961116055769364,-1.1410023669401,1.53011386025577,0.344449516871383,0.653157714553251,1.25691836177642
QN22.26.015.14.05A.06,-0.164084358862584,0.562264136919214,-0.918942725713165,-0.176813397111852,-0.0548859558616741,-0.35940914549081,-0.466499069161066,-1.09771980039202,1.12140749787556,-1.58743634920013,-0.598492266221317,0.446851644180545,1.2855649434094,0.447879387102369,-1.24660295554359,0.65136179341342,-0.515985566703427,-0.702669142191755
QN22.26.016.14.04A.02,1.28321431868144,-0.0642021531019395,0.355091695849336,0.915804872309844,1.17749797205918,0.39535006003989,0.519269460564493,0.402849931189665,0.297031126817373,0.442369219730886,1.49078982676946,0.489544458273964,0.636270015218247,-0.687036151499391,1.06732772428921,0.123518640863711,1.52435198140979,1.55251327312965
QN22.26.016.14.04A.03,0.598013103991194,-1.19568190795208,-0.918942725713165,1.21754272583584,1.30234806365102,0.39535006003989,0.619947131939002,0.0566545541885616,0.811863876354901,1.04459872789373,1.36020969595754,-0.449621581812365,1.33413986832594,0.447879387102369,-1.24660295554359,0.65136179341342,1.86650520261357,0.920990115924637
QN22.26.016.14.04A.04,1.78105958091431,0.155395816966757,0.355091695849336,-0.0954363184585052,0.997628321428395,3.41438688216269,0.333146924252438,1.18907947759492,-0.789899924915697,1.60306423958944,0.968469303521769,-1.94090728501815,-0.153043793510649,1.58279492570413,-1.24660295554359,-1.2302460548693,0.989157930806476,0.0487392673362048
QN22.26.016.14.07.01,0.791077316756023,0.3816806227449,-0.918942725713165,0.533838270054017,1.93375556942793,-1.11416835102151,1.94597114032583,0.96378809735597,1.32054120601107,1.88054257700592,-1.51255318190478,0.190365108328053,-0.219091025351215,0.447879387102369,0.488845054331009,-1.2302460548693,-1.21659476420713,1.1091184038149
QN22.26.017.14.01A.01,0.159024995086795,-2.08238873485912,-0.918942725713165,-0.977720027580372,-1.22559005528919,1.15010926557059,-1.67254761359469,-1.63323223277782,-1.76171218337585,0.832857489558517,0.184988518650226,0.939872895101982,1.17313594124801,-0.687036151499391,0.488845054331009,0.65136179341342,-0.551446176691831,0.439307085232932
QN22.26.017.14.01A.03,-1.62379024855933,1.56309066211203,-3.08408922414889,-3.15243757823253,-1.58252683465343,1.15010926557059,-0.899403283007883,-1.11512830302705,-1.60737572563288,-0.568846753806383,-0.729072397033241,3.28364897005836,-2.15926466436775,1.58279492570413,-1.24660295554359,-1.2302460548693,-1.29305912684788,-0.263936070517815
QN22.26.019.14.01A.03,-1.06261407127009,-1.03987052004917,0.830018915252181,0.776702709691928,0.283606476550285,-1.11416835102151,0.506983228454904,-0.12707980585868,0.490388028217797,-0.210006017174797,-0.533202200815356,0.654708832348441,0.276599831166359,0.934271760788838,-0.254918378472391,-1.2302460548693,-0.540162015425916,-0.886084790013096
QN22.26.019.14.51A.01,0.630574612914135,0.547961105454941,1.23519941873781,0.515885551597471,0.909154882901793,0.39535006003989,1.57578695430936,1.24743842756781,-0.00830094854057325,-0.236436114622973,1.49078982676946,-1.1179689069506,0.257837552339008,1.58279492570413,-1.24660295554359,-1.2302460548693,1.43669755253058,0.938449837501488
QN22.26.020.14.02.05,0.676889696466475,0.891523056287875,-0.214500312714639,-0.860955321587912,-0.75525065311907,1.90486847110129,-1.05162239550864,-1.09750959917447,0.84077475568538,-0.066864272087096,1.29491963055158,-0.346774721650795,-1.05642040146721,0.674862494822722,0.141755452356089,-1.2302460548693,-0.0637780297740878,2.41457870304924
QN22.26.020.14.03.04,1.70157191565798,-0.778923752148133,0.355091695849336,-0.309990174602612,0.444545403190548,-0.35940914549081,-0.521299161910932,-0.497047609336784,-0.46422667096581,0.742364111410811,0.0544083878383018,-0.239480675587704,-0.763071084006017,1.58279492570413,-1.24660295554359,-1.2302460548693,-0.150960974543948,0.458895046861807
QN22.26.020.14.04.05,0.0167291516846654,0.0716007218918962,0.830018915252181,0.672504129296703,-0.878325618031193,-0.35940914549081,0.160315663866534,-0.306822387445571,1.51718602709358,-0.0652403557147542,-0.533202200815356,-0.189449207842437,-0.428877116233617,-1.65982089887233,1.72845077567001,0.854380922799301,-0.637856369730398,0.536346300990912
QN22.26.020.14.07B.01,0.0109650449148691,1.01198780885054,0.355091695849336,0.882275132908662,-0.88649477554342,-1.11416835102151,-0.300457241035476,-0.860349467914254,1.13066625209959,-0.249014798142398,0.446148780274073,0.256546046607554,0.906332598274899,-0.687036151499391,-0.0896376156271913,1.10631781160946,0.517650113611092,0.0271504713547765
QN22.26.020.14.08B.02,-0.163239638766561,-1.21350557883017,-1.82877859381128,1.70268752991557,0.38692815266105,0.39535006003989,1.10583882095182,0.924820528796759,1.30956540037515,0.0639980173806082,1.16433949973965,-0.0582094974593176,1.1150407869721,-1.44364651056723,1.06732772428921,1.10631781160946,1.21948386341552,0.832574007751714
QN22.26.020.14.52B.02,-0.470376074064625,-0.813162552868345,-0.214500312714639,0.265867005666745,2.76706856182585,-0.35940914549081,2.36579670534969,2.13179410460539,-0.776560444966593,-0.301212289921613,0.903179238115807,1.28135606965211,0.241023723508965,1.58279492570413,-1.24660295554359,-1.2302460548693,2.79682029704509,0.0702189227795709
QN22.26.023.14.05A.01,1.57382369109463,0.0570621240218826,-1.82877859381128,-0.625651862828078,0.790465117478921,-0.35940914549081,0.816227036560838,0.435140247372803,0.23630057291953,0.708723487019766,-0.402622070003432,-1.14913645693292,-0.442201382787168,0.069574207568449,1.06732772428921,-1.2302460548693,-0.391973379499074,-0.405269535368451
QN22.26.023.14.05A.03,0.637904222782155,-1.31158135715009,-0.214500312714639,-0.571971978627789,-0.0419370620562203,-1.11416835102151,-0.911482172838875,-0.441436809370806,-2.17390887749394,1.55696715351295,-1.3166829856869,-0.345558650033128,0.606778408567967,-1.1410023669401,1.53011386025577,0.344449516871383,-0.897774570078274,0.134013355579476
QN22.26.023.14.06A.02,0.110809093190318,0.822414723325316,1.89702574388852,0.421563220442333,0.0682873179888897,-1.11416835102151,0.217884447793862,0.534979394834033,0.187827806345327,0.188369377415695,1.62136995758139,-0.489706428501169,-1.471305672766,0.674862494822722,-0.552423751593751,-0.363291437831842,2.14897455504815,1.95246758478365
QN22.26.023.14.06A.03,-0.10871828401473,-0.43459839074492,2.64717432986257,0.340369435194628,0.0487314906930146,-0.35940914549081,0.234352640965529,0.218507185439475,0.238308176599196,-1.03612997011633,2.86188120029466,0.369276257783037,-0.142794346481136,0.535180582379428,-0.178634949466914,-0.547488468622196,2.74813275663839,2.30394441253561
QN22.26.025.14.03A.01,-1.04492605478607,0.169418493855537,1.23519941873781,-0.472867549305217,0.722523967883433,-0.35940914549081,-0.175735234706828,-0.778545554159418,0.0880047429902366,1.04292750316871,-0.33733200459747,-0.86128362763939,1.15457162764486,0.447879387102369,-0.378878950606291,-0.173210343622893,0.273309360365397,0.299578774331899
QN22.26.025.14.06A.01,1.25846078441588,0.469887215028539,-0.214500312714639,-0.168363625465413,1.4601554315055,1.15010926557059,0.799843585136755,0.40247296758973,0.57817875486184,1.18495088976779,2.33956067704697,-0.687979313284533,0.195759375277806,1.58279492570413,-1.24660295554359,-1.2302460548693,1.57140700428128,1.43063948274542
QN22.26.025.14.06A.02,-0.362902842348484,-1.55101513991584,1.23519941873781,-0.0933772455069383,0.381042903302073,-0.35940914549081,-0.49005789276701,-0.927672601608168,0.983593661193813,1.00465104409988,0.184988518650226,0.183182046329476,0.585608233785997,0.447879387102369,-1.24660295554359,0.65136179341342,0.490278716299116,2.16443756537012
QN22.26.025.14.06A.05,-1.00119507063229,-1.86226542607686,-0.918942725713165,-0.314983990553404,-0.735030155184325,0.39535006003989,-1.15655194220834,-0.423052482580835,-0.272122327093236,1.1856235270256,0.576728911085997,0.212265129881686,-0.0415893544685699,-0.687036151499391,0.488845054331009,0.65136179341342,-0.354653663294605,1.24075538021406
QN22.26.027.14.04.03,-2.02785385719487,-0.528520569567011,-0.214500312714639,0.787504094149422,0.55294674080513,-1.11416835102151,0.862986968689105,0.640576741871412,0.199705958925052,0.817808473409093,-0.0108816775676602,1.07513011414242,1.18169745593912,-0.233069936058687,0.141755452356089,0.344449516871383,0.274184740874574,-0.127117402429145
QN22.26.028.14.02.03,0.427364567392816,0.580081509671268,0.830018915252181,0.289223962026779,-0.781856435363734,0.39535006003989,-0.800002144769304,-0.978481215545695,0.945947989658368,-0.852799595228003,-0.0108816775676602,0.256889400390172,0.159259180247219,0.285748595873547,-0.254918378472391,-0.0430922004057404,-0.32167592360744,0.112854950270184
QN22.26.028.14.02.04,-0.116572612913967,-2.15298384331849,0.355091695849336,-0.41603175962546,0.271031566486856,0.39535006003989,-0.586840361262105,-0.213063256172309,0.252748475329946,-1.38513219535716,-0.206751873785546,-0.255567600834111,-0.764211207135041,0.069574207568449,-0.0896376156271913,0.123518640863711,-0.162925338446564,-1.10562437794781
QN22.26.028.14.05.05,1.00501696338703,1.17190591513529,-0.918942725713165,-0.125201053379827,-1.4744018561268,1.15010926557059,-0.514948298652209,-0.402083064085254,-0.368134467940179,-0.574319209434318,0.184988518650226,-1.16103073751743,-0.407290461565069,-0.687036151499391,2.22429306420561,-1.2302460548693,-0.851838780692002,-0.677088717568956
QN22.26.036.14.01B.02,0.397403289311734,1.55731065457232,-0.918942725713165,-0.878657499000333,-1.0612506079708,1.15010926557059,-0.911448070882868,-1.53518227750783,-0.0475791813888819,-0.76208149833959,0.315568649462149,-1.14755253956449,-1.06615829017518,0.447879387102369,-1.24660295554359,0.65136179341342,-0.60535698597814,-0.0603174021032484
QN22.26.036.14.01B.03,-1.76637325811944,-0.729803221966345,-1.82877859381128,-1.13685465936544,0.159046144909619,0.39535006003989,-0.496342327108294,0.179193590713265,-0.961043419497828,-0.606504263299024,-0.402622070003432,0.56912747427372,-0.665308936408973,0.069574207568449,-1.24660295554359,1.10631781160946,-0.22733953871055,-2.29305881792284
QN22.26.036.14.01B.06,0.25282043355291,-0.905954684899335,-0.214500312714639,-0.198911929534709,0.0134180559678584,-0.35940914549081,-0.679372881773081,-0.970280579399736,0.341984119401193,-0.374304174936704,0.250278584056188,-1.01861537863329,0.769033256387807,-0.233069936058687,0.141755452356089,0.344449516871383,-0.0894860065365521,-1.36652461869035
QN22.26.036.14.04B.01,1.88112912672868,1.07690496631035,-0.214500312714639,-1.75894884207601,0.78242577590411,-0.35940914549081,0.577096024219513,0.520784763807625,-0.607379311174314,0.752764363044328,-0.141461808379584,-1.53256964449467,0.421632997001887,-0.233069936058687,0.141755452356089,0.344449516871383,0.353107841584884,-0.127117402429145
QN22.26.036.14.04B.03,0.733514530486542,-0.864987701012325,0.830018915252181,-0.110691380056128,0.614114244626664,0.39535006003989,-0.120289988494722,-0.0394871022507995,0.463150875861607,0.549749906618071,0.772599107303883,-0.474449514449581,0.947363918351954,-1.01129773395704,-0.254918378472391,1.55448151851259,0.774172028354786,-0.0382813638494726
QN22.26.036.14.04B.06,-0.554281667319255,0.060478421518939,1.23519941873781,0.0418870863180796,0.703851617179588,-0.35940914549081,-0.0924183345123249,-0.319228571948029,0.267269893116181,-1.49075606287348,-0.598492266221317,0.0845703462504631,-0.643728828962774,1.01533715640325,-1.24660295554359,-0.173210343622893,-0.0861971371778898,-1.87221041280933
QN22.26.036.14.04B.07,-1.51094381189963,-1.42501469278868,-0.214500312714639,0.903429653153949,-0.0696580166061901,-0.35940914549081,0.724412650974499,0.26611721398441,0.993920633384935,1.25089714688159,-0.272041939191508,1.5975059493473,-0.515687540737013,-2.0489347978215,1.53011386025577,1.42714874429547,-0.553500764315322,-0.702669142191755
QN22.26.036.14.05B.04,-0.211879453749527,-1.43572541028012,0.830018915252181,-1.50810303221913,-2.18410345498383,1.15010926557059,-2.77409267161188,-1.91396758905817,-2.05603926356833,-1.43646163961877,0.119698453244264,1.03327158448077,-0.884621992908414,0.285748595873547,-0.254918378472391,-0.0430922004057404,-0.797218180947777,-1.30719338410381
QN22.26.036.14.06A.06,-0.989251843612174,-0.121902051976825,-0.214500312714639,-1.80110156410689,-1.89741064790761,1.90486847110129,-2.53128165680932,-1.91260659696109,-1.92044006902038,-1.23849488885252,1.03375936892773,2.18836623191084,-0.307593226990423,-0.233069936058687,0.141755452356089,0.344449516871383,0.0898264551960311,-1.13385890634705
QN22.26.036.14.06B.02,0.24249763958139,1.57177406900999,-0.918942725713165,-0.803459353237271,-0.872429627555882,1.15010926557059,-0.925083814372156,-1.5067279721119,-0.425914985980087,-0.914860725304819,0.184988518650226,-0.683322059247508,-1.30500366341032,0.447879387102369,-1.24660295554359,0.65136179341342,-0.566223279016623,-0.0603174021032484
QN22.26.036.14.07A.04,-0.0361358900731913,-0.299775611745289,1.58707540434347,0.170180997677124,1.19823182891789,-0.35940914549081,0.257347581557783,0.365658416079436,-1.36072313803473,-1.13947029066507,0.903179238115807,-1.29670670623749,-0.598399300235824,-0.434832698476778,1.06732772428921,-0.277635787779187,1.58979883029834,-0.912930464502374
QN22.26.036.14.51A.02,1.59747078422597,0.797378807288806,0.830018915252181,-0.140900347954848,0.440042316288948,1.90486847110129,0.435621658572649,0.500911181560189,0.670619143252308,2.52442091650891,0.511438845680035,-1.0835593302555,-0.263259494297184,-0.362774569041746,0.73676619859881,-0.0430922004057404,-0.0544846794026572,0.687084332406813
QN22.26.037.14.03A.02,-0.169750097348453,0.145757193138049,-0.214500312714639,2.59378130359286,0.60790476987014,-0.35940914549081,1.09980572062152,1.10378846225958,0.845493656967159,-0.737431334605345,0.772599107303883,-0.730038267995872,-1.91731091997158,-1.1410023669401,1.53011386025577,0.344449516871383,1.1603813554811,0.0271504713547765
QN23.26.003.14.07A.02,0.341231973067074,-0.211301896739668,2.17322804862914,-0.0386402919721438,0.1163060246268,-0.35940914549081,-0.196028043569375,-0.452162531003537,-0.0151381902452681,-1.34973683368637,0.511438845680035,0.653678546276703,-0.341507753275241,-0.0679913122620673,0.0155410516379363,0.225661065621035,1.39505432615837,-0.502142162430877
QN23.26.008.14.02.02,-0.705066009706819,0.000419970820278404,-0.214500312714639,0.0180026678590701,0.401879529817887,-0.35940914549081,0.3148388506595,0.798635730087384,-0.338742009325739,-0.469484231669619,-0.924942593251127,0.293239573560347,0.839530980069614,0.674862494822722,0.141755452356089,-1.2302460548693,-0.394683919295809,-0.429284021287001
QN23.26.008.14.03.02,0.549740824819043,-1.21486930853384,-0.214500312714639,0.952468999426077,-0.481174727224709,0.39535006003989,0.0841507123702231,0.0261206538539144,-0.0674320330520397,-0.482537259850119,0.380858714868111,-0.990483049765897,0.487609475922798,-1.1410023669401,0.141755452356089,1.42714874429547,-0.0112451517044347,1.97958116886868
QN23.26.008.14.03.03,0.166080897961147,0.108855212929179,0.830018915252181,1.03612109611042,-0.25923821405964,-0.35940914549081,-0.11863911510663,1.73682277433929,-0.023343834685319,-1.02489211297817,-0.0108816775676602,-0.0850984663106709,1.30144388186441,0.285748595873547,-0.254918378472391,-0.0430922004057404,0.374153392928965,0.0271504713547765
QN23.26.008.14.06B.01,-0.59388478238842,0.580140562787595,1.23519941873781,-0.439658575263574,0.291453163129629,-0.35940914549081,0.0902846740985765,-0.0470549086141278,-0.667406219516768,-0.660823368665009,0.0544083878383018,0.320454633331816,0.314290376530909,0.447879387102369,-0.378878950606291,-0.173210343622893,-0.265591544784861,-0.172238822337429
QN23.26.010.14.02A.01,-0.872164831447043,0.273411938526945,-0.214500312714639,-0.93937133714935,-0.351463700088691,1.90486847110129,-0.422299536116801,1.08114596480782,-1.92241792752754,0.664267011504626,1.29491963055158,1.88063539064826,-0.0498496126766897,0.674862494822722,0.141755452356089,-1.2302460548693,1.00565596618167,0.536346300990912
QN23.26.010.14.03A.05,-0.0927536618069433,-0.560959628511566,-0.918942725713165,-1.25690891218373,-1.07530912635068,0.39535006003989,-2.03437398028988,-1.47937342705676,-0.783326700437295,-0.157602954638258,0.0544083878383018,-0.283196334962493,0.220481275378783,-1.82195169010115,0.488845054331009,1.84930140883753,-0.690545794445129,-0.429284021287001
QN23.26.016.14.03A.04,-1.1443356237162,-0.169337456590882,0.355091695849336,0.120562556541665,-0.112090820234707,-0.35940914549081,0.0754474848074467,-0.411565185117929,1.08020347365778,-0.994334407775435,-0.206751873785546,0.769179397335073,0.424187457560264,0.069574207568449,-0.0896376156271913,0.123518640863711,-0.667821715940413,0.778608439256305
QN23.26.016.14.03A.05,0.10108960232697,-0.471344772463345,-0.918942725713165,0.265106050391981,-1.03857189879187,1.15010926557059,-0.787196280381893,-0.648441230513197,-0.862369891275703,-0.507951010139052,0.184988518650226,-0.624706535222341,1.21829350027228,-1.82195169010115,2.22429306420561,0.65136179341342,0.0249812484662885,1.04169257320211
QN23.26.016.14.09A.03,-1.33413951189177,1.38783675738862,-0.918942725713165,0.745130695610229,-0.279252514871545,0.39535006003989,0.252611038346678,0.967806742252304,-2.1061113483684,0.576002618131365,0.184988518650226,1.09925270046657,0.0743253817877679,0.447879387102369,0.488845054331009,-1.2302460548693,0.224830858867066,-0.453433325930365
QN23.26.016.14.09A.04,-0.936313230308937,1.82474093510491,-0.214500312714639,1.43260423614916,0.373388939767133,1.15010926557059,1.07851581474132,0.507420144718129,0.304213806819193,-0.20258651296685,-0.272041939191508,0.625542394388945,-0.0752674889077543,-2.0489347978215,1.53011386025577,1.42714874429547,0.216056193494297,-1.70790784347161
QN23.26.017.14v.02A.05,0.600297073079834,-1.19326595552666,-0.214500312714639,1.37198405482344,1.6967460266055,0.39535006003989,0.37746780561891,0.759537366097511,0.755356322613428,0.867122078417157,-0.141461808379584,0.163607089622311,0.159731093840083,-1.1410023669401,1.53011386025577,0.344449516871383,0.668618236761568,-0.172238822337423
QN23.26.017.14v.05A.03,2.6933693663575,-0.624957204122986,-1.82877859381128,-0.129880485565843,-1.16398642388275,-1.11416835102151,0.882975441053648,1.56635856218115,0.453006777224599,1.26733786263788,-1.70842337812267,-2.06442527693087,0.54599979599159,-1.44364651056723,1.06732772428921,1.10631781160946,-1.77742169383679,1.89768868372825
QN23.26.017.14v.05A.05,1.95895743017286,0.254832532160766,0.355091695849336,0.455802541752304,0.102858673555532,-0.35940914549081,0.364961389662953,0.444874281086796,-0.212827753192697,-1.12022012647682,0.0544083878383018,-0.254233549957542,-0.0938263819845491,0.069574207568449,1.06732772428921,-1.2302460548693,-0.138879867575955,-0.0824679980561729
QN23.26.017.14v.05A.06,-0.45549967364398,1.43162881975978,-0.214500312714639,2.03928579132672,0.598864434722706,-1.11416835102151,1.15049742125726,1.487707773859,-1.0756216686095,-1.31399126120064,-1.3166829856869,1.04628232930962,1.12184299920285,-1.1410023669401,0.141755452356089,1.42714874429547,-0.700735884380247,-1.3367590624539
QN23.26.018.14.04A.02,0.175954986475433,-0.975143538337665,-0.918942725713165,-0.16956801886959,0.722240615951605,0.39535006003989,0.75262981811382,0.706889534102771,1.0992565853624,-0.830984668230613,-0.598492266221317,-0.314189714778186,1.1646403644668,-0.687036151499391,0.488845054331009,0.65136179341342,-0.805551905101151,-0.104734282432771
QN24.26.003.14.01.02,2.52576037937653,-0.763424141123222,-0.918942725713165,-1.42571711541128,-2.08398647777429,-1.11416835102151,-0.443397704864689,-0.130298359913214,-0.96942945091104,-0.0411557638939374,-2.55719422840018,-2.1140393004739,-1.5012639525077,0.447879387102369,0.488845054331009,-1.2302460548693,-2.49803082641692,-0.80652764623204
QN24.26.003.14.01.03,1.15859561107095,0.462630503505299,-0.918942725713165,-0.832281940225439,-0.812259843128165,-1.86892755655221,-0.704489351888854,-0.765330038795395,-0.238092496316388,-0.795900402654532,-2.1654538359644,0.086571767876157,0.36428731526695,-0.687036151499391,0.488845054331009,0.65136179341342,-2.06015419373156,-1.58070188906934
QN24.26.003.14.07.01,-1.25579075906759,0.943857375441336,-0.214500312714639,-0.344294718365781,0.905003821444531,-0.35940914549081,0.58320147112406,0.243432979907474,0.34594280777869,-0.581437337004694,-1.3166829856869,1.9253598361431,-0.0548321011560881,0.674862494822722,0.141755452356089,-1.2302460548693,-0.859478092427583,0.668536331259811
QN24.26.003.41.05.01A.02,-0.111407414074328,0.17625992875519,0.830018915252181,-0.622676839621736,-0.759408327074201,1.90486847110129,-1.4467028665978,-1.08655344149746,1.09357081282293,0.294913318905424,1.9478202846112,-0.145855202904181,0.780219209160964,-1.01129773395704,1.72845077567001,-0.0430922004057404,0.871588288853394,-0.80652764623204
QN24.26.003.41.06.01B.02,-0.191882968976538,0.876270362408391,2.17322804862914,1.07652346040285,0.512119168003566,-1.11416835102151,-0.0188851139877962,-0.649309188689097,0.947083742637429,-1.21629044552808,1.16433949973965,-0.512821075883914,-0.352635483657053,1.17009836621258,-0.615530951952828,-1.2302460548693,2.09994357626187,-0.702669142191755
QN24.26.005.14d.02.01A.02,0.839981984914653,0.910287941420335,0.355091695849336,0.313175066582621,0.177850106381432,-0.35940914549081,0.678571728617882,1.15227923053914,-0.466813005274463,0.946966631020918,0.184988518650226,-0.0876137830867868,-1.5969440040385,-0.687036151499391,-0.0896376156271913,1.10631781160946,0.818352389577548,-0.310531802730075
QN24.26.010.14v.03A.05,0.08914458662976,1.5869531329886,-0.214500312714639,-0.553013320753522,-1.53983187559096,0.39535006003989,-0.50974870746031,-0.291542363302008,-0.04316160744023,1.32435404049643,-0.533202200815356,-0.831696399327522,-1.77022531165601,-1.1410023669401,1.53011386025577,0.344449516871383,-0.719581293246199,0.458895046861807
QN24.26.010.41.02.03,0.391582938982437,-0.786456700435753,0.355091695849336,-0.765854253442867,-0.373043221282342,-0.35940914549081,-1.77326865130701,-1.6986900778278,0.44434258659799,0.983662441149652,1.09904943433369,-1.10519414440129,0.880919087017726,0.82618456663629,-1.24660295554359,0.123518640863711,0.0678684550950893,-0.405269535368451
QN24.26.012.14V.03A.02,1.08713166349823,0.854773679200729,1.89702574388852,0.0424190008500283,0.260275775692954,-0.35940914549081,-0.0704834006274134,-0.423903221332286,0.647729001796475,-1.3283370314555,-0.990232658657089,1.00850924206064,0.587302343092553,0.220896279382017,-0.552423751593751,0.344449516871383,-0.752133154887348,-0.263936070517815
QN24.26.012.14V.05A.03,-0.624714134935088,1.47822799896842,-0.214500312714639,-0.0891054325537954,-1.96217007753766,0.39535006003989,-0.623471079468856,1.17093338774246,-1.10823567427523,-1.0687602309604,-0.663782331627279,0.75529253922053,-2.4743601326319,-0.233069936058687,1.53011386025577,-1.2302460548693,-1.11133185381172,0.176015927667952
QN24.26.012.14V.06A.04,0.937008546831261,-1.03511079151935,-0.214500312714639,-1.39690637270403,-1.87730965753341,0.39535006003989,-1.52106427582683,-1.30842746325783,-1.85176116315156,1.62752625693771,-0.924942593251127,-1.87162665355031,0.190718559980236,-0.233069936058687,0.141755452356089,0.344449516871383,-1.52194137390487,0.832574007751714
QN24.26.012.14V.07A.01,0.914837782497812,1.93312466785815,-0.918942725713165,-1.58614214622651,0.0859017653204898,-0.35940914549081,0.543172071743235,-0.0811619478453578,-0.866450426573736,-0.498281513001025,-1.12081278946901,-1.95741655483541,-1.16393799619372,1.58279492570413,-1.24660295554359,-1.2302460548693,-1.05873232751977,-2.14834866774594
QN24.26.013.14v.01A.02,-1.2821728902934,-0.280072345421904,0.355091695849336,-0.998208194729081,-0.992181363772286,0.39535006003989,-0.345920737173208,-0.408740727599599,-1.25549447040057,-0.193303556602994,0.0544083878383018,1.39607515086411,1.08833058107163,-2.20025686963507,1.06732772428921,1.84930140883753,-0.725527506917167,-0.0163587687315625
QN24.26.013.14v.01A.03,-0.960094165141804,0.12461345293133,-1.82877859381128,0.744141614912313,0.475602208755636,-1.86892755655221,0.922829215921838,0.974548171400392,-1.17515929143882,-0.480724892929228,-1.70842337812267,-0.380036192941093,-0.464607709011544,0.069574207568449,1.06732772428921,-1.2302460548693,-1.1646301855056,0.536346300990912
