cell_label,PC1,PC2,PC3,PC4,PC5,PC6,PC7,PC8,PC9,PC10,PC11,PC12,PC13,PC14,PC15,PC16,PC17,PC18
Q19.26.014.11.01.04,1.90410647892956,1.02773022263196,0.560387150046409,-0.551402844390878,1.11775377640263,0.31375539587171,1.58899381755328,-0.196394115691118,1.98808550401525,0.00322646015290022,0.101197206016703,0.0218804802912724,0.0260000710375886,0.296572024123741,-0.132397956147986,-0.0659898263376897,0.0108187772978389,-0.0357768056736147
Q19.26.014.11.01.05,1.18071176087262,-1.11641204376427,2.07245645275989,0.570708817918532,1.0091880584032,0.0622221830504756,0.105056616218267,1.04036960688664,0.620493670390718,-0.671410609462012,0.260241128974906,-0.0792709024013454,-0.43308273372726,0.699552052693819,-0.269009649915749,-0.0151026726613374,0.257762486064997,-0.0746652326137176
Q19.26.014.11.05.01,2.01695667731775,-1.84505577647344,-0.0549780965445323,0.999026873843748,-0.803417124006681,0.184603382629766,-0.121975468799368,0.554008870554949,-1.12542515331123,-2.25710210461309,-0.302312171168205,-0.955293412230507,-0.0773768027643091,0.860279693468127,-0.0713797500009882,-0.454488223110158,0.124111712764112,-0.0571602898824999
Q19.26.014.1A.03.05,-0.447849415202629,-0.767387138144104,1.86030557403845,1.06972057035674,-0.212235892272033,0.762457320397134,-1.37698676093392,-2.21568717356139,1.83661422617012,-0.0542937107001954,-0.844708026163562,0.106529864361086,-0.127742956542757,0.531343411758368,-0.127769546849614,0.492371318811555,0.0973738078250293,-0.0279837330382091
Q19.26.019.11.03.01,-2.20265374156609,-0.897011335982532,-1.95088493111807,0.438752991912053,-0.18517402996864,-2.28186063920716,0.775415218030517,1.75995396779102,-1.51766309162698,-0.976044766597911,-0.154663736035828,0.831099202251796,0.24948328899825,0.371740638690171,0.199399917336626,0.0384770268805223,-0.304092115231799,-0.0812162180313288
Q20.26.003.11.03.01,-0.137471961651476,0.765780213044732,2.69983435013724,0.117937947459098,-0.270526613638556,0.605762746115828,0.580839620287927,0.464245577193543,0.0841230793894936,1.05277171342807,0.675372890962722,0.371187156536509,0.224181310997608,-0.024221269233759,-0.210914163747802,-0.054045000727083,0.481061820085133,-0.047392520427802
Q20.26.003.11.03.03,-0.501724338015777,1.01889305316316,-1.12138864678739,-2.00414841851045,1.42230372116966,-1.10661713195244,1.57736824394377,-0.0473647706129945,1.28389337949546,-0.0600206899895343,0.397345386066441,-0.176153427765301,0.352890602278019,0.670032078979339,0.386955185048973,-0.0386530257968063,-0.501561025863314,0.0290032795748198
Q20.26.009.12.01.03,-0.35481048407788,-0.716842741684014,1.76519532777168,1.39260594256491,0.409183165928296,0.204116580517989,-1.26903200082704,-0.212116155578712,-0.21019120555459,-0.221319670665659,-0.810427186091971,-0.440449934898864,-0.494336896574824,0.269466527937903,0.0548774313117754,0.143523818384207,0.115807284598535,0.0671925883547547
Q21.26.009.12.01.04,-0.821046711628834,-0.0452978367248727,3.62085841970132,-1.87960229024757,-1.3888532080881,1.88857584622217,1.57577170912539,-0.789793744171204,1.11187656960861,0.0432519523490947,0.022210571784897,-0.359222299323826,0.24234888048451,-0.121119804624337,-0.636197988543582,-0.255561098799833,-0.530650234305531,-0.171369295882968
Q21.26.009.12.01.05,3.53461603164333,4.46710456332691,1.5148411474421,-0.196120339377668,2.33361917591734,0.0765255279212152,-0.0196139372803182,-0.0879878635394391,-0.5411600284382,0.614473353090681,0.572946430920577,0.00345923426906688,-0.00605890269096379,-0.477632392387601,0.136302445865316,-0.338521639279506,-0.249945036540944,0.0393474827734453
Q21.26.009.12.02.02,0.503501596227637,0.0944801166816818,-0.0406214402139969,0.446417959930969,1.94075141229669,-2.06435558495135,1.58672866522323,-0.599832619229555,-0.723579517430379,1.21033053277937,0.302827398007259,-0.0680025495599702,-0.140216676204633,-0.444080033501885,0.451116647071005,-0.0603425849486034,-0.234255244209106,0.0241899779620077
Q21.26.009.12.02.03,1.43492271392149,-0.808462966459222,0.379596120399565,0.205792096096505,0.592343912813982,-0.786318316286531,0.256534417419502,0.00484673920810234,-0.449515326368363,1.10585477494815,-0.723270795698861,0.418731099956517,-0.456053526454679,-0.103761806242647,-0.295061977334019,-0.00789340226192008,0.0188200679964609,0.06161160223831
Q21.26.013.12.02.03,-0.0633153201761029,-1.34837342781662,0.393834925147232,0.237184042249896,-1.2999011679963,0.604816410599019,1.99721326227004,1.41905925744864,0.545733146468367,-0.360203127208014,0.341539061621623,0.126319454928155,-0.567326888005907,-0.330306246875846,0.309857252698643,-0.122231426984221,-0.286004271968979,0.05439983113498
Q21.26.019.13.01.02,2.38978500799673,0.19512311299536,-1.68510767664973,-0.999118461818895,-0.042843922939058,-1.33366801761675,-0.58170475086321,-1.53720226209351,0.0983533209220276,-0.542233994814772,-0.176914638002744,-1.70619889943629,-0.367281562611322,0.870822001992504,-0.0337899571775111,-0.483496630572551,0.0633020913923252,-0.0473414538380194
Q21.26.021.14.03.06,-0.795602452682602,2.01796805774491,0.806334683608262,0.600337767428952,-1.75354369850882,-2.25935287378801,0.295841976098418,1.10191232413925,1.28164093042052,-0.789449247138054,-1.14338072612319,-1.15078851166723,-0.0430852904526569,0.182187956047186,0.615584870630082,-0.178383326268112,-0.00884471582205463,0.0526457230824141
Q21.26.021.14.07.01,-2.98941227011829,4.21865551541939,-0.504558113805645,4.07614298757492,-1.38656543892937,1.14905749232609,1.04521410592812,0.205810854003734,-0.400434262931777,-0.188365316853266,-0.411644413896939,0.30166315834203,-0.491874387356761,-0.361017624659081,0.609979482327695,-0.387734245485589,0.383888295870643,0.00604537028123386
Q21.26.021.14.07.03,0.680972910675569,1.18264984619471,-1.14866415469283,0.173652457767378,-1.59955673272518,-0.662177799349214,0.132926626963725,-0.0513722255388583,-0.474629936267855,0.0607160957730254,1.41647078437773,-0.535092231353742,-0.809756278744216,-0.87581090694128,-0.500566598190877,0.102084593604917,0.131209014233303,-0.0608969530943834
Q21.26.021.14.07.08,2.94000054602535,-0.471950493127384,-1.32533429689901,-0.465218771937521,-1.12524216396644,0.305716491698131,0.357710873431009,0.607804285633408,-0.255470943154249,-0.899018586697089,0.665746284016258,0.434855639116813,-0.196024627526173,0.0478836624564612,-0.167185683095794,0.160727571919578,0.230449033816219,-0.0646864481562973
Q21.26.023.13.03.04,0.480367457745171,2.32872724108507,0.436540131291461,0.294474961343024,0.682451460306364,-0.164789262162321,-0.67024332070904,-0.50560151461605,-2.2956061899675,0.158577452950083,-0.439525827573172,-0.113947162992168,0.321616547298165,0.754895820034707,-0.456134838877785,-0.380952265492402,0.00996796394644605,-0.0426526644226159
QM22.26.003.14.02.06,-0.667970899632517,0.205786940551833,1.32815528404175,1.88393149591366,-1.2616292150393,0.207857869823135,0.0849678125511865,0.624014058289826,0.059280079511695,1.18914777096416,0.247182355433884,-0.11048531078515,0.0430407138394332,-0.207962807147989,0.00961518435581617,-0.235941803145821,-0.0636900541032401,0.0815113412335075
QM22.26.003.14.03.04,1.25404133149924,0.714076855425442,0.113797667362747,0.136482029449246,0.97322172250382,-0.769648304590401,-0.926646571795685,-0.676996266434442,-0.117512450402556,0.546584340102633,-0.113281658921413,0.57024048736946,-0.634015863777731,-0.269174409149932,0.0290633781613306,0.255185397294335,0.258282600488286,0.0593532104794717
QM22.26.003.14.07.09,-0.581072096114409,-0.986212843015502,1.56928625029825,-0.036402268626276,1.35775622971576,-1.03519245187771,1.5236154511221,0.150391853604071,0.414675957043597,1.02765254524141,-0.447919543593757,0.358332157792607,0.154744862429612,-0.260850306102605,-0.328346042255495,0.138532460867574,0.191412328984779,-0.104137137575325
QM22.26.003.14.55.04,-0.418096725937429,-3.74464746778533,-0.881663901439962,0.253798910557419,0.257588438868067,1.16457243663005,-0.491339400968375,0.0468718121462988,-1.33111202278168,0.711099481968035,-0.0344797023703248,-1.1454249328438,-0.240989236369483,-0.0411224614349384,-0.364463944374211,-0.245429829931861,-0.284242238078466,-0.0616842263611619
QM22.26.030.14.02A.03,1.08513080382096,0.703580208152291,1.82714169005281,1.20407902229848,1.11981948925399,-0.201514017416288,-1.70988491539874,-1.57831173407256,0.79702780166497,-0.653702561895742,-0.369812357594689,-0.582945959368642,1.03794065345195,-0.717349505781304,1.5643871881495,0.617010515522427,-0.0759424930058769,-0.0782239220864081
QM22.26.031.14.02.06,0.0115120951172747,-1.05726167014134,-2.11672920283148,-0.245039515991477,-0.149666653186112,-1.25748020573811,0.315868653650514,-1.79825660149419,-0.143692501486924,-1.67673374383053,0.0979981289293357,-0.222973498806145,0.393242769984072,-0.732998399570569,-0.256393981880646,-0.344654338068943,0.305835964131438,-0.0734692769152573
QM22.26.031.14.03A.03,0.193140560385734,-0.612241830013995,-0.6644761077963,1.00806014949109,-0.693632503785012,1.17704935249711,0.122522891759042,0.0478507882795,-0.664577412710845,0.188470021126028,-1.60287766798884,0.522544699018167,-0.696445489429311,-0.294021449397293,-0.422523294859202,-0.233906526682664,-0.312133488254164,-0.0289222675014541
QM22.26.031.14.04A.07,-3.9445343435953,-0.306555688742035,-1.25034908486637,0.539580393730936,1.7167796308171,0.851960349971808,-0.319190800099517,0.807394045231895,1.57117177724114,-0.48726064939598,0.505598021797081,0.0304293450588894,-0.702650910525367,-0.034778035725304,0.149957841905282,0.385428396607263,-0.183418256302802,0.0429362641473275
QM22.26.031.14.04A.08,-1.76467614382204,-3.26917737418344,-0.436930931149061,0.408983351448872,-0.289365595446199,-1.64506470664561,0.328078629122279,-1.05261070060011,0.336861169809237,0.557236741241379,-0.431551423827634,0.356338327308874,-0.420650087946064,1.13635598009429,0.181655451367758,-0.380463899459134,-0.167095932401228,0.0528346072258615
QM22.26.031.14.55A.04,-0.280414956229047,1.28094596131463,0.934922305536226,-0.297697783106222,-0.498467998779517,-1.52512761380841,2.51315765807646,1.08842103237506,0.676181129339172,-0.78797088251035,0.678168028350534,0.675828274179826,0.361232451640869,-0.00663484782344909,-0.115963903915444,0.0868008745611927,0.000881883852619361,-0.019337958165055
QM22.26.031.14.55A.05,0.629881286154218,-0.19730333681009,-2.23947745458853,-0.178421686412535,-0.92293582062263,-0.530561627535219,-1.36922880736897,0.532083116885697,-0.514433905233598,1.63674283641471,-0.642766939804524,-0.203413717416888,-0.0282233957499018,-0.384061370699089,1.10758903026091,0.309497475687867,-0.0787483456903455,-0.0170065406856597
QM24.26.011.14v.02A.04,0.514939997776238,4.2828440196313,-1.8302157298351,1.31997344954827,-0.147519779068729,0.898548442292108,1.19197823561081,0.230192079763708,0.197845562335591,0.440075276193606,-0.183183845887022,0.173261924633858,-0.0826696128695088,-0.446942156643012,0.278899196337941,-0.137075516514285,-0.204082727641523,-0.0177949377102454
QM25.26.006.14v.03A.03,-0.552606040522785,0.0155288039397491,-0.921793841362548,-1.09358888436147,-1.39249039244681,-1.11865150123062,0.0604681606695802,-0.0167099475963838,1.28400494474472,-0.134293737017208,0.287905639570458,-0.299986413841254,0.640166687527875,0.522804171340939,-0.434405472991046,-0.0895665985572869,-0.318958757109752,0.0819511195204561
QN21.26.029.14.02.01,-1.2400143386794,1.29595945748987,0.534250608771442,-0.644856848183434,-0.715082058531455,-3.47452688750785,0.976762492455294,-0.0918993842025313,-1.17069655277502,0.0203224886947917,0.564915336246247,0.403948540564672,0.258339050188424,0.100384836559451,0.201561330760568,0.41898445255417,0.214624110592575,0.0403841699545371
QN22.26.002.14.04.10,-3.74154391745719,2.24790487256452,-0.710340529665615,-2.29390377818058,2.12898727148249,0.709834519859022,0.408040034494978,-0.210836752659458,0.73545279863275,-0.92888910654266,-0.187269559628964,-0.215609375685446,-0.463104185140415,0.222574296380129,0.419240025117877,-0.334705829240327,-0.036526254932961,0.0599587717812701
QN22.26.009.14.3B.02,-1.10295506651219,-0.496248466865491,-0.412891284831474,-1.41291018786584,3.28833839781802,0.774935460460821,-0.410879603425767,1.20477873106247,-0.750612704670452,0.495798620239675,-0.825066918177775,1.3170383977308,-0.080417255775063,-0.620743725999976,-0.012690244334267,-0.315737313759468,-0.195729966881175,0.0411900018852713
QN22.26.009.14.3B.03,1.4151864809784,-0.955035611448376,0.149976756900367,-0.937426146234851,1.52458930962413,1.63123449780432,-0.544080139017605,0.386037070183284,-0.629314083238663,-0.825719510370486,0.462766032658031,-0.0172066013742097,0.503154769806904,-0.42961760073496,-0.110339302226463,-0.730916184102396,0.332010008454105,0.0474072294803822
QN22.26.009.14.3B.05,0.211592176579973,0.0639057425945584,-2.60132107133573,0.0939589744991958,-0.0443704865634477,-0.10002381997388,-0.274462646129583,1.29818698818279,-0.401580762739735,0.888379109478633,0.645381592358972,-0.377742268365895,-0.0482601962013941,-0.819820931761917,0.259055229589861,0.352604509340417,0.203215336037638,-0.0449248821576812
QN22.26.009.14.4A.04,1.29907304955228,1.73082501969934,1.3064141595402,0.578448863429101,1.6751677514493,1.05107160761549,-0.583381388353118,-0.807852954347449,-1.16727987024581,0.283269617288524,0.644901169129856,0.00725804043228479,0.450537823558928,0.414685410605107,-0.254133853405837,0.384202369335511,-0.125161732968002,0.0497135743766114
QN22.26.009.14.4A.05,2.10331722794318,2.42871975557455,-1.52662796571503,0.167464422658473,-3.16823856156387,-0.545404152306002,-0.873250166164054,-2.04615143606841,0.373677140330942,1.87690952710196,0.53707554734183,0.618461035201513,0.547170499631046,0.128365663711987,0.0523432610627946,-0.424233325704558,-0.439763881594466,-0.0057844577110631
QN22.26.010.14.04.05,0.338813113865206,-1.68840717492426,0.316659629144303,0.345800627214129,-0.877367657220979,1.08794074157686,0.465829673343563,0.653861039734107,-2.27352270580228,0.637360755617528,0.235585735945937,0.658577040557053,0.0892907059659351,0.424403693823947,1.6240970837986,0.572243964271393,-0.375994408575351,-0.0714289471165862
QN22.26.010.14.07.01,0.0993524528513818,-1.24085425453145,-1.03514958261965,-1.33820033002179,0.937672866823079,-0.792078244756245,-0.517390563178619,1.08522414470021,0.401177521878035,-0.279454965013793,0.198486185902616,0.603746660485922,0.141172012271427,0.526490573902141,0.391801515556428,-0.0196994361657386,-0.384955317329065,0.0422647284829173
QN22.26.010.14.52.01,1.66629011279744,-1.78719518501568,-2.79268555800895,0.139552860101082,2.63920570455154,1.5083563812355,-0.718394371990244,0.309427288769302,-0.0736135291380007,-0.782087884428717,0.542671029669083,-0.246911319113771,0.119895832418408,0.0810959033140498,0.305690719811672,-0.160445514407799,0.0667310370637914,-0.0792804168571043
QN22.26.011.14.3A.07,-2.20819673875565,1.50807165698241,-2.21831781784471,-0.854136883536412,-1.06787283486139,0.408640529823996,2.06584868542554,-0.257028116909902,0.273066454903169,-0.305983762490141,0.30977577692012,0.244764359706698,0.333611370118227,-0.555814242540038,-0.808962284826488,0.474394828932934,0.142373724503381,-0.0442661852055349
QN22.26.011.14.4B.01,0.696908833456791,-0.0111332583139296,-2.31152041785241,0.592730182483088,-1.30900513735155,-0.27678029126914,0.298677984615946,0.27198459852523,0.581341803813039,0.276523907402826,0.192983701859503,-0.218227457619005,-0.75253368468001,-0.298618033366565,-0.373933542720798,0.0709730410234504,0.293076107359813,-0.0343104379809984
QN22.26.011.14.5A.02,2.38570479908764,-0.215532955065556,-2.26842998726392,-1.17546332537738,0.252727597577634,-0.182520075866535,0.362831493441573,0.477955554583868,-0.0150296865608333,0.0287049192542862,0.0606513280580307,-1.45447900631877,-0.0828772923194167,0.0413241475118599,0.248972414851805,-0.116415284080356,0.636981638158261,-0.0398384610128726
QN22.26.011.14.5A.04,2.2370374106849,2.40641004766771,-0.948371644910285,0.531069132599529,-1.58508942058817,-0.435855799899979,0.431134246137106,0.00075522827278246,-0.261836115070135,-1.06018243508135,-0.0304306736678752,0.221402317448919,0.146401209318851,0.243850075843361,0.173686817990586,0.430987853616908,-0.03610209357643,-0.0378956602681599
QN22.26.011.14.5A.05,3.00593546937282,0.572068116983006,-0.0466713532248913,0.914820446770252,0.71312016850273,-0.104615532203406,-1.66285903727459,2.02316791726295,0.849811952645323,-1.07437108035137,0.376527548155591,-1.22471947836184,0.255374808790095,-0.0614060319049852,-0.537422828179239,0.438447428328844,-0.0983088728026699,0.0653869319572256
QN22.26.011.14.6A.01,-5.27368460752062,2.34455457361772,-3.20218198918071,-1.04482943398558,0.207605151223579,-0.612255474984524,0.455048305003614,-0.384757558194939,0.554887351307623,-0.985621825497619,-0.0937937695499698,-0.297743454450516,0.177409968238962,0.966598126057583,0.441751360096661,0.103038854067137,0.340363662064196,-0.0298458589337125
QN22.26.011.14.6A.05,1.07774786105841,-1.01385454368254,-0.0463280888535907,-1.11150312785358,-1.72943863108028,-0.680773149259666,-1.01500706152695,-1.47299224600005,0.451217795576953,0.566974178520645,0.682799348548974,-0.382363102980722,-0.924352628789725,-1.19340491562454,-0.0880336892407537,-0.0612788492335472,0.240607127679382,0.0607232386800721
QN22.26.011.14.6A.09,2.6768600583679,1.45209888941307,1.19344304293098,-0.746579035716866,-0.367312973910209,-1.7317057064381,0.724406665028632,0.112727783699262,0.634766957148785,-0.130913482509013,0.575579810977595,-0.942411602053767,-0.819407765999481,-0.215855101751428,0.0244533744502631,-0.139258680871617,-0.128091129422884,0.0200455614261195
QN22.26.011.14.6B.02,-1.9847684892641,-0.938989251977784,1.64257986761065,-0.929618296962789,-1.22393535082981,-0.0189476549599879,-0.556056334659375,-1.15445432928121,-0.611599844319533,0.195990777597165,0.824822251151123,1.01883631769188,-0.51605683928182,0.410450036784393,0.598991695968314,0.468879772487127,0.0843384403141661,0.0439335360295657
QN22.26.014.14.4A.06,-0.492695870398343,-2.39901683618745,0.610713453632122,1.82691147684084,-0.503867212039514,-1.5316173165158,-1.35599966029774,1.36318568287941,-0.233043332191704,-0.566423378294172,0.548290165300683,-0.754074331891747,0.132680093688806,-0.0659104454763407,0.0476384445304849,-0.327042657333234,-0.00780987503220788,0.047958271806293
QN22.26.014.14.5B.01,0.0880652519989925,-2.71026570263518,0.473540992341276,0.590509124898473,0.947586621844723,-1.64637560088549,-0.0704123250523322,0.405181861617421,-0.276634781477589,0.0339989768061495,0.0338246805083846,-0.506377764086293,0.83249764997625,-0.366351024112899,-0.0797051309636027,0.160418658109325,0.222967822198738,0.0168842006984455
QN22.26.015.14.02A.05,2.08567541141147,0.533934334873522,-0.188826108192472,1.59680951743064,0.382708366524056,0.560241322939371,-4.00703665445489,0.766923398173972,1.68362108955052,-0.685584799077772,-0.256031675887817,1.36230697562045,0.559725804865777,-0.482427575706113,-0.331355004211213,-0.305219438896702,-0.22852221475841,0.0383263428619337
QN22.26.015.14.02A.08,-2.26163056209057,-0.86779022885408,2.10200689808663,-0.507689102056293,0.72684568655113,-1.78046243114711,-1.35153796119158,1.12066088403713,1.20336773327647,1.17470510337036,-1.13482115723899,0.365813930027336,-0.070363607953639,-0.185851120622873,-0.140148631611441,0.3031799116272,0.379067652047514,-0.418246796515575
QN22.26.015.14.04A.05,0.988371422081298,0.364099248506043,1.45601233076819,-0.0849878562015001,-0.777939582661757,1.21634144853637,1.78721629918746,0.922960764244634,-0.110313829484369,-0.328574932935027,-0.23839743414351,0.506707934705561,0.0481610167472613,-0.121784735577059,-0.573601602123838,-0.0655500681742146,0.277877930213005,0.0746574079050325
QN22.26.015.14.05A.06,-1.00418493665818,0.174031704436019,-0.0846231056390873,0.591802250509663,1.62474181229156,-1.7111776621915,-0.243992619516767,1.34133542369635,-0.151953621540029,1.28519406965155,-0.836538811517589,-0.441116071199285,0.00734819113627736,0.363431490332519,-0.321675420015813,0.148742316295716,0.214810176889319,0.0688591785660599
QN22.26.016.14.04A.02,2.56765248605667,-1.24211402681264,1.16113317648476,-0.295757009394012,-0.864839554542906,0.908937106345039,0.595938525508191,-0.269573269746262,-0.226627442774456,0.332954944864802,-0.574774970687248,0.464749214520237,0.870584317083207,0.858347496564853,-0.499833261131824,0.256476313802187,-0.0539312564043878,0.0804082398088791
QN22.26.016.14.04A.03,2.85960665161914,-2.05091280133056,0.288522051792731,-0.0938968612971197,-0.814353681169726,-1.11791294967224,-0.80472695055827,1.28143359380466,0.827699977531019,-0.128882910675767,-0.618921094108067,0.00971708440112337,-0.284935165103926,0.693423445308434,-0.265966253580329,0.0937478643669579,0.196536233378667,0.0661087443059033
QN22.26.016.14.04A.04,1.76331570286974,-2.75779085025401,-2.74977888560642,-0.944695369559725,-1.28839206617791,1.93264132508115,-1.57417209022988,0.519288918498312,0.5414678182986,0.340959154757044,1.42481241694652,-1.18447856280179,0.519433298075309,-0.67551754619631,0.0522861045780667,0.314901781417399,0.0483896982371877,-0.0383041666180863
QN22.26.016.14.07.01,1.85832735951514,2.62717798773117,-1.07319659384269,-2.08323115821565,-2.03806269539438,-0.754239541027147,0.128798916948432,1.12269577262856,-0.914919321927737,0.0304773491049594,0.144222442757772,0.547816391933409,0.566179493629836,0.312151420533043,-0.645658165003433,0.110987903466857,-0.243042165765876,-0.0347884892550163
QN22.26.017.14.01A.01,-2.5760747235261,-2.08228916770838,1.87792516515041,0.741467571961449,-1.7886454890695,-0.751541406286123,-1.27083227888791,-0.731150522729421,-0.414012916360003,-0.417902557212254,0.154364746039774,-0.292099748272792,0.333475098366896,0.369404779138911,-0.661790565785243,-0.26074092839848,-0.019411288613621,0.0619706449913422
QN22.26.017.14.01A.03,-5.02118006908288,1.30445004785223,-2.79268413394137,3.61676597077837,-1.96656970300745,0.592404507916818,0.00252715127514408,1.40237780197938,0.495233477263505,0.413639480027834,-0.655668388198274,0.491619376878354,0.986447440543988,0.490147416668026,-0.27916799697648,-0.377747501477424,0.323980893670991,0.0346449053804854
QN22.26.019.14.01A.03,0.641585215773784,1.12638405233513,-0.857436437259118,0.763543619242527,0.622069742703611,-1.57251365112066,0.117929534207897,-0.492460855536521,-1.27186961116325,-1.04649404031095,0.388783311801393,-0.329113908607901,-0.585067654086806,-0.00190295823227721,-0.139361705697069,-0.357896400936038,-0.339880584215728,-0.0871945253712898
QN22.26.019.14.51A.01,3.14215575297613,-1.12542339115052,-2.43175147798453,-0.138359896186499,0.0925863742942033,0.662855307503178,0.135893505952014,-0.585162189106661,0.472714315976671,0.642033233477455,-0.642837922247297,-0.34586110292608,-0.132401337082741,-0.375489052627477,0.314336644761651,-0.515139035529486,-0.224176589151167,-0.0391795611177798
QN22.26.020.14.02.05,-1.03984042631446,-2.32645148928953,-1.3064318563012,-0.335867316868387,-1.38893385150903,1.39967380095161,2.07586627114201,0.839659709351875,-0.658128416006622,0.503985938018524,-1.14318290820202,-0.161252573635134,0.417863033290852,-0.575087107898583,-0.337882947466429,0.34332382665117,-0.15247966668938,-0.0325833666047279
QN22.26.020.14.03.04,-0.132345157343138,-1.13071870841742,-2.42038970267729,-1.01561643868683,-0.497041608290343,-0.725319279458644,-0.337355756532539,-0.621849691954396,0.00558983032469531,-0.974888785111528,-0.159460659345867,0.29142366904813,0.674530671368469,0.450612908376441,-0.594171980710868,0.346199837025789,-0.360880180074511,-0.0614846786516581
QN22.26.020.14.04.05,-0.194810701663786,0.759551796593862,2.23637267056025,-1.35268583856815,0.494899275669601,0.326332628966771,1.77861850617013,0.168537545569849,-0.698198986005628,-0.455884141554548,0.0294598124061968,-0.146299036261598,0.197242828577912,-0.508573668690047,0.186043050331996,-0.266147411283118,0.184827047920644,0.0176986036686768
QN22.26.020.14.07B.01,0.103260554686552,-0.153621263484779,1.34054717469278,-0.261205646069965,1.215157853091,-0.781458212029297,1.4862365761282,0.200161383897504,0.552733729926403,0.632342252840384,-0.48447872974669,-0.406469215354233,-0.441763562343673,1.22642181244968,0.243545077573214,-0.131983696520716,0.262209958981186,0.000256093665699629
QN22.26.020.14.08B.02,2.47020797562907,-0.345436986238994,2.86051359662487,0.105423778776581,-0.780537602911582,0.347318518252679,-0.58665232103876,1.75090740472088,-0.230138212904024,-0.386121468546301,-1.3482314378536,-0.102864729184582,-0.399978327737147,0.349191021408278,0.375398447635512,-0.188615984165781,0.177723080800872,0.0322420585933914
QN22.26.020.14.52B.02,4.32674162337275,0.449885757624195,-2.11916516733022,2.45412890343791,-0.62584794193762,-0.0920094863714052,-1.60453325646006,-0.368836492037075,0.473662775886984,-0.190853164965657,-0.579386653978187,1.31329642129113,0.45694267966785,0.339201759053972,-0.110042733220479,-0.26540890256093,0.51061229537365,-0.0130819609971838
QN22.26.023.14.05A.01,0.10978223705698,0.790316667024162,-0.8442802289145,-1.94239312465921,-0.828636460865196,1.10399770284673,-1.41276768304735,1.00753439320649,-1.09403040221235,-0.0622864387359101,-0.207050423211344,1.09631044549735,-0.181268301106034,0.70316819701857,-0.116221438482601,-0.0792833551240146,0.067682250538817,-0.0357017285522276
QN22.26.023.14.05A.03,-1.53533430516614,0.445957717163803,1.68692156648988,-1.47971592794956,-1.51189647550294,-0.469732913894253,-1.48514151054771,-2.01641099879309,-0.257049740207146,-0.500477997087972,0.791901449383835,0.731647688401086,-0.296939743520891,0.415756921100203,-0.712491000910096,0.325821977876397,0.00450294531984544,0.0537091471307119
QN22.26.023.14.06A.02,2.09966879238659,-1.05494088995171,-1.32641462592905,-0.189928991175346,0.029150392552364,0.702596908313681,2.46399789087757,-1.41965028605616,1.454208441357,-0.518140492809225,-0.952818365504544,0.936605154478051,-0.264309128737932,-0.0149353207128801,0.516719086507714,0.198234015492472,0.165381892481086,0.039889677595981
QN22.26.023.14.06A.03,2.82440147773222,-2.57243995957896,-0.440031491160795,1.3074815142044,0.367472310572178,0.438053704348775,2.41050145872148,-2.07162366206212,0.214027675194103,-0.260145417703871,-1.55558705154928,0.77771941456052,0.186959881542292,-0.244910915079423,0.456840391769934,-0.380891713543922,-0.00759462357901461,0.0195919965777496
QN22.26.025.14.03A.01,0.480120152268048,-0.543542591751413,-0.394192100967492,-0.251807336096657,-0.282423799287218,-1.38717871004594,0.532238282055394,-0.704739191203509,-0.00663848260013527,0.967060962427073,1.2353809748875,0.290955845250379,-1.21473174472516,-0.512221868179035,-0.289371676062978,0.0223093554553403,0.288557022750354,0.0239272975797865
QN22.26.025.14.06A.01,2.65987883678364,-2.47188087348636,-2.39870308674137,-0.28410256457167,-1.42260344876559,0.611686757077473,0.183913124001841,0.916341962164329,0.373810660448714,0.768386608208342,-0.40425851692804,0.451972644128152,0.20246863764132,0.592627279172191,0.0468964241399535,-0.0681128526258625,-0.398138231669203,-0.0358984456128536
QN22.26.025.14.06A.02,0.841515223645669,-1.76021165805118,0.183678424217607,-0.197139933667426,-0.975370117080404,-2.61040517538192,1.31514273344361,-0.368317913167333,0.427064313949074,-0.413294431304722,-0.232263044271148,0.34591843068597,0.275297992567091,-0.847051556345935,-0.244028161687232,0.117971591387357,0.184184153097534,0.0321804732393256
QN22.26.025.14.06A.05,-1.09350785243024,-1.15926045756151,1.68412166104703,0.407920897480334,-2.04426325539613,-0.632911489409243,0.00613034573992477,0.147601704835024,-0.0044434636998401,-1.11637277463389,-0.229511521734794,0.29055551996243,-0.472559774158071,-0.511396568368463,0.328738721148515,0.206480989641913,-0.349505801133549,0.0457776841505168
QN22.26.027.14.04.03,1.44073166611637,1.38421576690543,1.13657361330583,1.35978397640117,-0.766053775087884,-1.45330749848017,-0.00647586339804747,-0.0364170781106909,0.0406087794919809,-0.0582197449411454,0.396442526404803,0.0882339400110109,-0.946932608055726,0.368431102555747,0.404123212717792,-0.305686350895575,-0.0980943501590651,0.0612353759356886
QN22.26.028.14.02.03,-0.742515207273339,-0.719491775309581,-0.187816669349009,-0.0885983977991664,1.10681065969672,-0.30497072469348,1.27826357257206,0.141330378937616,-0.491742500882315,0.319313875772813,-0.25453697584137,-0.923454779354405,0.437937698879755,0.0715440218914258,-0.225564586268437,0.183119611161999,0.0709519485112924,0.0568755183196965
QN22.26.028.14.02.04,-0.566057300752816,-0.642131485624958,0.0966643095602832,0.569706309230966,1.41994639217861,-0.364177252054166,-1.02346954508817,0.0915699051917531,-0.879246034471052,-1.51104686279348,0.0716531547111949,0.570780050553113,0.382168446845764,-1.29948903264851,0.00984469718391631,0.133704409283643,-0.0823931128037576,0.0334026834771332
QN22.26.028.14.05.05,-1.85149594799742,-0.0662297422803237,0.300677422035058,-1.14230328128844,0.14009116888481,2.90681132845966,-0.117446177731785,0.24567235959172,-1.59390515660173,0.359613733197441,-0.174409359827974,-0.743604821573803,-0.641983060392064,0.481956512524675,-0.0664808358957883,-0.12761736331657,-0.0806721852028408,-0.0409934060590169
QN22.26.036.14.01B.02,-2.46565274230659,-1.21757961134174,-1.08091897355784,-0.40626878362371,0.798045286701701,0.808907168526859,0.409236823862526,1.4070572998371,1.32259832637715,0.823815772229254,-0.478764237330368,-0.365976118437842,-0.245877814218941,-0.378734043186221,-0.394462644911633,-0.0454542679448859,-0.172544322829712,0.0709444349494167
QN22.26.036.14.01B.03,-1.79228709356291,0.698821174124226,-0.0266760351358583,2.29593020453694,0.606160219872727,-0.42019864318307,-2.18426029203864,1.27615259346499,1.15410939258871,-0.507862476963448,0.6825159720526,0.682996772038101,-0.381458752227548,-0.476866143433457,0.491884427977225,0.0904473973530583,-0.0278103136814368,0.00952103411983754
QN22.26.036.14.01B.06,-0.616911904326489,-0.908204937867148,0.6488717152925,-0.476671636822013,1.30987757132106,-0.642206030690223,-0.960056199223691,0.293461626847154,-0.646082739287852,-0.140871015461086,0.32998148404146,0.388114686664754,-0.851215439345638,0.28618982500018,0.0153579166211779,-0.0699204080238984,-0.144008237949429,0.0302274749916297
QN22.26.036.14.04B.01,0.15941105621447,-0.235905615055624,-0.575782766359887,-2.09252762104651,-0.17950316354916,0.810554050797275,-1.20758378395474,-0.323926227001758,0.666785618368221,1.67256693213068,0.4263424754056,1.37541031445789,0.352361462238649,0.390781235069968,0.348321378638852,-0.24885646951096,0.416074337804206,0.0861029175776202
QN22.26.036.14.04B.03,1.06652188196015,-1.65806238792956,1.54567374831311,-0.595198160191975,0.433300039232115,-0.567594989680341,-0.356091791183457,0.0190073369524469,0.591782584845501,0.281343021773911,0.710725640315577,0.442432266693023,0.581447887881351,-0.112833325046737,0.332568789970996,-0.0806882228219997,0.0238180177677892,-0.110701145381625
QN22.26.036.14.04B.06,-0.0701413733738796,0.553586100695093,-1.53947774954229,0.962296196092788,2.53025743387611,-0.758980419967283,-0.13397779838488,-0.0899308064356277,0.0358702907866415,-0.35913760573984,0.745312070900454,0.0543586844988545,0.0675926065513542,-0.588488621051385,-0.284074114734299,0.175982852470272,-0.104759926996493,0.022856482108006
QN22.26.036.14.04B.07,0.325362843397702,1.64586525154163,3.19056391962751,0.667301939351138,-0.636590791674242,-0.486905670184541,0.542763056176401,0.878595491459022,-0.279423521034404,-1.74428693480305,1.26435114308452,0.412947191380244,0.277686070054908,0.022411611922966,0.427454312536831,-0.594910044629853,-0.257754320642407,-0.0853533783795991
QN22.26.036.14.05B.04,-4.31755463512293,-1.96374797463013,-0.118619371748121,1.93344314213438,1.07819371550291,0.0971991113363778,-0.432417615527788,-1.66026212202529,-0.422805143081961,-1.27111814130291,0.408996744961593,-0.447137390478675,0.6035202151302,-0.393776480549543,-0.280486624528736,0.00447470344204035,-0.207519212852171,0.0381342636609825
QN22.26.036.14.06A.06,-3.97822508345741,-2.01265679548591,0.648068511065279,3.42692214089915,0.321681917034598,0.889380882417938,0.0128635748796103,-0.658906762844324,-0.0738938174537598,0.0667310288193714,0.442881796722137,-0.149007077517391,0.595227730778544,0.474084744108015,-0.220224630611927,-0.0663234788353117,0.058262971880752,0.0727077721689413
QN22.26.036.14.06B.02,-2.51454637131291,-0.935387429264758,-1.10258671636066,0.0475137862099431,0.740250538770753,0.895904988734815,0.375054112375574,1.21238574138476,1.4618088606467,0.691247329077826,-0.479002359589035,-0.296347252171175,-0.0289887289816569,-0.368033814967031,-0.677333547247232,0.0818019351882521,-0.196137949893667,0.075190056577366
QN22.26.036.14.07A.04,1.47520168020067,-0.511275250424423,0.115477011767576,0.267500366066457,1.64028806092803,1.73204968917123,-0.566047796561834,-1.84999894902636,-0.00988737308149211,-0.385392057832238,0.466261510422788,1.31460458094997,-0.822768746417682,-0.523647537241567,-0.395889898783318,0.0964823249746581,-0.088176031944382,0.0120607017258672
QN22.26.036.14.51A.02,1.0779117490265,-1.25775572162853,-0.108471748356839,-2.20610009486437,-1.57119169132376,1.49236938041061,0.651908568899153,0.597655418552786,0.0488236137080705,0.48681416983688,1.82830388569883,-0.348248784911121,0.857461858283412,-0.099084686302813,0.272549320153246,-0.0554497880896886,-0.0938639390545523,0.0552490779544708
QN22.26.037.14.03A.02,2.41198280833715,1.10793755694696,1.3323168832837,-0.3815491864445,0.96382471282639,2.2530357973584,0.853299168074008,0.79227526693045,0.334260260670635,-1.75328133185265,-0.805094774416475,0.25140435969593,-0.65110489663069,-0.137090372109427,-0.173862550966077,0.412657944134086,-0.231389106360003,0.0579070690048678
QN23.26.003.14.07A.02,0.64476607823565,-0.837608560352311,0.0400589159552291,0.855055109543149,2.00630534900285,0.114198922838758,0.902153093611699,-1.43874785129707,-0.0236800324701112,-0.356371766214413,0.144629609183054,0.585397292914548,0.779451542867407,0.0382985845028147,-0.186736664337543,-0.164403486990812,0.465304619188783,0.0436044968764394
QN23.26.008.14.02.02,0.294208119223939,1.34784479785272,-0.807045894040521,0.641560555344153,-0.152002286344716,-0.406204420682288,-0.83421826769166,-0.470781586805202,-1.08038212303854,0.438994723067649,-0.0495714992766594,-0.401950535956368,-0.433400980167626,-0.129109792751205,0.054101416059608,0.225921927799232,0.160497124876588,-0.0404175102818837
QN23.26.008.14.03.02,0.543109304984689,-1.14485347885368,2.07284096616469,-1.04865094653439,-0.450053555960155,-0.0740582688629944,-0.132709552927474,-0.0959998566459382,0.634693402140571,-0.264104898537965,-1.61860911007598,-0.585240568536445,0.138270523955482,-1.08448955501668,-0.292506903199657,-0.0857405951496945,-0.210533964186749,-0.0383577263899405
QN23.26.008.14.03.03,1.36965187927418,0.29086497348488,0.106370291122098,0.185807142647251,0.867879712765123,-0.200860803846122,-0.393051149696198,-1.07728853506257,-0.139081997920402,0.507248837674423,-0.746364324627184,-1.28785288394392,0.0857842092668307,-0.0245515672378955,1.01709989729889,0.638989859234146,0.0782276425887809,0.0778786184063416
QN23.26.008.14.06B.01,-0.0286939520697819,0.312741670352075,-0.669087759601533,0.760949636793461,0.654375451590432,-0.329448374405097,0.315659193133178,-1.14932740593427,0.109829141247528,0.803397365244042,0.317135098923461,0.050802520276023,0.0265955062371374,-0.355059762529981,-0.119948040151014,-0.192870576680459,-0.411958117146526,0.0473085550099504
QN23.26.010.14.02A.01,-0.0807590645765871,-0.935089059584519,-0.925051637028087,2.79742938453686,-2.30251502117171,1.58911965181063,-0.233134984314284,-0.937825214211191,0.0439660830562337,0.320663715255265,0.375625539590722,-0.323563060760686,0.596212493875422,0.385645363173511,0.555057362309728,0.101759585682068,0.0890227758775256,-0.0102763936255597
QN23.26.010.14.03A.05,-3.12419769366906,-1.22195554263357,2.48872127815954,-0.0617783849530662,0.200830881380489,-0.0432092853926037,-0.621127500716741,0.145438572952912,0.52664850181193,0.232716400021736,0.215251449443535,0.584440478487224,-0.165681835397847,-0.0963820667222658,-0.0217574484416291,0.309299557731468,-0.091223475210989,-0.189745238566681
QN23.26.016.14.03A.04,-0.0763608787268391,0.522364339073523,0.428755542176718,0.785606117436254,0.307797740915583,-1.21306399902268,1.15026856137498,0.251449329753527,-0.677810282014911,0.303991414605137,-0.742016320931106,-0.211720363362693,0.0467990924993876,-0.762252062832501,-0.081286634671848,-0.143910962291493,-0.227064513808777,0.064593455437964
QN23.26.016.14.03A.05,-1.01293814656174,-1.03495125625566,3.02715716721934,-0.336343654369659,-0.831804711074358,1.35180183913937,-0.439702434719595,-0.387491762172058,-0.852075910918131,0.587310223390042,-0.851667288032021,-0.576720455963833,-0.60666649063402,-0.243512269224782,-0.58946455861884,0.0769611438811682,0.35189874851443,0.0766324508974279
QN23.26.016.14.09A.03,0.0179362046035759,1.39761643390865,-0.654386419178637,1.89308862072084,-1.43496681916675,1.51063374844563,-0.480299010599872,-0.698318511088334,0.350032290672938,0.336562157981831,0.36738700802987,-1.00083646900989,-0.947716446299182,1.08656642613503,-0.132046130873029,0.19373703612094,-0.183489693795424,-0.015254395226674
QN23.26.016.14.09A.04,0.756834603332511,1.82829411289418,2.45622564158408,0.772762779979646,1.0469597169042,2.01045670674325,0.281750428545091,1.29113215804199,0.496430717156565,0.715733496172276,1.53939824410607,-0.716469860653895,0.0117148395108227,0.323553016077123,-0.295689226462157,-0.164949815725312,0.194784654852671,-0.0506646647894709
QN23.26.017.14v.02A.05,2.13989879080651,0.217607364498755,1.82129379627333,-0.597041622092273,-0.458183281154927,0.42904509353488,-0.619237234887368,0.632388456727076,-0.852795637289389,-0.963023041647791,0.772630849107977,0.429785300272713,0.498831326326188,0.238125329344079,-0.491509549518225,0.787031862516766,0.132808217357983,0.0497807239720213
QN23.26.017.14v.05A.03,-0.426173840032805,1.27128871642812,1.75679125940547,-4.72614368006866,-1.84457417319258,-0.0518658561917123,-1.3842944171743,0.350915830203974,0.112838467903236,0.101929797664622,-1.69526331801165,-0.290234392032593,0.663334478940463,-0.281055869314426,1.00791981666939,-0.261348655156092,0.282470123132759,0.0618088684434637
QN23.26.017.14v.05A.05,0.526701601928123,0.307917485937306,-0.544303112968513,-1.11842647493518,0.802523401138975,1.2959983716093,-0.316312328802824,-0.884222678804703,-1.30604242220102,-0.0261314937880561,-0.901777072004015,-0.130357859602173,0.71477640263879,0.642250927254292,-0.369763394757875,0.0510951695821481,-0.203286099193611,-0.0420401269292783
QN23.26.017.14v.05A.06,0.969308513070324,3.36668357177545,1.69629330812172,0.637401103670558,1.52446203561299,0.0262714553333156,-1.11874936335211,-0.487346796873073,1.06558876952304,1.0291757308327,-0.0851925091943094,-1.30479181494045,0.273699095388794,0.656614257347299,-0.416464319555813,0.291930791719766,-0.405451135124471,-0.0257320226067308
QN23.26.018.14.04A.02,0.565961972420023,0.575634296724882,1.30052989246061,-0.468863568499278,0.217029298564467,-0.548703985035311,-1.31748531944379,1.19835917061726,-1.09951118159515,0.602443636432321,-0.483491908221046,0.0322310949304959,0.511996086287841,-0.926414707674332,0.250524573660865,-0.162977349375435,-0.0529114933329848,0.0665417934184488
QN24.26.003.14.01.02,-3.63045872238736,1.26044296784597,-1.61208885048917,-3.66799397143532,0.142069751611345,0.443604437624659,-1.81073715267099,-0.811239881758479,-0.978808977991977,-1.37226489293249,-0.595611098097577,-0.139581250859733,0.163587551726154,-0.344526426292564,0.268745107906195,-0.409609662058824,0.326479627677248,-0.0385593365433149
QN24.26.003.14.01.03,-2.95208434562014,2.09601890231125,0.69709836747171,-1.55164901847367,1.41722295987015,-0.948528320830909,-1.08670541137683,-0.184165891349217,-0.50370934254763,0.465562942651712,-0.141774213647616,0.224932963458783,0.383716314076439,0.925664617801504,-0.192401484819898,0.088763783659755,0.0863893819456142,0.059246200381935
QN24.26.003.14.07.01,-0.0370872306776208,2.32053556306324,-1.05799365125907,1.38807816606107,-0.775733123303058,-0.642761006983474,0.855873719456941,0.144940384017024,-1.03587512236773,0.812293131686466,-0.262396445558852,0.122083377768188,0.593862655462678,-0.318227788121525,-0.693756877835239,0.303559312882022,0.103376780905466,-0.0249810064080481
QN24.26.003.41.05.01A.02,-0.523665411046151,-2.69537158747295,1.58470767549682,0.577834886198876,0.457075024703284,1.40435131105452,1.15506892374935,0.43041428896283,-1.54462797717371,0.58928098427493,1.39267494193269,0.0233418522215023,-0.378119247375211,0.532686918332352,0.722715530261896,-0.0334285589834357,0.138868932261501,0.0200999680063413
QN24.26.003.41.06.01B.02,1.96373291394001,-0.863851190574021,-1.78171121596922,0.607203363004581,2.60136073913586,0.0544040306026833,1.7840587081537,-0.864827799760248,-0.183279304792319,-0.258945553191092,-0.081167870945566,0.308172494282594,-1.09591399582863,0.670249918839691,-0.19094366609311,0.189889981092927,0.339765234917298,-0.097635607779229
QN24.26.005.14d.02.01A.02,0.841773633587422,0.667054063917908,0.148558599161722,-0.775356273879862,0.103966471979938,1.33724017596539,0.21173298324275,-0.140211924260038,2.00931984012101,-0.595370129321763,0.635422077991965,0.589846673702064,0.761737240286334,0.47802253964275,0.523659048135654,0.0242710824988506,0.129253410178642,0.0144437697922027
QN24.26.010.14v.03A.05,-2.00889216851023,0.611643613588628,0.70882970074159,-1.61966646913355,-0.987376232014249,1.98680175300682,1.52454119210905,0.247834641265183,0.555746497173628,-0.142885029681956,0.738693040320759,0.0699090570144458,-0.333285433877811,-0.148426445051607,0.367044506557938,0.0141124590130591,0.330994518251515,0.0722305032360707
QN24.26.010.41.02.03,-1.04487750352852,-2.69039850109323,-0.626488775196319,-0.652865495340556,0.378821583467873,-1.75024022075325,0.0174888348537565,0.0287345084931026,0.0966368075494383,-0.00724913051824994,0.57612303659256,0.314049953834307,-0.998729657615492,0.670601791991817,0.346993763617436,0.203764017987801,-0.409811634783484,0.0165462691516405
QN24.26.012.14V.03A.02,-0.113092518091524,0.532335380461183,-0.355297806403299,-0.298588594363702,1.90174788167835,-1.02483233260517,0.864984069893989,-0.758017436696595,-0.376633588102778,1.00875892687981,0.168159715316144,-0.633601601968143,1.76500272499956,0.00579444956149926,-0.553281920290689,0.116004203565042,0.00482597871489692,0.0620028518679644
QN24.26.012.14V.05A.03,-2.234108268697,2.06856407787463,-0.557781444922736,0.675607673963451,-0.400237494638384,2.84778646619675,1.12178768560524,-0.840628075075885,-0.379722963238834,-0.785043787266212,-0.686697653592149,-0.775186382575506,0.277206500041906,-0.50626093726523,0.618078728125593,0.494040555173086,-0.0962254633618351,-0.0178087961830222
QN24.26.012.14V.06A.04,-3.25032151197634,-1.53238791288824,0.359932182293904,-2.29527643035743,-1.67444778176123,-0.349981877112814,-0.971640783321985,-1.28074901497414,0.375605529692559,-0.254820968719561,0.424385481542246,-0.462439125894018,-0.603197597240284,-0.657479436997681,-0.19277927594874,-0.262253988433684,0.0308513741106439,0.0632141223459182
QN24.26.012.14V.07A.01,-1.77521754781769,1.24987540670662,-3.58235134541227,-1.31574864536823,1.32478579997376,0.961344849888123,-1.6107527362541,0.586829389380639,0.529212465368142,0.921212677374504,0.533034196454734,0.376756533183469,-0.717539251127903,0.0423778016394497,-0.0362135964595343,-0.389322206468764,-0.0289866172593883,-0.0403126638284447
QN24.26.013.14v.01A.02,-1.68691835823542,0.201983554324418,3.22482712573737,1.38284722773549,-0.40520356681329,-0.0912389587018281,-0.0249340917790556,-1.03083175238005,0.312155482305521,0.918064364484616,0.623029368662771,0.071985312187069,0.50233361569096,-0.38738160457968,0.226343568700924,-0.810464416253367,-0.203120751996392,-0.173071398409663
QN24.26.013.14v.01A.03,-0.122485245681351,3.39252905072104,-0.286845702963656,-0.417004760949684,-1.0653912889115,0.254097791351161,-1.03486989952763,-0.45027550380259,-0.544700074657807,-0.396567665862531,-1.41914908636385,0.27450561764059,-1.38962989286593,-0.268183496351932,-0.730291803250534,0.396094537993973,-0.240686759521552,-0.019806894414111
