feature,PC1,PC2,PC3,PC4,PC5,PC6,PC7,PC8,PC9,PC10,PC11,PC12,PC13,PC14,PC15,PC16,PC17,PC18
basal_dendrite_bias_dorsal,0.0248138359710357,-0.23783667020775,-0.111853467624494,-0.579944515808818,0.127635976807643,0.150681874229095,-0.208226555563314,-0.0599748654874826,-0.0481046088414778,-0.0130371991123154,-0.157915583403648,-0.0211941902338755,0.565997668216056,0.386174677036849,-0.0992644633921071,0.0128432543308967,0.0246474517652716,0.00626346441332658
basal_dendrite_bias_medial,-0.0763470536623871,0.27614434375051,-0.204574356216977,-0.0547792060993564,0.102241463370219,0.357878038700702,0.387011208480442,0.092282719471158,0.273587499022971,0.624946744714878,0.0833654525618361,-0.113405199104597,-0.073993379328183,0.260693853957242,-0.0328690965791286,0.127243696209114,0.0162946014756933,0.00692605851809905
basal_dendrite_calculate_number_of_stems,0.210857802679965,-0.142373810341471,-0.0564522572238681,-0.0639776253542485,0.313822988100323,-0.0936885121851165,0.416243615651926,-0.591046466638411,-0.0440645278307311,0.000228979269193894,0.40586824093722,-0.0956403524755971,0.198259509226666,-0.26508267720619,0.0470678806439516,-0.0886770586443486,-0.0495142670453604,-0.014402924474858
basal_dendrite_extent_dorsal,0.398961783058931,0.132748750616653,0.192024756025271,-0.0407888722866754,0.131295648609821,0.0318561976921882,0.103792934983109,0.056201146842051,0.0943172023758915,-0.361630227699552,-0.098975458173143,-0.592670934313644,-0.196840647240072,0.19803678574937,-0.310170146694435,0.222195114798334,-0.167960352677173,-0.00251137936681293
basal_dendrite_extent_medial,0.449980468358982,0.0753331676346529,-0.0820428783769055,0.0467145740515837,0.0093014015900652,-0.0886692997360302,-0.1926389764918,0.134360696788437,-0.0517268060777492,0.193059549024901,0.229631899584962,0.462391123815828,0.101959210340035,-0.123155920222046,-0.422616167039336,0.384414195757865,-0.247605983370225,-0.00913117219645535
basal_dendrite_max_branch_order,-0.0242236292597866,-0.393663043288738,0.00255375022787457,0.210124660108531,-0.17050168450062,0.392047464020538,-0.109724854047994,0.330288079095274,-0.0912823301028351,0.111087850396211,0.283288661996373,-0.414973225745176,0.255627177676901,-0.35977448220518,-0.137320771491241,-0.00441496148315138,0.0978079055357249,0.00528294382856693
basal_dendrite_max_euclidean_distance,0.416719748294425,0.325852959848921,-0.0727426261650125,-0.0608362177605803,-0.0529671930530529,0.0902284671853516,-0.0777676348137863,0.121547599034445,0.0597410524697613,0.0509490010305916,-0.0449144113997986,0.0152655159447975,0.0681818596330803,-0.096890486584611,-0.130721711094466,-0.799157494359255,0.0336893368539232,0.00872562217001565
basal_dendrite_max_path_distance,0.354216663114228,0.313078399210305,-0.0414385337539207,0.022896751633797,-0.137553078346317,0.210369659232006,-0.261053449916163,-0.121791371956165,0.0625433171618744,0.00365987872063653,-0.0728465370605069,-0.11830469747702,0.199140779041996,-0.157297814644044,0.676697711692616,0.284720089431047,-0.0381283114884518,0.00680807156962169
basal_dendrite_mean_contraction,0.193070875231831,-0.0268142322978451,0.0325844315950215,-0.186943797492137,0.203551143272865,-0.260990214027649,0.436615745750224,0.613304077605118,-0.346813165882343,-0.0204869644638443,-0.0156993317868893,0.0472641478672086,0.0902981521293148,-0.0461212922248007,0.308293295912954,0.0519285583899059,0.135794910185743,-0.00536369907640113
basal_dendrite_mean_diameter,0.0744101282639003,-0.0602337803061633,-0.00915400353648943,-0.283412504443314,-0.616087729078599,-0.145948283840086,0.0879417146540164,0.0587286015397786,0.186726962390403,-0.14870739416936,0.575520221815044,0.00773989944149894,-0.106375690817496,0.288249054690912,0.121001633042081,-0.0296808234270051,0.0126944711431232,-0.00545116919107923
basal_dendrite_num_branches,0.198307158667512,-0.486138564007799,0.0363602086146077,0.220199169613084,0.00882094355004338,0.232572118605516,0.13468141551121,0.0492160968310354,0.0431755397223221,0.0231298981221741,-0.132730890230466,0.171074209829594,-0.113201887599654,0.253638940113527,0.254426467010537,-0.18728999239276,-0.611134926673563,-0.00884764916664078
basal_dendrite_soma_percentile_dorsal,-0.0512899948012789,0.220684131052655,0.0918296983150741,0.582978821378135,-0.1677633340205,-0.170901194761506,0.195857356472158,-0.0311584314528721,-0.0891043619317667,-0.0708715973853338,0.0087821321965335,-0.0215414909646956,0.581898972475854,0.38262160529658,-0.0686747230588542,-0.0186655853847667,0.00764124030538151,0.0074762947120207
basal_dendrite_soma_percentile_medial,0.185149145440062,-0.165054391577893,0.259090533354243,0.0314155808577833,-0.0447190701805952,-0.405445021268599,-0.281138822527323,-0.147712291950052,-0.277057829067242,0.601433450647003,-0.0112571178316918,-0.298856040717208,-0.145827182897039,0.200465758967177,0.0665414847352269,-0.066752039889067,0.0696107181796339,0.00351332599071483
basal_dendrite_stem_exit_MedialLateral,0.0454141437928177,-0.0795422885403316,-0.615241097976858,0.0994485526806033,-0.0323775223587064,-0.184213037395755,-0.0328285211435119,-0.000472168312065292,-0.0591275128448667,-0.0453760755260869,-0.0629955611243835,-0.142821342069678,-0.0705165692694207,0.0333573970085016,-0.0024992435297044,0.0150183670663232,-0.0220791454252154,0.728294074244013
basal_dendrite_stem_exit_dorsal,-0.0108549196180327,0.1606149435118,0.409303669110876,-0.105230191148227,-0.119921830577819,0.438634071921434,0.10763035919724,-0.155484191484301,-0.521176421830847,-0.0278271203286144,0.0749705622357095,0.172554472589719,-0.109665742941835,0.071798258834676,-0.0586070621983968,0.0107006242430141,0.041290793717076,0.47192242269263
basal_dendrite_stem_exit_ventral,-0.053951671211761,-0.048801599085749,0.514330783792117,-0.0511989984833103,0.182011365398167,-0.162247904921028,-0.043365877304235,0.143864129073699,0.574158230473566,0.0777077985747228,0.0524723548417901,0.0582314153580862,0.19172343592653,-0.123884350171489,0.0607651016354975,-0.0238878085131489,-0.0367045107007111,0.495947826135212
basal_dendrite_total_length,0.384121177781417,-0.30700503712701,0.00339220102645134,0.232463760930675,0.0842571633676774,0.168218861604256,0.0265583373591982,-0.0805404013988384,0.19564909385172,-0.0816615805936922,-0.0631636139928778,0.225942805723886,-0.137667672655852,0.210366933184196,0.0111268159572073,0.0636218358891573,0.702946006230868,0.00779247211015308
soma_surface_area,0.126648805152936,-0.138063378522181,0.0566092301789039,-0.148704747844885,-0.547514709854459,-0.0860823521651859,0.387728058070669,-0.149934376657796,0.093495298719845,0.144635403287977,-0.536336790920819,0.00967450138604359,0.105859233034225,-0.304438023770507,-0.165395595032945,0.10237226285759,0.0183500373776461,0.010595706921455
