MSN_unique_ID,E_Holding.MP..mV.,E_Input.resistance..MOhm.,E_Membrane.time.constant..ms.,E_Rheobase..pA.,E_Sag.ratio,E_Sag.time..s.,E_AP.threshold..mV.,E_AP.amplitude..mV.,E_AP.width..ms.,E_Upstroke.to.downstroke.ratio,E_Afterhyperpolarization..mV.,E_Max.number.of.APs,E_Latency..ms.,E_Latency....20pA.current..ms.,E_ISI.adaptation.index,E_ISI.coefficient.of.variation,E_AP.amplitude.adaptation.index,E_AP.coefficient.of.variation,GC_E,tSNE_2,tSNE_1,HC_E,HC_GC_consensus,HC_GC_consensus_E,True_E,Predicted_E,Correct,Outer_fold,Prediction_confidence,P_E1,P_E2,P_E3,P_E4,P_E5
A10161_Batch4,-75.77651504,303.4319196,14.61900254,120.0,1.047742248,0.0611,-34.75952148,74.76806641,2.3,3.069359214,-11.4440918,6,355.0,242.3,1.232954545,0.207302075,0.849917763,0.266075535,E2,5.40153386776646,-7.59699152611495,E2,True,E2,E2,E1,False,2,0.4456864350924045,0.4456864350924045,0.444041824480323,0.0887443671495637,0.0044751994081332,0.0170521738695755
A10175_Batch4,-76.50872092,374.4942801,9.980035586,120.0,1.0769262,0.3005,-35.24780273,82.06176758,1.8,3.021014814,-12.9699707,12,281.4,226.6,0.964326812,0.047993329,0.999240122,0.049371164,E2,-7.46866134039981,-0.810328622228751,E2,True,E2,E2,E1,False,4,0.7448934861668383,0.7448934861668383,0.2003526130952284,0.0085623277963065,0.0444999170547176,0.0016916558869089
A10185_Batch4,-72.6035946,577.7413504,10.873757,90.0,1.067053332,0.1572,-27.77099609,71.71630859,2.1,3.449167331,-13.79394531,11,233.4,140.5,0.938291139,0.163363741,0.935803533,0.114468647,E2,0.636153862814247,-6.78710171211172,E2,True,E2,E2,E3,False,4,0.6108153332967513,0.0311501165305925,0.6108153332967513,0.334841759262448,0.0209038367090198,0.0022889542011878
A1182_Batch4,-60.42953626,423.2352121,15.9674375,60.0,1.047328811,0.3036,-29.75463867,84.28955078,2.2,3.824635052,-6.744384766,9,284.6,150.1,1.230263158,0.226360136,0.883771141,0.197733344,E2,8.38659156998243,-1.02119802593207,E2,True,E2,E2,E3,False,2,0.3552549890247408,0.0487320172032518,0.3552549890247408,0.3162361045654899,0.1096438545299106,0.1701330346766067
A1222_Batch4,-79.37858724,476.5973772,16.53732176,70.0,1.090021383,0.1571,-42.90771484,80.13916016,2.2,3.181654925,-7.385253906,9,267.2,165.3,1.05574136,0.181305064,0.924143242,0.086328837,E2,4.09000749777769,1.63010875540447,E2,True,E2,E2,E4,False,1,0.4490477326226886,0.0490754554222914,0.4490477326226886,0.0850385467774686,0.3921936714252284,0.024644593752323
A20256173_Batch7,-75.30813462,411.6385324,9.303810646,120.0,1.080092219,0.1989,-32.5012207,85.60180664,1.7,3.39671209,-11.0168457,13,351.0,212.2,1.020080321,0.101422709,0.99382716,0.073565738,E2,-6.36817039852145,0.44596228217151,E2,True,E2,E2,E1,False,1,0.6214102582606194,0.6214102582606194,0.342176698019966,0.0047745452933387,0.0310112078505653,0.0006272905755103
A2025648_Batch7,-73.48096926,356.1401367,15.03984903,60.0,1.089831973,0.0629,-33.41674805,75.16479492,1.8,2.48081742,-16.23535156,9,479.7,117.2,1.182235835,0.253302147,0.785927029,0.139687413,E2,6.21450678671362,-6.38613481255539,E2,True,E2,E2,E3,False,5,0.9068596848548396,0.0081472957849558,0.0804569280532889,0.9068596848548396,0.0004915468338052,0.0040445444731107
A2025661_Batch7,-73.95898759,621.9482422,24.49469462,20.0,1.145342913,0.2962,-40.37475586,65.79589844,3.0,3.946728975,-10.43701172,3,540.4,129.0,2.822250639,0.476748076,0.772195756,0.176906403,E5,16.2427127881399,-1.8736624229109,E5,True,E5,E5,E3,False,5,0.6038141883927082,0.000122044738449,5.173504125456343e-05,0.6038141883927082,0.0001578180317691,0.395854213795819
A20257161_Batch7,-80.6355013,360.8049665,8.439467695,100.0,1.07456927,0.0601,-41.015625,77.08740234,1.7,3.038144274,-14.43481445,17,366.1,186.3,0.956304619,0.05128228,1.012810248,0.06780844,E1,-12.8727937627946,-3.09796538302749,E1,True,E1,E1,E2,False,4,0.5686494029732833,0.411492435975809,0.5686494029732833,0.0025042879500887,0.0170771832374975,0.0002766898633214
A20257188_Batch7,-66.60919084,368.6523438,11.43503787,90.0,1.057958384,0.0383,-28.07617188,81.26831055,2.0,3.682360541,-5.004882813,13,420.7,194.3,1.069204152,0.153331467,0.952922715,0.120076175,E1,-5.7635795859729,4.14028736563564,E1,True,E1,E1,E2,False,3,0.7139896504021014,0.2540168162102341,0.7139896504021014,0.0093445712383158,0.0172247936400411,0.0054241685093072
A2025788_Batch7,-69.90506767,412.2488839,11.69416854,100.0,1.0730082,0.1271,-29.81567383,85.14404297,1.8,4.278602009,-10.07080078,11,328.5,197.1,1.056360709,0.092481017,0.943287037,0.093152282,E1,-4.88244290915934,3.36399077146198,E1,True,E1,E1,E2,False,4,0.6411004459751928,0.3174909987394307,0.6411004459751928,0.0059940958653113,0.0293150293210518,0.0060994300990135
D2510232_Batch8,-85.08092404,267.5955636,6.919480459,130.0,1.054980903,0.1033,-51.36108398,99.36523438,1.8,3.856170446,-7.8125,14,376.2,189.5,1.040492958,0.083245751,0.989018088,0.044850017,E1,-12.5312224101831,6.46194514219402,E1,True,E1,E1,E4,False,1,0.5387771393528745,0.4579153605295361,0.0026568710146181,0.0001036548169892,0.5387771393528745,0.0005469742859821
D251024_Batch8,-57.70391205,245.8844866,17.3729403,120.0,1.062207328,0.3482,-23.37646484,89.47753906,1.5,3.743996986,-9.094238281,9,171.0,65.2,1.475482912,0.284531833,0.908265802,0.06800051,E5,16.007943287805,6.37543957840267,E5,True,E5,E5,E1,False,1,0.7302703213454731,0.7302703213454731,0.0480799976950418,0.0195254816888099,0.012791980022988,0.1893322192476873
D258143_Batch8,-68.45359046,459.9434989,13.86463318,90.0,1.085946597,0.1209,-31.86035156,85.54077148,1.9,3.19611864,-7.934570313,10,127.7,110.3,0.95148248,0.175545189,0.945090909,0.116570426,E2,4.30344106026448,1.03392498981858,E2,True,E2,E2,E4,False,4,0.6703018825131454,0.0420188643090871,0.6703018825131454,0.0464452918574454,0.2203119300134122,0.0209220313069099
D258181_Batch8,-81.16935352,411.4641462,9.366406844,130.0,1.043796283,0.0531,-39.18457031,87.64648438,1.6,3.646979,-13.51928711,13,274.8,186.7,0.94384058,0.106189911,0.983983287,0.096272009,E2,-6.99939149864033,-0.155379912694988,E2,True,E2,E2,E1,False,2,0.5720013601839249,0.5720013601839249,0.3437818928316461,0.0049687035100288,0.0759252405178727,0.0033228029565273
D258191_Batch8,-78.45896069,405.7094029,13.28635617,90.0,1.114032093,0.1894,-38.57421875,85.14404297,2.2,4.271063844,-12.29858398,12,360.1,239.1,1.037082818,0.182684903,0.958408032,0.100997558,E4,0.556359107015023,2.65496564220338,E4,True,E4,E4,E2,False,3,0.7054894213154124,0.0416025296160549,0.7054894213154124,0.0048597090118493,0.2410809454613634,0.0069673945953201
D259162_Batch8,-78.09998809,391.671317,10.76129349,100.0,1.034744958,0.0812,-40.28320313,92.83447266,1.9,4.430968523,-8.728027344,11,276.3,155.8,1.072751323,0.162922931,0.963827688,0.113593185,E4,-1.86212999350022,5.04319196605133,E4,True,E4,E4,E1,False,4,0.4522625794921735,0.4522625794921735,0.3203186024265027,0.0046472672424789,0.1955794319927243,0.0271921188461207
D25941_Batch8,-79.10396639,317.6443917,13.81325537,110.0,1.068520937,0.2696,-44.25048828,88.95874023,2.1,3.430125149,-4.913330078,11,345.2,176.6,1.0,0.068707605,0.972467709,0.083246763,E4,-1.63251941219614,4.97782242057495,E4,True,E4,E4,E1,False,2,0.3449309055848198,0.3449309055848198,0.3252319790495348,0.0136574481718189,0.2937691712539818,0.0224104959398444
D25958_Batch8,-71.19275564,399.0827288,12.93255352,116.875,1.105849586,0.1603,-25.36010742,69.51904297,2.0,2.742973773,-8.026123047,11,181.3,150.9,1.550420168,0.164205027,0.967535437,0.072666865,E2,5.76382994217659,-6.64517845932097,E2,True,E2,E2,E3,False,2,0.4628587260160614,0.0792812484476733,0.4628587260160614,0.4412395543095079,0.0037750904752024,0.0128453807515547
J2142_Batch6,-79.64081391,371.4425223,9.482679073,120.0,1.053538778,0.1052,-35.70556641,83.0078125,1.9,4.274642322,-10.49804688,11,333.4,176.1,1.09314587,0.146144772,0.938893159,0.123198364,E1,-5.44854400333185,3.41619558197292,E1,True,E1,E1,E2,False,3,0.7247201665034098,0.2236536543120928,0.7247201665034098,0.0050125509333142,0.0407222816241792,0.0058913466270033
J3101_Batch6,-74.14314607,542.2537667,10.85589434,70.0,1.053328537,0.1224,-34.08813477,75.43945313,2.2,2.769689251,-13.76342773,4,162.6,104.8,1.566964286,0.34364163,0.743944637,0.161013876,E3,15.0480539197371,-3.32829453792464,E3,True,E3,E3,E5,False,4,0.4585945941759352,0.0423467698223129,0.1540527454003625,0.3258588313026847,0.0191470592987047,0.4585945941759352
J5165_Batch6,-68.38268974,351.3009208,12.729269,60.0,1.052032433,0.1995,-35.09521484,80.81054688,1.6,3.441690587,-12.08496094,13,414.3,151.5,0.979978925,0.034086978,0.962739532,0.034485922,E2,-7.06501678680607,0.334856547071087,E2,True,E2,E2,E1,False,1,0.9379114711926936,0.9379114711926936,0.0503925657846255,0.0037466745880321,0.0078140216381674,0.0001352667964812
J5192_Batch6,-71.76536746,571.9866071,24.21883655,40.0,1.10022661,0.1243,-35.98022461,79.86450195,2.4,4.503329023,-8.148193359,9,344.2,164.6,1.132330827,0.057292808,0.9048583,0.076972629,E2,4.63147569754783,2.49572020544416,E2,True,E2,E2,E4,False,3,0.4906217829843929,0.0411748172351855,0.3884639624352773,0.0644148752704076,0.4906217829843929,0.0153245620747365
J5222_Batch6,-75.67607646,337.5244141,8.981133659,50.47619048,1.095259649,0.1646,-45.50170898,81.66503906,1.9,2.965793703,-7.293701172,13,403.4,115.1,1.11311054,0.126459532,0.92294159,0.124562522,E4,1.09475305863588,2.96024481944044,E4,True,E4,E4,E2,False,5,0.8784251270022783,0.0261997771314749,0.8784251270022783,0.0067417074749441,0.0788411831912181,0.0097922052000848
J5233_Batch6,-60.07443804,504.4119699,20.19614758,50.0,1.052624857,0.1482,-29.0222168,81.45141602,2.0,5.353525546,-11.9934082,12,269.6,155.8,1.01955105,0.101633652,0.955755531,0.13235943,E2,5.01472977762254,2.14623635544647,E2,True,E2,E2,E4,False,4,0.6357968804294257,0.0322478431266792,0.6357968804294257,0.0164151989321357,0.3073548419197939,0.008185235591965
M1273_Batch5,-61.10017247,565.7087054,18.7127531,50.0,1.069981721,0.0875,-31.40258789,75.65307617,2.3,3.680102523,-8.697509766,11,147.7,114.1,0.903125,0.053782589,0.95236189,0.070130972,E2,5.94406667948651,1.14505412482378,E2,True,E2,E2,E4,False,3,0.5066008139140048,0.0402179848403919,0.5066008139140048,0.1504752800826894,0.2954233354815802,0.0072825856813332
M1274_Batch5,-71.51913309,316.5980748,10.05255962,91.57894737,1.034813377,0.0545,-36.52954102,85.51025391,2.0,3.443310493,-6.744384766,17,585.3,274.3,0.928677563,0.141583498,0.985315712,0.132762104,E2,-6.91593883811294,0.484569530077488,E2,True,E2,E2,E1,False,1,0.923995160291266,0.923995160291266,0.0485405168448987,0.0027325800073049,0.0236934578178813,0.0010382850386493
M3111_Batch5,-55.42814719,710.1876395,21.88877311,30.0,1.062802825,0.5543,-36.62109375,78.70483398,2.6,2.584590023,-10.25390625,4,83.1,49.6,1.132323232,0.224172315,0.770510836,0.172986311,E5,15.4728887421778,-1.33326107117437,E5,True,E5,E5,E3,False,4,0.5422040679642491,0.0004823405412496,0.0158813709282568,0.5422040679642491,0.0026856434307048,0.4387465771355393
M3273_Batch5,-75.0103968,388.2707868,10.86475969,90.0,1.052087992,0.0503,-35.21728516,82.79418945,1.7,3.379544139,-14.25170898,12,295.8,150.0,0.954301075,0.051234343,0.990504018,0.061637533,E2,-7.45363463770368,-0.994582886871193,E2,True,E2,E2,E1,False,3,0.5629225331728345,0.5629225331728345,0.4208322432501472,0.0035847770049093,0.01202485870774,0.000635587864369
M4116_Batch5,-75.56639139,547.6597377,16.9138186,40.0,1.09067699,0.1033,-40.40527344,80.29174805,2.0,3.718333614,-9.979248047,10,434.3,156.2,0.98682284,0.089530485,0.89105818,0.085203216,E2,5.31493479417656,2.57831034284164,E2,True,E2,E2,E4,False,4,0.5654238191778181,0.0209858542606277,0.5654238191778181,0.0180593232033971,0.392640122009503,0.0028908813486536
M4172_Batch5,-80.10850938,420.5322266,12.20123729,70.0,1.095816362,0.1527,-42.05322266,83.25195313,2.0,3.469777626,-12.26806641,11,384.2,190.0,0.802153432,0.079869935,0.946191739,0.068864325,E2,-4.3086222256305,0.12499463668635,E2,True,E2,E2,E4,False,1,0.7985453628138288,0.0490238968500224,0.1463078819636234,0.004878410205169,0.7985453628138288,0.0012444481673565
M421_Batch5,-69.21189133,383.039202,16.74748648,100.0,1.056131124,0.2159,-33.32519531,87.70751953,2.0,3.280402096,-8.361816406,9,233.6,162.0,1.2075,0.138595294,0.94044665,0.086934921,E1,-3.15481649027353,6.98220800755893,E1,True,E1,E1,E2,False,2,0.6724905030541712,0.2041571501418536,0.6724905030541712,0.0300081752985271,0.0339950539947711,0.0593491175106768
M498_Batch5,-85.54499249,519.5835658,14.23376059,110.0,1.068799639,0.1004,-47.27172852,84.56420898,1.9,2.841025219,-8.361816406,9,144.9,121.3,1.176339286,0.243851548,0.894425987,0.180044721,E2,3.88997340630424,2.85109225945156,E2,True,E2,E2,E4,False,3,0.5947279710956263,0.0223131027522385,0.2728034225698889,0.0743530143211142,0.5947279710956263,0.035802489261132
O8244_Batch2,-83.1359331,301.9496373,12.57141119,161.4285714,1.074086622,0.1375,-38.26904297,83.64868164,1.8,2.810756053,-9.674072266,4,248.8,150.2,1.821052632,0.498967862,0.89044201,0.058786992,E1,-7.45200196386002,9.13880763451983,E1,True,E1,E1,E5,False,5,0.5664802785367201,0.3197522513098589,0.0412421631054476,0.0652981979023692,0.0072271091456041,0.5664802785367201
O9242_Batch2,-68.21480302,414.6030971,8.334817182,110.0,1.051420669,0.0698,-28.07617188,87.79907227,1.9,3.43806398,-6.927490234,15,270.4,170.7,0.85767098,0.148679077,0.975103734,0.082119301,E2,-5.84907229475392,-0.0038835485865789,E2,True,E2,E2,E1,False,1,0.5131083719222261,0.5131083719222261,0.380795375896112,0.006235668333745,0.0983778376409504,0.0014827462069663
O9267_Batch2,-63.8099558,436.5757533,14.82998866,60.0,1.091722896,0.2281,-33.29467773,87.64648438,1.9,3.597964185,-3.753662109,12,202.6,114.1,1.009060023,0.184101718,0.941678521,0.092068481,E2,4.03900067353609,3.24843038989495,E2,True,E2,E2,E4,False,3,0.8356844731197033,0.0229501910202286,0.0809250850111721,0.0185733987395208,0.8356844731197033,0.0418668521093753
