cell_label,tSNE1,tSNE2,HC_K4,GC_merged_K4,concordant,cx,cy,display_tSNE1,display_tSNE2
Q19.26.014.11.01.04,4.26782689650943,-2.39325658926778,1,1,TRUE,1.65590101809274,-1.56860576541516,3.22305654514275,-2.06339625972673
Q19.26.014.11.01.05,-2.83631396130699,-0.0609033881572203,2,2,TRUE,-3.77669116747493,-3.76174773798014,-3.21246484377416,-1.54124112808639
Q19.26.014.11.05.01,-6.93403854054234,-5.30286708342032,2,2,TRUE,-3.77669116747493,-3.76174773798014,-5.67109959131537,-4.68641934524425
Q19.26.014.1A.03.05,2.57936342715808,4.09845658216625,3,3,TRUE,5.47702056062466,4.67173537733664,3.73842628054471,4.32776810023441
Q19.26.019.11.03.01,-5.56962794238275,4.69855196396462,4,4,TRUE,-2.7940278699767,7.91014382368891,-4.45938791342033,5.98318870785434
Q20.26.003.11.03.01,5.17786174106981,2.55738460675089,3,3,TRUE,5.47702056062466,4.67173537733664,5.29752526889175,3.40312491498519
Q20.26.003.11.03.03,-0.228552966339478,-3.52071048852992,1,1,TRUE,1.65590101809274,-1.56860576541516,0.52522862743341,-2.73986859928401
Q20.26.009.12.01.03,2.24490369699498,3.89524231637617,3,3,TRUE,5.47702056062466,4.67173537733664,3.53775044244685,4.20583954076036
Q21.26.009.12.01.04,5.57221508945621,5.38304717806188,3,3,TRUE,5.47702056062466,4.67173537733664,5.53413727792359,5.09852245777178
Q21.26.009.12.01.05,3.68640234448744,0.214939844017803,1,1,TRUE,1.65590101809274,-1.56860576541516,2.87420181392956,-0.49847839975538
Q21.26.009.12.02.02,0.0483944348497135,0.607682492185902,1,1,TRUE,1.65590101809274,-1.56860576541516,0.691397068146925,-0.262832810854521
Q21.26.009.12.02.03,-0.82271537234363,-1.31217580509995,1,1,TRUE,1.65590101809274,-1.56860576541516,0.168731183830919,-1.41474778922603
Q21.26.013.12.02.03,-5.16908701611213,-2.43026044725844,2,2,TRUE,-3.77669116747493,-3.76174773798014,-4.61212867665725,-2.96285536354712
Q21.26.019.13.01.02,-4.2909162594136,-8.20623770235832,2,2,TRUE,-3.77669116747493,-3.76174773798014,-4.08522622263813,-6.42844171660705
Q21.26.021.14.03.06,7.98570239283983,2.48878876682833,3,1,FALSE,5.47702056062466,4.67173537733664,6.98222965995376,3.36196741103165
Q21.26.021.14.07.01,-3.29933125105422,8.44058871536756,4,1,FALSE,-2.7940278699767,7.91014382368891,-3.09720989862321,8.2284107586961
Q21.26.021.14.07.03,1.58706623289495,-6.84767769005523,1,1,TRUE,1.65590101809274,-1.56860576541516,1.61460014697407,-4.7360489201992
Q21.26.021.14.07.08,-5.25418297712421,-7.94922112635652,2,2,TRUE,-3.77669116747493,-3.76174773798014,-4.6631862532645,-6.27423177100597
Q21.26.023.13.03.04,3.57198161191573,-1.21747937396531,1,1,TRUE,1.65590101809274,-1.56860576541516,2.80554937438653,-1.35792993054525
QM22.26.003.14.02.06,3.40975045670207,3.69227652083157,3,3,TRUE,5.47702056062466,4.67173537733664,4.2366584982711,4.0840600634336
QM22.26.003.14.03.04,1.84725322964125,-1.80253968390942,1,1,TRUE,1.65590101809274,-1.56860576541516,1.77071234502185,-1.70896611651171
QM22.26.003.14.07.09,-2.7160876801057,1.51169822710983,1,1,TRUE,1.65590101809274,-1.56860576541516,-0.967292200826323,0.279576630099836
QM22.26.003.14.55.04,-7.06476850364315,1.26937705734463,2,2,TRUE,-3.77669116747493,-3.76174773798014,-5.74953756917586,-0.74307286078528
QM22.26.030.14.02A.03,5.25634804060836,-0.46794280340377,1,1,TRUE,1.65590101809274,-1.56860576541516,3.81616923160211,-0.908207988208324
QM22.26.031.14.02.06,-2.76325717755507,-6.19230224077708,2,2,TRUE,-3.77669116747493,-3.76174773798014,-3.16863077352301,-5.22008043965831
QM22.26.031.14.03A.03,-3.6819772215201,-3.35381867986596,2,2,TRUE,-3.77669116747493,-3.76174773798014,-3.71986279990203,-3.51699030311163
QM22.26.031.14.04A.07,-4.9477693269585,6.08910501388001,4,4,TRUE,-2.7940278699767,7.91014382368891,-4.08627274416578,6.81752053780357
QM22.26.031.14.04A.08,-7.50455932733098,1.7402108343979,2,2,TRUE,-3.77669116747493,-3.76174773798014,-6.01341206338856,-0.460572594553317
QM22.26.031.14.55A.04,6.90961608239295,2.36969570270443,3,3,TRUE,5.47702056062466,4.67173537733664,6.33657787368563,3.29051157255731
QM22.26.031.14.55A.05,-2.29222704103197,-7.17295238220023,2,2,TRUE,-3.77669116747493,-3.76174773798014,-2.88601269160915,-5.8084705245122
QM24.26.011.14v.02A.04,4.18060637840088,-6.53400830729253,1,1,TRUE,1.65590101809274,-1.56860576541516,3.17072423427762,-4.54784729054158
QM25.26.006.14v.03A.03,-1.29384689235734,-5.25722969284391,2,2,TRUE,-3.77669116747493,-3.76174773798014,-2.28698460240437,-4.6590369108984
QN21.26.029.14.02.01,7.30168259551403,3.86045325944862,3,3,TRUE,5.47702056062466,4.67173537733664,6.57181778155828,4.18496610660383
QN22.26.002.14.04.10,0.882608981309077,10.5293331889315,4,4,TRUE,-2.7940278699767,7.91014382368891,-0.588045759205235,9.48165744283446
QN22.26.009.14.3B.02,-2.45118529824081,3.5172503379832,1,1,TRUE,1.65590101809274,-1.56860576541516,-0.808350771707389,1.48290789662386
QN22.26.009.14.3B.03,-1.41147341852651,-1.23146665190619,1,1,TRUE,1.65590101809274,-1.56860576541516,-0.184523643878809,-1.36632229730978
QN22.26.009.14.3B.05,-2.04523538270015,-6.80607852946834,2,2,TRUE,-3.77669116747493,-3.76174773798014,-2.73781769661006,-5.58834621287306
QN22.26.009.14.4A.04,4.55314062649039,-0.980243197442427,1,1,TRUE,1.65590101809274,-1.56860576541516,3.39424478313133,-1.21558822463152
QN22.26.009.14.4A.05,2.72238564759243,-8.27380199131799,1,1,TRUE,1.65590101809274,-1.56860576541516,2.29579179579256,-5.59172350095686
QN22.26.010.14.04.05,-5.44928038254353,-2.43506352127199,2,2,TRUE,-3.77669116747493,-3.76174773798014,-4.78024469651609,-2.96573720795525
QN22.26.010.14.07.01,-1.81365049535426,-3.02992837491801,2,2,TRUE,-3.77669116747493,-3.76174773798014,-2.59886676420253,-3.32265612014286
QN22.26.010.14.52.01,-0.282967176353777,4.48662892863691,2,2,TRUE,-3.77669116747493,-3.76174773798014,-1.68045677280224,1.18727826199009
QN22.26.011.14.3A.07,-1.19385831372647,8.61534001069975,4,4,TRUE,-2.7940278699767,7.91014382368891,-1.83392613622656,8.33326153589542
QN22.26.011.14.4B.01,-1.57608735596849,-7.50561575714726,2,2,TRUE,-3.77669116747493,-3.76174773798014,-2.45632888057106,-6.00806854948041
QN22.26.011.14.5A.02,-4.38428880301374,-8.42118563395431,2,2,TRUE,-3.77669116747493,-3.76174773798014,-4.14124974879821,-6.55741047556464
QN22.26.011.14.5A.04,2.82819290337056,-7.8019209271854,1,1,TRUE,1.65590101809274,-1.56860576541516,2.35927614925943,-5.3085948624773
QN22.26.011.14.5A.05,3.19226187405746,-3.16743656272371,1,1,TRUE,1.65590101809274,-1.56860576541516,2.57771753167157,-2.52790424380029
QN22.26.011.14.6A.01,-0.9851971319011,10.2396567400836,4,4,TRUE,-2.7940278699767,7.91014382368891,-1.70872942713134,9.30785157352572
QN22.26.011.14.6A.05,-5.03657217208119,-4.38159048140503,2,2,TRUE,-3.77669116747493,-3.76174773798014,-4.53261977023868,-4.13365338403508
QN22.26.011.14.6A.09,6.1483554631384,-2.70906029920734,1,1,TRUE,1.65590101809274,-1.56860576541516,4.35137368512014,-2.25287848569047
QN22.26.011.14.6B.02,5.72446821257759,6.8915672893658,3,3,TRUE,5.47702056062466,4.67173537733664,5.62548915179642,6.00363452455414
QN22.26.014.14.4A.06,-6.15563955892909,-0.335955588536348,2,2,TRUE,-3.77669116747493,-3.76174773798014,-5.20406020234742,-1.70627244831387
QN22.26.014.14.5B.01,-5.69349654738115,0.82365743539942,2,2,TRUE,-3.77669116747493,-3.76174773798014,-4.92677439541866,-1.01050463395241
QN22.26.015.14.02A.05,2.78733249061385,-3.0351485002135,1,1,TRUE,1.65590101809274,-1.56860576541516,2.33475990160541,-2.44853140629416
QN22.26.015.14.02A.08,3.15818105456555,6.74661686826751,3,3,TRUE,5.47702056062466,4.67173537733664,4.08571685698919,5.91666427189516
QN22.26.015.14.04A.05,6.82445655700416,0.212091132512073,3,2,FALSE,5.47702056062466,4.67173537733664,6.28548215845236,1.9959488304419
QN22.26.015.14.05A.06,-0.588609990588389,2.34826640405175,1,1,TRUE,1.65590101809274,-1.56860576541516,0.309194412884064,0.781517536264988
QN22.26.016.14.04A.02,-7.11605938861193,-4.10139798840068,2,2,TRUE,-3.77669116747493,-3.76174773798014,-5.78031210015713,-3.96553788823247
QN22.26.016.14.04A.03,-7.28367327453037,-4.85075180083255,2,2,TRUE,-3.77669116747493,-3.76174773798014,-5.88088043170819,-4.41515017569159
QN22.26.016.14.04A.04,-7.00027486030712,-8.31793162171831,2,2,TRUE,-3.77669116747493,-3.76174773798014,-5.71084138317424,-6.49545806822304
QN22.26.016.14.07.01,3.24902120693762,-8.84867882626955,1,2,FALSE,1.65590101809274,-1.56860576541516,2.61177313139967,-5.93664960192779
QN22.26.017.14.01A.01,4.5234334906926,7.86267499985232,3,3,TRUE,5.47702056062466,4.67173537733664,4.90486831866542,6.58629915084605
QN22.26.017.14.01A.03,-3.86598470076748,8.54970203084554,4,1,FALSE,-2.7940278699767,7.91014382368891,-3.43720196845117,8.29387874798289
QN22.26.019.14.01A.03,1.97640762083843,-1.0906810435987,1,1,TRUE,1.65590101809274,-1.56860576541516,1.84820497974015,-1.28185093232528
QN22.26.019.14.51A.01,-5.3619808340666,-8.67951979797121,2,2,TRUE,-3.77669116747493,-3.76174773798014,-4.72786496742993,-6.71241097397478
QN22.26.020.14.02.05,-8.02383684002224,0.640059068875603,2,2,TRUE,-3.77669116747493,-3.76174773798014,-6.32497857100331,-1.1206636538667
QN22.26.020.14.03.04,-2.8642867313579,-6.02691824352351,2,2,TRUE,-3.77669116747493,-3.76174773798014,-3.22924850580471,-5.12085004130616
QN22.26.020.14.04.05,5.89999849310021,3.02097195269904,3,3,TRUE,5.47702056062466,4.67173537733664,5.73080732010999,3.68127732255408
QN22.26.020.14.07B.01,-1.94080895554133,0.924758146520271,1,1,TRUE,1.65590101809274,-1.56860576541516,-0.502124966087701,-0.0725874182538995
QN22.26.020.14.08B.02,7.89267453002862,-2.08083851637549,2,2,TRUE,-3.77669116747493,-3.76174773798014,3.2249282510272,-2.75320220501735
QN22.26.020.14.52B.02,-3.62512721911333,-10.4317114558376,2,2,TRUE,-3.77669116747493,-3.76174773798014,-3.68575279845797,-7.76372596869462
QN22.26.023.14.05A.01,-0.708353133729964,-4.88592458995095,2,2,TRUE,-3.77669116747493,-3.76174773798014,-1.93568834722795,-4.43625384916263
QN22.26.023.14.05A.03,6.70495594567874,6.1479644690407,3,3,TRUE,5.47702056062466,4.67173537733664,6.21378179165711,5.55747283235908
QN22.26.023.14.06A.02,-5.05569027584008,-7.42150021690181,2,2,TRUE,-3.77669116747493,-3.76174773798014,-4.54409063249402,-5.95759922533314
QN22.26.023.14.06A.03,-7.5592455996183,-5.86946167199084,2,2,TRUE,-3.77669116747493,-3.76174773798014,-6.04622382676095,-5.02637609838656
QN22.26.025.14.03A.01,-3.00962586437211,-3.51408600218691,2,2,TRUE,-3.77669116747493,-3.76174773798014,-3.31645198561324,-3.6131506965042
QN22.26.025.14.06A.01,-6.71481621724563,-8.18390435342808,2,2,TRUE,-3.77669116747493,-3.76174773798014,-5.53956619733735,-6.41504170724891
QN22.26.025.14.06A.02,-5.53371656116953,-3.17987356016566,2,2,TRUE,-3.77669116747493,-3.76174773798014,-4.83090640369169,-3.41262323129145
QN22.26.025.14.06A.05,4.8045738598064,7.15511660736277,3,3,TRUE,5.47702056062466,4.67173537733664,5.0735525401337,6.16176411535232
QN22.26.027.14.04.03,6.53210612926608,-0.714690852706298,1,1,TRUE,1.65590101809274,-1.56860576541516,4.58162408479675,-1.05625681778984
QN22.26.028.14.02.03,-1.63953488426576,2.29948842847396,1,1,TRUE,1.65590101809274,-1.56860576541516,-0.321360523322359,0.752250750918314
QN22.26.028.14.02.04,-1.15245744977759,1.90045156438004,1,1,TRUE,1.65590101809274,-1.56860576541516,-0.0291140626294573,0.512828632461962
QN22.26.028.14.05.05,6.99930702321853,5.1878433073698,3,4,FALSE,5.47702056062466,4.67173537733664,6.39039243818098,4.98140013535654
QN22.26.036.14.01B.02,-4.91541270278574,4.84740516600181,4,4,TRUE,-2.7940278699767,7.91014382368891,-4.06685876966213,6.07250062907665
QN22.26.036.14.01B.03,-2.08556486677642,6.10024185444464,1,1,TRUE,1.65590101809274,-1.56860576541516,-0.588978512828755,3.03270280650072
QN22.26.036.14.01B.06,-2.25657274502857,1.93068877504049,1,1,TRUE,1.65590101809274,-1.56860576541516,-0.691583239780045,0.530970958858232
QN22.26.036.14.04B.01,-1.24746688967811,-4.24445077408197,2,2,TRUE,-3.77669116747493,-3.76174773798014,-2.25915660079684,-4.05136955964124
QN22.26.036.14.04B.03,-3.56317942992285,-0.577343530422628,2,2,TRUE,-3.77669116747493,-3.76174773798014,-3.64858412494368,-1.85110521344563
QN22.26.036.14.04B.06,0.628041320115108,2.17725803799882,1,1,TRUE,1.65590101809274,-1.56860576541516,1.03918519930616,0.67891251663323
QN22.26.036.14.04B.07,5.09567718639859,1.928655791896,3,3,TRUE,5.47702056062466,4.67173537733664,5.24821453608902,3.02588762607226
QN22.26.036.14.05B.04,-6.08614106480652,6.83531804886871,4,4,TRUE,-2.7940278699767,7.91014382368891,-4.76929578687459,7.26524835879679
QN22.26.036.14.06A.06,-6.31946712457424,7.11631682328644,4,4,TRUE,-2.7940278699767,7.91014382368891,-4.90929142273523,7.43384762344743
QN22.26.036.14.06B.02,-5.0017536724769,5.07032919865766,4,4,TRUE,-2.7940278699767,7.91014382368891,-4.11866335147682,6.20625504867016
QN22.26.036.14.07A.04,-0.351297009384818,-0.679465767087573,1,1,TRUE,1.65590101809274,-1.56860576541516,0.451582201606206,-1.03512176641861
QN22.26.036.14.51A.02,-4.80055475371497,-4.73775599169037,2,2,TRUE,-3.77669116747493,-3.76174773798014,-4.39100931921895,-4.34735269020628
QN22.26.037.14.03A.02,5.18585156382697,-2.38664154713435,1,1,TRUE,1.65590101809274,-1.56860576541516,3.77387134553328,-2.05942723444667
QN23.26.003.14.07A.02,-0.68386821371873,0.410615075446544,1,1,TRUE,1.65590101809274,-1.56860576541516,0.252039479005859,-0.381073260898136
QN23.26.008.14.02.02,2.28928075571961,-4.75528003062526,1,1,TRUE,1.65590101809274,-1.56860576541516,2.03592886066886,-3.48061032454122
QN23.26.008.14.03.02,-3.86875484476827,-0.876840895915229,2,2,TRUE,-3.77669116747493,-3.76174773798014,-3.83192937385093,-2.03080363274119
QN23.26.008.14.03.03,1.0684728465687,-1.56945987615269,1,1,TRUE,1.65590101809274,-1.56860576541516,1.30344411517832,-1.56911823185768
QN23.26.008.14.06B.01,1.1798148311052,0.0318971651292052,1,1,TRUE,1.65590101809274,-1.56860576541516,1.37024930590022,-0.608304007088539
QN23.26.010.14.02A.01,-0.130298918236089,-8.77019803825836,2,1,FALSE,-3.77669116747493,-3.76174773798014,-1.58885581793162,-6.76681791814707
QN23.26.010.14.03A.05,3.34888363095072,7.06025805152191,3,3,TRUE,5.47702056062466,4.67173537733664,4.20013840282029,6.1048489818478
QN23.26.016.14.03A.04,1.91097476816569,0.49433312269324,1,1,TRUE,1.65590101809274,-1.56860576541516,1.80894526813651,-0.330842432550118
QN23.26.016.14.03A.05,4.57322379437722,5.9819881492652,3,3,TRUE,5.47702056062466,4.67173537733664,4.93474250087619,5.45788704049378
QN23.26.016.14.09A.03,2.48094777454467,-6.02365962598144,1,1,TRUE,1.65590101809274,-1.56860576541516,2.1509290719639,-4.24163808175493
QN23.26.016.14.09A.04,4.99354053961933,0.218264048280609,1,1,TRUE,1.65590101809274,-1.56860576541516,3.6584847310087,-0.496483877197697
QN23.26.017.14v.02A.05,7.0467404466378,-2.04221012815429,2,2,TRUE,-3.77669116747493,-3.76174773798014,2.71736780099271,-2.73002517208463
QN23.26.017.14v.05A.03,8.79327566951035,6.05833081551237,3,3,TRUE,5.47702056062466,4.67173537733664,7.46677362595607,5.50369264024208
QN23.26.017.14v.05A.05,-0.196260133203801,-2.87057551155398,1,1,TRUE,1.65590101809274,-1.56860576541516,0.544604327314816,-2.34978761309845
QN23.26.017.14v.05A.06,4.17365197244019,-0.273161004450495,1,1,TRUE,1.65590101809274,-1.56860576541516,3.16655159070121,-0.791338908836359
QN23.26.018.14.04A.02,6.16372729852317,1.02143967141857,3,1,FALSE,5.47702056062466,4.67173537733664,5.88904460336376,2.4815579537858
QN24.26.003.14.01.02,0.101222178138603,10.6412816682316,4,4,TRUE,-2.7940278699767,7.91014382368891,-1.05687784110752,9.54882653041452
QN24.26.003.14.01.03,1.37958999937774,10.4479644293741,4,4,TRUE,-2.7940278699767,7.91014382368891,-0.289857148364037,9.43283618710002
QN24.26.003.14.07.01,3.17543582476909,-5.89947540409438,1,1,TRUE,1.65590101809274,-1.56860576541516,2.56762190209855,-4.16712754862269
QN24.26.003.41.05.01A.02,-5.24539564293982,0.750240481543566,2,2,TRUE,-3.77669116747493,-3.76174773798014,-4.65791385275386,-1.05455480626592
QN24.26.003.41.06.01B.02,-0.195940278020684,4.24645588791851,2,2,TRUE,-3.77669116747493,-3.76174773798014,-1.62824063380238,1.04317443755905
QN24.26.005.14d.02.01A.02,0.988679815575908,-2.76568211756387,1,1,TRUE,1.65590101809274,-1.56860576541516,1.25556829658264,-2.28685157670438
QN24.26.010.14v.03A.05,7.19604554267309,5.78364891008393,3,3,TRUE,5.47702056062466,4.67173537733664,6.50843554985372,5.33888349698501
QN24.26.010.41.02.03,-6.90646482855905,1.92204738048305,2,2,TRUE,-3.77669116747493,-3.76174773798014,-5.6545553641254,-0.351470666902228
QN24.26.012.14V.03A.02,0.0927606794769103,1.3502944547915,1,1,TRUE,1.65590101809274,-1.56860576541516,0.718016814923243,0.182734366708838
QN24.26.012.14V.05A.03,-1.65571873455959,7.5861424859132,4,1,FALSE,-2.7940278699767,7.91014382368891,-2.11104238872644,7.71574302102349
QN24.26.012.14V.06A.04,6.77773246654735,7.78010632510958,3,3,TRUE,5.47702056062466,4.67173537733664,6.25744770417827,6.5367579460004
QN24.26.012.14V.07A.01,-0.433577242482461,8.94512187122757,4,4,TRUE,-2.7940278699767,7.91014382368891,-1.37775749348016,8.53113065221211
QN24.26.013.14v.01A.02,3.67945774723949,4.93702978163362,3,3,TRUE,5.47702056062466,4.67173537733664,4.39848287259356,4.83091201991483
QN24.26.013.14v.01A.03,4.78209795638182,-5.88446117807557,1,1,TRUE,1.65590101809274,-1.56860576541516,3.53161918106619,-4.1581190130114
