"MSN_unique_ID","E_class","RPCA_major_class","Final_Subtype","major_class_agreement","T_identity"
"A10157_Batch4","E3","D1","D1_6","TRUE","D1"
"A10158_Batch4","E2","D2","D2_6","TRUE","D2"
"A10161_Batch4","E2","D1","D1_1","FALSE","Ambiguous"
"A10162_Batch4","E4","D2","D2_4","TRUE","D2"
"A10163_Batch4","E2","D1","D1_1","TRUE","D1"
"A10164_Batch4","E3","D1","D1_6","TRUE","D1"
"A10166_Batch4","E4","D2","D2_5","TRUE","D2"
"A10167_Batch4","E4","D1","D1_6","FALSE","Ambiguous"
"A10174_Batch4","E1","D1","D1_5","TRUE","D1"
"A10175_Batch4","E2","D1","D1_1","TRUE","D1"
"A10177_Batch4","E1","D1","D1_5","TRUE","D1"
"A10181_Batch4","E5","D1","D1_7","TRUE","D1"
"A10184_Batch4","E5","D1","D1_7","TRUE","D1"
"A10185_Batch4","E2","D2","D2_4","TRUE","D2"
"A10186_Batch4","E1","D1","D1_5","TRUE","D1"
"A10231_Batch4","E2","D2","D2_4","TRUE","D2"
"A10232_Batch4","E1","D2","D2_7","TRUE","D2"
"A10243_Batch4","E2","D1","D1_5","TRUE","D1"
"A10252_Batch4","E2","D1","D1_5","TRUE","D1"
"A10292_Batch4","E4","D1","D1_3","TRUE","D1"
"A10293_Batch4","E2","D2","D2_4","TRUE","D2"
"A10295_Batch4","E4","D2","D2_2","TRUE","D2"
"A10305_Batch4","E2","D1","D1_5","TRUE","D1"
"A10313_Batch4","E4","D2","D2_7","TRUE","D2"
"A11114_Batch4","E3","D1","D1_6","TRUE","D1"
"A11121_Batch4","E2","D1","D1_1","TRUE","D1"
"A11135_Batch4","E1","D1","D1_4","TRUE","D1"
"A11156_Batch4","E1","D1","D1_5","TRUE","D1"
"A11181_Batch4","E2","D1","D1_1","TRUE","D1"
"A11184_Batch4","E2","D1","D1_1","TRUE","D1"
"A11186_Batch4","E2","D1","D1_4","TRUE","D1"
"A11254_Batch4","E5","D1","D1_8","TRUE","D1"
"A11255_Batch4","E1","D1","D1_1","TRUE","D1"
"A11274_Batch4","E3","D1","D1_6","TRUE","D1"
"A1174_Batch4","E1","D1","D1_1","TRUE","D1"
"A1176_Batch4","E2","D2","D2_5","TRUE","D2"
"A1182_Batch4","E2","D1","D1_5","TRUE","D1"
"A1222_Batch4","E2","D1","D1_5","TRUE","D1"
"A1225_Batch4","E1","D1","D1_5","TRUE","D1"
"A20256101_Batch7","E2","D2","D2_4","TRUE","D2"
"A20256103_Batch7","E4","D1","D1_3","TRUE","D1"
"A20256106_Batch7","E3","D2","D2_1","TRUE","D2"
"A20256111_Batch7","E5","D1","D1_8","TRUE","D1"
"A20256113_Batch7","E2","D2","D2_4","TRUE","D2"
"A20256114_Batch7","E5","D1","D1_7","TRUE","D1"
"A20256116_Batch7","E2","D2","D2_6","TRUE","D2"
"A20256117_Batch7","E1","D2","D2_3","TRUE","D2"
"A20256118_Batch7","E1","D2","D2_6","TRUE","D2"
"A20256122_Batch7","E2","D2","D2_6","TRUE","D2"
"A20256123_Batch7","E2","D2","D2_4","TRUE","D2"
"A20256124_Batch7","E2","D2","D2_4","TRUE","D2"
"A20256127_Batch7","E3","D2","D2_6","TRUE","D2"
"A20256131_Batch7","E4","D2","D2_3","TRUE","D2"
"A20256162_Batch7","E4","D1","D1_3","TRUE","D1"
"A20256163_Batch7","E2","D2","D2_3","TRUE","D2"
"A20256164_Batch7","E1","D2","D2_4","TRUE","D2"
"A20256165_Batch7","E2","D1","D1_4","FALSE","Ambiguous"
"A20256167_Batch7","E3","D2","D2_8","TRUE","D2"
"A20256171_Batch7","E4","D2","D2_5","TRUE","D2"
"A20256172_Batch7","E2","D2","D2_5","TRUE","D2"
"A20256173_Batch7","E2","D2","D2_3","TRUE","D2"
"A20256176_Batch7","E3","D2","D2_6","TRUE","D2"
"A20256177_Batch7","E2","D2","D2_5","TRUE","D2"
"A20256182_Batch7","E2","D2","D2_5","TRUE","D2"
"A20256183_Batch7","E5","D1","D1_7","TRUE","D1"
"A20256185_Batch7","E1","D2","D2_6","TRUE","D2"
"A20256187_Batch7","E2","D2","D2_5","TRUE","D2"
"A20256201_Batch7","E2","D2","D2_4","TRUE","D2"
"A20256202_Batch7","E5","D2","D2_6","TRUE","D2"
"A20256205_Batch7","E2","D2","D2_4","TRUE","D2"
"A20256206_Batch7","E2","D2","D2_3","TRUE","D2"
"A20256241_Batch7","E3","D2","D2_4","TRUE","D2"
"A20256242_Batch7","E2","D2","D2_3","TRUE","D2"
"A20256247_Batch7","E3","D2","D2_6","TRUE","D2"
"A20256251_Batch7","E2","D2","D2_4","TRUE","D2"
"A20256252_Batch7","E2","D2","D2_4","TRUE","D2"
"A20256254_Batch7","E2","D2","D2_4","TRUE","D2"
"A20256262_Batch7","E4","D2","D2_5","TRUE","D2"
"A20256263_Batch7","E2","D2","D2_4","TRUE","D2"
"A20256264_Batch7","E2","D2","D2_4","TRUE","D2"
"A20256265_Batch7","E2","D2","D2_6","TRUE","D2"
"A20256266_Batch7","E2","D2","D2_4","TRUE","D2"
"A20256267_Batch7","E3","D2","D2_6","TRUE","D2"
"A20256268_Batch7","E3","D2","D2_6","TRUE","D2"
"A20256274_Batch7","E2","D2","D2_5","TRUE","D2"
"A20256275_Batch7","E1","D2","D2_3","TRUE","D2"
"A20256276_Batch7","E3","D2","D2_6","TRUE","D2"
"A20256303_Batch7","E4","D2","D2_2","TRUE","D2"
"A20256304_Batch7","E2","D2","D2_4","TRUE","D2"
"A20256307_Batch7","E1","D2","D2_3","TRUE","D2"
"A20256410_Batch7","E3","D2","D2_6","TRUE","D2"
"A2025644_Batch7","E2","D2","D2_4","TRUE","D2"
"A2025646_Batch7","E4","D2","D2_6","TRUE","D2"
"A2025647_Batch7","E3","D2","D2_6","TRUE","D2"
"A2025648_Batch7","E2","D2","D2_3","TRUE","D2"
"A2025652_Batch7","E2","D2","D2_3","TRUE","D2"
"A2025653_Batch7","E2","D2","D2_3","TRUE","D2"
"A2025654_Batch7","E2","D2","D2_4","TRUE","D2"
"A2025656_Batch7","E2","D1","D1_1","FALSE","Ambiguous"
"A2025661_Batch7","E5","D2","D2_6","TRUE","D2"
"A2025664_Batch7","E4","D1","D1_8","FALSE","Ambiguous"
"A2025666_Batch7","E2","D2","D2_5","TRUE","D2"
"A2025712_Batch7","E2","D2","D2_4","TRUE","D2"
"A20257152_Batch7","E5","D2","D2_6","TRUE","D2"
"A20257155_Batch7","E3","D1","D1_3","TRUE","D1"
"A20257156_Batch7","E1","D2","D2_6","TRUE","D2"
"A20257158_Batch7","E1","D2","D2_5","TRUE","D2"
"A20257161_Batch7","E1","D2","D2_4","TRUE","D2"
"A2025716_Batch7","E1","D2","D2_5","TRUE","D2"
"A20257171_Batch7","E4","D2","D2_2","TRUE","D2"
"A20257172_Batch7","E2","D2","D2_3","TRUE","D2"
"A20257174_Batch7","E2","D2","D2_7","TRUE","D2"
"A20257177_Batch7","E1","D2","D2_4","TRUE","D2"
"A20257178_Batch7","E5","D2","D2_6","TRUE","D2"
"A20257186_Batch7","E1","D2","D2_3","TRUE","D2"
"A20257188_Batch7","E1","D2","D2_6","TRUE","D2"
"A2025731_Batch7","E4","D2","D2_2","TRUE","D2"
"A2025732_Batch7","E1","D2","D2_4","TRUE","D2"
"A2025734_Batch7","E4","D2","D2_4","TRUE","D2"
"A2025735_Batch7","E2","D2","D2_5","TRUE","D2"
"A2025737_Batch7","E4","D2","D2_3","TRUE","D2"
"A2025738_Batch7","E2","D2","D2_6","TRUE","D2"
"A2025781_Batch7","E2","D2","D2_4","TRUE","D2"
"A2025784_Batch7","E4","D1","D1_3","TRUE","D1"
"A2025786_Batch7","E1","D2","D2_3","TRUE","D2"
"A2025788_Batch7","E1","D2","D2_3","TRUE","D2"
"A2025793_Batch7","E2","D2","D2_4","TRUE","D2"
"A2025794_Batch7","E1","D2","D2_4","TRUE","D2"
"A2025795_Batch7","E1","D2","D2_6","TRUE","D2"
"A2025797_Batch7","E3","D2","D2_8","TRUE","D2"
"A2025798_Batch7","E3","D2","D2_6","TRUE","D2"
"D2510215_Batch8","E1","D1","D1_5","TRUE","D1"
"D2510218_Batch8","E3","D1","D1_8","TRUE","D1"
"D251022_Batch8","E2","D1","D1_5","TRUE","D1"
"D2510232_Batch8","E1","D2","D2_3","TRUE","D2"
"D2510233_Batch8","E5","D1","D1_8","TRUE","D1"
"D2510242_Batch8","E5","D2","D2_3","TRUE","D2"
"D2510245_Batch8","E1","D2","D2_3","TRUE","D2"
"D251024_Batch8","E5","D1","D1_8","TRUE","D1"
"D251025_Batch8","E5","D1","D1_7","TRUE","D1"
"D251027_Batch8","E1","D1","D1_1","TRUE","D1"
"D251031_Batch8","E4","D2","D2_3","TRUE","D2"
"D251061_Batch8","E2","D1","D1_3","TRUE","D1"
"D251062_Batch8","E2","D1","D1_1","TRUE","D1"
"D251064_Batch8","E4","D1","D1_8","TRUE","D1"
"D251071_Batch8","E1","D2","D2_5","TRUE","D2"
"D251074_Batch8","E1","D1","D1_2","TRUE","D1"
"D251075_Batch8","E4","D2","D2_3","TRUE","D2"
"D251076_Batch8","E2","D2","D2_7","TRUE","D2"
"D251081_Batch8","E5","D1","D1_7","TRUE","D1"
"D2510885_Batch8","E1","D1","D1_7","TRUE","D1"
"D251092_Batch8","E1","D1","D1_4","TRUE","D1"
"D2511256_Batch8","E1","D1","D1_4","TRUE","D1"
"D251161_Batch8","E3","D2","D2_8","TRUE","D2"
"D251162_Batch8","E1","D2","D2_4","TRUE","D2"
"D251163_Batch8","E1","D1","D1_7","TRUE","D1"
"D251166_Batch8","E1","D1","D1_2","TRUE","D1"
"D251167_Batch8","E1","D1","D1_5","TRUE","D1"
"D251171_Batch8","E2","D1","D1_3","TRUE","D1"
"D251172_Batch8","E1","D1","D1_4","TRUE","D1"
"D251174_Batch8","E1","D1","D1_2","TRUE","D1"
"D258113_Batch8","E3","D1","D1_4","TRUE","D1"
"D258124_Batch8","E1","D1","D1_2","TRUE","D1"
"D258132_Batch8","E5","D1","D1_7","TRUE","D1"
"D258141_Batch8","E2","D1","D1_1","TRUE","D1"
"D258142_Batch8","E5","D1","D1_7","TRUE","D1"
"D258143_Batch8","E2","D1","D1_2","TRUE","D1"
"D258151_Batch8","E1","D1","D1_4","TRUE","D1"
"D258152_Batch8","E1","D1","D1_4","TRUE","D1"
"D258155_Batch8","E1","D1","D1_7","TRUE","D1"
"D258156_Batch8","E1","D1","D1_2","TRUE","D1"
"D258181_Batch8","E2","D2","D2_5","TRUE","D2"
"D258182_Batch8","E2","D2","D2_7","TRUE","D2"
"D258183_Batch8","E1","D1","D1_1","TRUE","D1"
"D258184_Batch8","E1","D1","D1_1","TRUE","D1"
"D258191_Batch8","E4","D1","D1_3","TRUE","D1"
"D258195_Batch8","E1","D2","D2_4","TRUE","D2"
"D258221_Batch8","E3","D2","D2_7","TRUE","D2"
"D258224_Batch8","E2","D2","D2_7","TRUE","D2"
"D258283_Batch8","E4","D1","D1_3","TRUE","D1"
"D25881_Batch8","E2","D2","D2_4","TRUE","D2"
"D25883_Batch8","E1","D2","D2_4","TRUE","D2"
"D259101_Batch8","E1","D1","D1_5","TRUE","D1"
"D259121_Batch8","E2","D1","D1_5","TRUE","D1"
"D259122_Batch8","E5","D1","D1_2","TRUE","D1"
"D259161_Batch8","E1","D1","D1_4","TRUE","D1"
"D259162_Batch8","E4","D2","D2_3","TRUE","D2"
"D259164_Batch8","E1","D1","D1_1","TRUE","D1"
"D25941_Batch8","E4","D1","D1_5","TRUE","D1"
"D25943_Batch8","E5","D1","D1_2","TRUE","D1"
"D25944_Batch8","E5","D1","D1_7","TRUE","D1"
"D25945_Batch8","E1","D2","D2_4","TRUE","D2"
"D25952_Batch8","E2","D2","D2_4","TRUE","D2"
"D25953_Batch8","E2","D1","D1_1","TRUE","D1"
"D25954_Batch8","E1","D1","D1_5","TRUE","D1"
"D25955_Batch8","E1","D2","D2_3","TRUE","D2"
"D25957_Batch8","E3","D1","D1_1","TRUE","D1"
"D25958_Batch8","E2","D1","D1_2","TRUE","D1"
"D25992_Batch8","E1","D1","D1_1","TRUE","D1"
"D25993_Batch8","E3","D2","D2_7","TRUE","D2"
"D25994_Batch8","E1","D2","D2_3","TRUE","D2"
"D25995_Batch8","E2","D2","D2_4","TRUE","D2"
"D25996_Batch8","E1","D2","D2_4","TRUE","D2"
"J10103_Batch3","E2","D2","D2_6","TRUE","D2"
"J10104_Batch3","E1","D1","D1_4","TRUE","D1"
"J10105_Batch3","E4","D1","D1_5","TRUE","D1"
"J10106_Batch3","E5","D1","D1_7","TRUE","D1"
"J10113_Batch3","E5","D1","D1_2","TRUE","D1"
"J10114_Batch3","E1","D2","D2_4","TRUE","D2"
"J10141_Batch3","E2","D2","D2_5","TRUE","D2"
"J10144_Batch3","E2","D1","D1_5","TRUE","D1"
"J10146_Batch3","E5","D1","D1_7","TRUE","D1"
"J10147_Batch3","E4","D2","D2_3","TRUE","D2"
"J10152_Batch3","E1","D1","D1_4","TRUE","D1"
"J10153_Batch3","E2","D2","D2_5","TRUE","D2"
"J10154_Batch3","E4","D2","D2_2","TRUE","D2"
"J10156_Batch3","E2","D2","D2_4","TRUE","D2"
"J1021_Batch3","E2","D1","D1_5","TRUE","D1"
"J1024_Batch3","E4","D2","D2_2","TRUE","D2"
"J1025_Batch3","E1","D1","D1_4","TRUE","D1"
"J1026_Batch3","E2","D2","D2_4","TRUE","D2"
"J1034_Batch3","E1","D1","D1_1","TRUE","D1"
"J1042_Batch3","E5","D1","D1_7","TRUE","D1"
"J1074_Batch3","E4","D1","D1_5","TRUE","D1"
"J1081_Batch3","E4","D1","D1_7","TRUE","D1"
"J1082_Batch3","E2","D1","D1_5","TRUE","D1"
"J1092_Batch3","E4","D1","D1_3","TRUE","D1"
"J1093_Batch3","E4","D2","D2_7","TRUE","D2"
"J1287_Batch6","E2","D2","D2_7","TRUE","D2"
"J2106_Batch6","E1","D2","D2_3","TRUE","D2"
"J2107_Batch6","E1","D1","D1_5","TRUE","D1"
"J2112_Batch6","E4","D1","D1_5","TRUE","D1"
"J2113_Batch6","E2","D1","D1_5","TRUE","D1"
"J2114_Batch6","E2","D1","D1_2","TRUE","D1"
"J2122_Batch6","E1","D1","D1_5","TRUE","D1"
"J2126_Batch6","E1","D1","D1_5","TRUE","D1"
"J2142_Batch6","E1","D1","D1_1","TRUE","D1"
"J2145_Batch6","E1","D1","D1_3","TRUE","D1"
"J2147_Batch6","E2","D1","D1_5","TRUE","D1"
"J2243_Batch6","E4","D2","D2_5","TRUE","D2"
"J2245_Batch6","E1","D1","D1_1","TRUE","D1"
"J2251_Batch6","E3","D1","D1_6","TRUE","D1"
"J2252_Batch6","E1","D1","D1_4","TRUE","D1"
"J2254_Batch6","E1","D1","D1_5","TRUE","D1"
"J2264_Batch6","E1","D1","D1_5","TRUE","D1"
"J231_Batch6","E5","D2","D2_8","TRUE","D2"
"J232_Batch6","E2","D2","D2_4","TRUE","D2"
"J235_Batch6","E2","D2","D2_5","TRUE","D2"
"J252_Batch6","E3","D1","D1_3","TRUE","D1"
"J265_Batch6","E2","D2","D2_4","TRUE","D2"
"J271_Batch6","E1","D1","D1_4","TRUE","D1"
"J273_Batch6","E1","D1","D1_1","TRUE","D1"
"J274_Batch6","E4","D1","D1_8","TRUE","D1"
"J3101_Batch6","E3","D1","D1_5","TRUE","D1"
"J3112_Batch6","E1","D2","D2_3","TRUE","D2"
"J3141_Batch6","E2","D2","D2_4","TRUE","D2"
"J3144_Batch6","E1","D1","D1_5","TRUE","D1"
"J3213_Batch6","E1","D2","D2_3","TRUE","D2"
"J3216_Batch6","E1","D2","D2_6","TRUE","D2"
"J3253_Batch6","E2","D2","D2_3","TRUE","D2"
"J3254_Batch6","E4","D2","D2_2","TRUE","D2"
"J3256_Batch6","E3","D1","D1_2","TRUE","D1"
"J3262_Batch6","E4","D2","D2_5","TRUE","D2"
"J3268_Batch6","E2","D1","D1_6","TRUE","D1"
"J3284_Batch6","E1","D1","D1_5","TRUE","D1"
"J3314_Batch6","E1","D1","D1_5","TRUE","D1"
"J341_Batch6","E1","D1","D1_4","TRUE","D1"
"J344_Batch6","E1","D1","D1_1","TRUE","D1"
"J346_Batch6","E1","D1","D1_5","TRUE","D1"
"J351_Batch6","E2","D1","D1_1","TRUE","D1"
"J372_Batch6","E2","D1","D1_1","TRUE","D1"
"J373_Batch6","E2","D1","D1_1","TRUE","D1"
"J375_Batch6","E2","D1","D1_5","TRUE","D1"
"J377_Batch6","E3","D2","D2_5","TRUE","D2"
"J412_Batch6","E2","D1","D1_1","TRUE","D1"
"J4141_Batch6","E2","D1","D1_2","TRUE","D1"
"J4144_Batch6","E1","D1","D1_5","TRUE","D1"
"J4145_Batch6","E1","D1","D1_4","TRUE","D1"
"J4146_Batch6","E1","D1","D1_5","TRUE","D1"
"J4147_Batch6","E2","D1","D1_5","TRUE","D1"
"J4153_Batch6","E3","D2","D2_6","TRUE","D2"
"J4156_Batch6","E2","D2","D2_7","TRUE","D2"
"J4163_Batch6","E2","D2","D2_6","TRUE","D2"
"J4175_Batch6","E1","D1","D1_5","TRUE","D1"
"J4177_Batch6","E1","D1","D1_5","TRUE","D1"
"J4183_Batch6","E4","D2","D2_3","TRUE","D2"
"J4184_Batch6","E2","D2","D2_4","TRUE","D2"
"J4212_Batch6","E2","D2","D2_4","TRUE","D2"
"J4214_Batch6","E2","D2","D2_5","TRUE","D2"
"J4216_Batch6","E2","D2","D2_6","TRUE","D2"
"J4217_Batch6","E1","D2","D2_6","TRUE","D2"
"J4229_Batch6","E2","D1","D1_6","TRUE","D1"
"J4235_Batch6","E1","D1","D1_5","TRUE","D1"
"J4241_Batch6","E4","D1","D1_7","TRUE","D1"
"J4242_Batch6","E2","D2","D2_4","TRUE","D2"
"J4247_Batch6","E1","D2","D2_3","TRUE","D2"
"J4257_Batch6","E2","D2","D2_4","TRUE","D2"
"J426_Batch6","E1","D1","D1_5","TRUE","D1"
"J4283_Batch6","E4","D2","D2_2","TRUE","D2"
"J4285_Batch6","E2","D2","D2_6","TRUE","D2"
"J434_Batch6","E1","D2","D2_3","TRUE","D2"
"J435_Batch6","E1","D1","D1_5","TRUE","D1"
"J438_Batch6","E1","D1","D1_5","TRUE","D1"
"J471_Batch6","E1","D1","D1_1","TRUE","D1"
"J485_Batch6","E1","D1","D1_5","TRUE","D1"
"J486_Batch6","E4","D2","D2_2","TRUE","D2"
"J487_Batch6","E1","D2","D2_3","TRUE","D2"
"J495_Batch6","E2","D2","D2_5","TRUE","D2"
"J5122_Batch6","E5","D1","D1_8","TRUE","D1"
"J5126_Batch6","E1","D2","D2_3","TRUE","D2"
"J5128_Batch6","E2","D2","D2_6","TRUE","D2"
"J5141_Batch6","E4","D2","D2_4","TRUE","D2"
"J5144_Batch6","E2","D2","D2_4","TRUE","D2"
"J5146_Batch6","E1","D2","D2_3","TRUE","D2"
"J5161_Batch6","E4","D2","D2_5","TRUE","D2"
"J5164_Batch6","E3","D2","D2_4","TRUE","D2"
"J5165_Batch6","E2","D2","D2_3","TRUE","D2"
"J5168_Batch6","E4","D1","D1_7","TRUE","D1"
"J5191_Batch6","E1","D2","D2_4","TRUE","D2"
"J5192_Batch6","E2","D2","D2_2","TRUE","D2"
"J5194_Batch6","E3","D2","D2_6","TRUE","D2"
"J5195_Batch6","E2","D2","D2_4","TRUE","D2"
"J5196_Batch6","E1","D2","D2_4","TRUE","D2"
"J5197_Batch6","E4","D2","D2_2","TRUE","D2"
"J5201_Batch6","E5","D1","D1_8","TRUE","D1"
"J5204_Batch6","E2","D2","D2_6","TRUE","D2"
"J5205_Batch6","E2","D2","D2_4","TRUE","D2"
"J5207_Batch6","E1","D2","D2_6","TRUE","D2"
"J5209_Batch6","E1","D2","D2_6","TRUE","D2"
"J5211_Batch6","E2","D2","D2_3","TRUE","D2"
"J5212_Batch6","E2","D2","D2_4","TRUE","D2"
"J5214_Batch6","E2","D2","D2_6","TRUE","D2"
"J5215_Batch6","E1","D2","D2_3","TRUE","D2"
"J5216_Batch6","E4","D1","D1_3","TRUE","D1"
"J5217_Batch6","E2","D2","D2_6","TRUE","D2"
"J5221_Batch6","E2","D2","D2_4","TRUE","D2"
"J5222_Batch6","E4","D2","D2_3","TRUE","D2"
"J5223_Batch6","E1","D2","D2_3","TRUE","D2"
"J5227_Batch6","E3","D2","D2_6","TRUE","D2"
"J5231_Batch6","E3","D2","D2_4","TRUE","D2"
"J5233_Batch6","E2","D2","D2_6","TRUE","D2"
"J5235_Batch6","E1","D2","D2_3","TRUE","D2"
"J5236_Batch6","E1","D1","D1_4","TRUE","D1"
"J5238_Batch6","E3","D1","D1_6","TRUE","D1"
"M1141_Batch5","E4","D2","D2_5","TRUE","D2"
"M1143_Batch5","E4","D2","D2_4","TRUE","D2"
"M1163_Batch5","E1","D1","D1_5","TRUE","D1"
"M1164_Batch5","E1","D1","D1_5","TRUE","D1"
"M1175_Batch5","E1","D1","D1_5","TRUE","D1"
"M12132_Batch5","E2","D1","D1_5","TRUE","D1"
"M12134_Batch5","E2","D2","D2_4","TRUE","D2"
"M1252_Batch5","E5","D1","D1_8","TRUE","D1"
"M1273_Batch5","E2","D1","D1_3","TRUE","D1"
"M1274_Batch5","E2","D2","D2_4","TRUE","D2"
"M1275_Batch5","E1","D2","D2_6","TRUE","D2"
"M1276_Batch5","E4","D2","D2_3","TRUE","D2"
"M1293_Batch5","E1","D1","D1_1","TRUE","D1"
"M1296_Batch5","E5","D1","D1_7","TRUE","D1"
"M132_Batch5","E2","D2","D2_4","TRUE","D2"
"M2103_Batch5","E2","D1","D1_1","TRUE","D1"
"M2253_Batch5","E1","D1","D1_5","TRUE","D1"
"M2255_Batch5","E2","D1","D1_5","TRUE","D1"
"M234_Batch5","E1","D1","D1_4","TRUE","D1"
"M253_Batch5","E3","D1","D1_6","TRUE","D1"
"M266_Batch5","E1","D1","D1_5","TRUE","D1"
"M272_Batch5","E1","D1","D1_5","TRUE","D1"
"M3111_Batch5","E5","D1","D1_6","TRUE","D1"
"M3122_Batch5","E2","D1","D1_8","FALSE","Ambiguous"
"M3124_Batch5","E2","D2","D2_5","TRUE","D2"
"M3212_Batch5","E5","D1","D1_8","TRUE","D1"
"M3214_Batch5","E3","D2","D2_4","TRUE","D2"
"M3263_Batch5","E3","D1","D1_1","TRUE","D1"
"M3266_Batch5","E1","D1","D1_5","FALSE","Ambiguous"
"M3271_Batch5","E5","D1","D1_5","TRUE","D1"
"M3272_Batch5","E1","D2","D2_3","TRUE","D2"
"M3273_Batch5","E2","D2","D2_4","TRUE","D2"
"M3274_Batch5","E4","D1","D1_8","TRUE","D1"
"M3281_Batch5","E5","D1","D1_8","TRUE","D1"
"M3282_Batch5","E1","D2","D2_3","TRUE","D2"
"M3285_Batch5","E4","D2","D2_5","TRUE","D2"
"M3311_Batch5","E5","D1","D1_1","TRUE","D1"
"M342_Batch5","E3","D2","D2_4","TRUE","D2"
"M354_Batch5","E2","D1","D1_5","TRUE","D1"
"M362_Batch5","E5","D1","D1_8","TRUE","D1"
"M376_Batch5","E5","D1","D1_8","TRUE","D1"
"M4112_Batch5","E3","D2","D2_6","TRUE","D2"
"M4113_Batch5","E2","D2","D2_4","TRUE","D2"
"M4114_Batch5","E1","D1","D1_1","TRUE","D1"
"M4116_Batch5","E2","D2","D2_4","TRUE","D2"
"M4155_Batch5","E4","D2","D2_4","TRUE","D2"
"M4164_Batch5","E2","D2","D2_5","TRUE","D2"
"M4167_Batch5","E3","D1","D1_5","TRUE","D1"
"M416_Batch5","E5","D1","D1_5","TRUE","D1"
"M4172_Batch5","E2","D2","D2_4","TRUE","D2"
"M4173_Batch5","E3","D2","D2_8","TRUE","D2"
"M4176_Batch5","E1","D1","D1_1","TRUE","D1"
"M4178_Batch5","E1","D1","D1_5","TRUE","D1"
"M4179_Batch5","E1","D2","D2_3","TRUE","D2"
"M417_Batch5","E2","D1","D1_5","TRUE","D1"
"M4181_Batch5","E2","D2","D2_3","TRUE","D2"
"M4185_Batch5","E1","D2","D2_3","TRUE","D2"
"M4186_Batch5","E2","D2","D2_4","TRUE","D2"
"M421_Batch5","E1","D1","D1_5","TRUE","D1"
"M42210_Batch5","E2","D1","D1_5","TRUE","D1"
"M4222_Batch5","E5","D1","D1_7","TRUE","D1"
"M4227_Batch5","E2","D1","D1_1","TRUE","D1"
"M4231_Batch5","E3","D2","D2_4","TRUE","D2"
"M423_Batch5","E5","D1","D1_7","TRUE","D1"
"M4243_Batch5","E2","D2","D2_4","TRUE","D2"
"M4252_Batch5","E2","D2","D2_4","TRUE","D2"
"M4253_Batch5","E1","D1","D1_3","TRUE","D1"
"M472_Batch5","E2","D2","D2_5","TRUE","D2"
"M483_Batch5","E1","D1","D1_1","TRUE","D1"
"M484_Batch5","E4","D2","D2_5","TRUE","D2"
"M491_Batch5","E4","D1","D1_1","TRUE","D1"
"M492_Batch5","E2","D1","D1_5","TRUE","D1"
"M493_Batch5","E1","D1","D1_8","TRUE","D1"
"M496_Batch5","E2","D2","D2_4","TRUE","D2"
"M497_Batch5","E2","D1","D1_5","TRUE","D1"
"M498_Batch5","E2","D1","D1_5","TRUE","D1"
"O1013_Batch2","E2","D2","D2_7","TRUE","D2"
"O8202_Batch2","E1","D1","D1_5","TRUE","D1"
"O8204_Batch2","E5","D1","D1_7","TRUE","D1"
"O8211_Batch2","E4","D2","D2_7","TRUE","D2"
"O8212_Batch2","E2","D2","D2_7","TRUE","D2"
"O8221_Batch2","E1","D1","D1_5","FALSE","Ambiguous"
"O8244_Batch2","E1","D1","D1_5","TRUE","D1"
"O8264_Batch2","E2","D1","D1_3","TRUE","D1"
"O8272_Batch2","E2","D1","D1_5","TRUE","D1"
"O8275_Batch2","E1","D1","D1_5","TRUE","D1"
"O9115_Batch2","E3","D2","D2_3","TRUE","D2"
"O9123_Batch2","E2","D1","D1_1","TRUE","D1"
"O9131_Batch2","E4","D1","D1_7","TRUE","D1"
"O9161_Batch2","E2","D2","D2_7","TRUE","D2"
"O9163_Batch2","E5","D1","D1_8","TRUE","D1"
"O9191_Batch2","E1","D1","D1_4","TRUE","D1"
"O9192_Batch2","E1","D2","D2_4","TRUE","D2"
"O9204_Batch2","E4","D2","D2_3","TRUE","D2"
"O9206_Batch2","E2","D1","D1_6","TRUE","D1"
"O9231_Batch2","E1","D1","D1_1","TRUE","D1"
"O9232_Batch2","E1","D1","D1_5","TRUE","D1"
"O9241_Batch2","E3","D2","D2_7","TRUE","D2"
"O9242_Batch2","E2","D2","D2_4","TRUE","D2"
"O9243_Batch2","E5","D1","D1_8","TRUE","D1"
"O9244_Batch2","E1","D1","D1_4","TRUE","D1"
"O9267_Batch2","E2","D2","D2_1","TRUE","D2"
"O9271_Batch2","E4","D2","D2_5","TRUE","D2"
"O9275_Batch2","E2","D2","D2_7","TRUE","D2"
"O935_Batch2","E1","D1","D1_5","TRUE","D1"
"O993_Batch2","E2","D1","D1_5","FALSE","Ambiguous"
