MSN_unique_ID,M_Neuron_id,T_Batch,Explicit_filename_year,Date_key,All_same_key_files,Allowed_candidate_count,Selected_ASC_filename,Selected_ASC_path,Selected_modification_time,Selected_modification_year,Year_match,Mapping_status,Candidate_metric_score,Length_relative_error,Radial_relative_error,ASC_parse_success,ASC_parse_error,ASC_soma_present,ASC_soma_points,ASC_neurites,ASC_sections,ASC_points,ASC_bifurcation_sections,ASC_terminal_sections,ASC_max_branch_order,ASC_total_length_um,ASC_max_radial_distance_um,ASC_width_um,ASC_height_um,ASC_depth_um,ASC_soma_radius_um,ASC_root_gap_max_um,ASC_zero_length_segments,ASC_nonfinite_values,ASC_nonpositive_radii,ASC_segment_median_um,ASC_segment_p99_um,ASC_segment_max_um,ASC_long_jump_segments,ASC_incomplete_markers
A10161_Batch4,10-16-1_mod.ASC,Batch4,,10-16-1,10-16-1.asc,1,10-16-1.asc,E:\ASC files\10-16-1.asc,2024-10-29 23:33:20,2024.0,,Verified_year_and_length,0.051059008505552686,3.29272683339007e-09,0.05105899533464535,True,,True,12.0,6.0,41.0,297.0,17.0,24.0,5.0,1592.9710540771484,138.4246063232422,221.48001098632812,243.92999267578125,0.0,7.923239231109619,1.3230956835665548,0.0,0.0,0.0,5.768642214415594,13.659487422825544,19.63609596125981,0.0,0.0
A10162_Batch4,10-16-2_mod.ASC,Batch4,,10-16-2,10-16-2.asc,1,10-16-2.asc,E:\ASC files\10-16-2.asc,2024-10-30 15:32:22,2024.0,,Verified_year_and_length,0.07753830828728009,6.238473730874588e-08,0.07753805874833085,True,,True,13.0,7.0,39.0,219.0,16.0,23.0,6.0,1169.454303741455,123.71266174316406,176.5800018310547,151.07000732421875,0.0,7.034397602081299,3.2347376315802396,0.0,0.0,0.0,6.266782359326401,15.267731760685688,18.922281897216312,0.0,0.0
A10163_Batch4,10-16-3_mod.ASC,Batch4,,10-16-3,10-16-3.asc,1,10-16-3.asc,E:\ASC files\10-16-3.asc,2024-10-30 15:36:06,2024.0,,Verified_year_and_length,0.06938765206036998,1.0534351522929777e-08,0.06938760992296389,True,,True,11.0,4.0,18.0,121.0,7.0,11.0,4.0,633.7097320556641,112.62333679199219,130.79000854492188,177.22999572753906,0.0,7.560855388641357,1.5278862348607056,0.0,0.0,0.0,5.873901193810185,12.048832585804448,12.482107098071936,0.0,0.0
A10167_Batch4,10-16-7_mod.ASC,Batch4,,10-16-7,10-16-7.asc,1,10-16-7.asc,E:\ASC files\10-16-7.asc,2024-10-30 15:48:44,2024.0,,Verified_year_and_length,0.061979931504823456,3.394674767398772e-09,0.06197991792612439,True,,True,17.0,4.0,22.0,188.0,8.0,14.0,4.0,983.2634887695312,150.44342041015625,246.32998657226562,198.80999755859375,0.0,6.233992099761963,3.153307995713133,0.0,0.0,0.0,5.7542063431448724,12.214547552919592,17.70640386946066,0.0,0.0
A10184_Batch4,10-18-4_mod.ASC,Batch4,,10-18-4,10-18-4.asc,1,10-18-4.asc,E:\ASC files\10-18-4.asc,2024-10-30 16:06:58,2024.0,,Verified_year_and_length,0.0325916430592412,1.031789738588645e-08,0.03259160178765166,True,,True,12.0,7.0,52.0,361.0,21.0,31.0,7.0,2310.728317260742,224.3747100830078,255.489990234375,345.29998779296875,0.0,7.5804290771484375,2.7735508536992413,0.0,0.0,0.0,6.905477360835373,18.164845023911955,21.784278316609758,0.0,0.0
A10243_Batch4,10-24-3_mod.ASC,Batch4,,10-24-3,10-24-3 trace.asc | 10-24-3.asc,2,10-24-3.asc,E:\ASC files\10-24-3.asc,2024-10-30 16:21:06,2024.0,,Verified_year_and_length,0.011410544894214109,1.508713770629167e-08,0.011410484545663284,True,,True,13.0,9.0,15.0,137.0,3.0,12.0,3.0,758.5330095291138,142.99288940429688,178.97000122070312,152.80999755859375,0.0,6.913509845733643,1.5654458190672553,0.0,0.0,0.0,5.889792161221576,14.68856988168333,15.298889610944533,0.0,0.0
A11114_Batch4,11-11-4_mod.ASC,Batch4,,11-11-4,11-11-4.asc,1,11-11-4.asc,E:\ASC files\11-11-4.asc,2024-12-28 19:53:00,2024.0,,Verified_year_and_length,0.051943084679317686,4.653429565357818e-09,0.051943066065599425,True,,True,12.0,3.0,21.0,142.0,9.0,12.0,5.0,614.8203735351562,102.22502899169922,162.82998657226562,118.3699951171875,0.0,4.8361639976501465,1.6573939357795577,0.0,0.0,0.0,4.935613101189219,10.495066916607447,11.586847803295727,0.0,0.0
A11126_Batch4,11-12-6_mod.ASC,Batch4,,11-12-6,11-12-6.asc,1,11-12-6.asc,E:\ASC files\11-12-6.asc,2024-12-28 20:07:58,2024.0,,Verified_year_and_length,0.029215824015167056,3.0091407776255404e-09,0.029215811978603946,True,,True,13.0,5.0,36.0,407.0,15.0,21.0,5.0,1901.5572357177734,175.49195861816406,249.38999938964844,203.6099853515625,0.0,5.822421073913574,1.1518607550729003,0.0,0.0,0.0,4.780289931190917,11.508134566089876,13.197876203829429,0.0,0.0
A11156_Batch4,11-15-6_mod.ASC,Batch4,,11-15-6,11-15-6.asc,1,11-15-6.asc,E:\ASC files\11-15-6.asc,2024-12-28 21:10:26,2024.0,,Verified_year_and_length,0.04273720890371497,3.256770241212401e-08,0.04273707863290532,True,,True,12.0,5.0,45.0,383.0,20.0,25.0,6.0,2101.04296875,153.05001831054688,235.6500244140625,290.59002685546875,0.0,6.774314880371094,2.523057070553728,0.0,0.0,0.0,5.944002816499868,13.652424862919991,16.415818099833945,0.0,0.0
A11181_Batch4,11-18-1_mod.ASC,Batch4,,11-18-1,11-18-1.asc,1,11-18-1.asc,E:\ASC files\11-18-1.asc,2024-12-28 21:20:18,2024.0,,Verified_year_and_length,0.035993893688437424,1.0776911458537545e-08,0.03599385058079159,True,,True,9.0,4.0,22.0,143.0,8.0,14.0,4.0,973.4160003662109,121.21810150146484,178.5399932861328,234.33999633789062,0.0,6.089285850524902,1.5968561521452234,0.0,0.0,0.0,7.708000278825653,16.286369190589994,17.885304884990695,0.0,0.0
A11186_Batch4,11-18-6_mod.ASC,Batch4,,11-18-6,11-18-6.asc,1,11-18-6.asc,E:\ASC files\11-18-6.asc,2024-12-28 21:32:34,2024.0,,Verified_year_and_length,0.053031326769142406,3.2451660880371055e-08,0.05303119696249888,True,,True,14.0,3.0,27.0,239.0,11.0,16.0,5.0,1219.582504272461,134.8079376220703,150.20001220703125,248.510009765625,0.0,6.618232727050781,0.9547109362119341,0.0,0.0,0.0,5.299170640321095,11.84454825760244,15.324525075407779,0.0,0.0
A11274_Batch4,11-27-4_mod.ASC,Batch4,,11-27-4,11-27-4.asc,1,11-27-4.asc,E:\ASC files\11-27-4.asc,2024-12-28 23:02:14,2024.0,,Verified_year_and_length,0.05237474613466678,4.207438802291717e-08,0.05237457783711469,True,,True,10.0,3.0,13.0,92.0,5.0,8.0,4.0,634.6588325500488,179.21315002441406,121.41999816894531,264.41998291015625,0.0,7.2906494140625,1.6409989495147954,0.0,0.0,0.0,7.101861302502686,18.347087442810007,18.352541272727507,0.0,0.0
A1174_Batch4,11-7-4_mod.ASC,Batch4,,11-7-4,11-7-4.asc,1,11-7-4.asc,E:\ASC files\11-7-4.asc,2024-12-28 19:39:20,2024.0,,Verified_year_and_length,0.025200831742477683,3.203348803320462e-08,0.02520070360852555,True,,True,13.0,5.0,33.0,334.0,13.0,20.0,5.0,1510.8867721557617,125.29753875732422,193.79000854492188,185.0800018310547,0.0,5.275850296020508,0.8277984689496289,0.0,0.0,0.0,4.8683447912371625,10.429440314253775,11.739282934593778,0.0,0.0
A20256113_Batch7,6-11-3_mod.ASC,Batch7,,6-11-3,6-11-3.asc,1,6-11-3.asc,E:\ASC files\6-11-3.asc,2025-06-16 16:08:06,2025.0,,Verified_year_and_length,0.03668089265394506,9.226666196847717e-09,0.03668085574728027,True,,True,8.0,4.0,17.0,153.0,6.0,11.0,5.0,930.2458906173706,145.57907104492188,177.12998962402344,227.51998901367188,0.0,6.128649711608887,0.3297606516261702,0.0,0.0,0.0,6.444106759861041,14.95366737748412,16.04899295792251,0.0,0.0
A20256116_Batch7,6-11-6_mod.ASC,Batch7,,6-11-6,6-11-6.asc,1,6-11-6.asc,E:\ASC files\6-11-6.asc,2025-06-16 16:24:34,2025.0,,Verified_year_and_length,0.05704591395149856,6.297911435479629e-09,0.057045888759852816,True,,True,9.0,4.0,13.0,104.0,4.0,9.0,3.0,757.1352691650391,177.90744018554688,197.8400115966797,177.3699951171875,0.0,11.717004776000977,0.0,0.0,0.0,0.0,7.4065702882686155,21.511165669762477,51.16286628740834,0.0,0.0
A20256117_Batch7,6-11-7_mod.ASC,Batch7,,6-11-7,6-11-7.asc,1,6-11-7.asc,E:\ASC files\6-11-7.asc,2025-06-16 16:36:48,2025.0,,Verified_year_and_length,0.035780368297325775,6.5320079434213964e-09,0.035780342169294,True,,True,8.0,4.0,23.0,166.0,9.0,14.0,5.0,1022.0020294189453,152.55169677734375,165.8599853515625,253.510009765625,0.0,6.257707118988037,0.09350006184735271,0.0,0.0,0.0,6.804850098518917,16.584123649796158,17.39340636556653,0.0,0.0
A20256162_Batch7,6-14-2_mod.ASC,Batch7,,6-14-2,6-14-2 2025.asc | 6-14-2.asc,2,6-14-2 2025.asc,E:\ASC files\6-14-2 2025.asc,2025-07-07 16:30:22,2025.0,,Verified_year_and_length,0.025341541350793043,2.5041442798287718e-08,0.025341441185021848,True,,True,10.0,3.0,27.0,237.0,12.0,15.0,5.0,1242.4852600097656,152.12908935546875,231.6999969482422,187.89999389648438,0.0,5.934596061706543,0.2022800586436313,0.0,0.0,0.0,5.7768530521192645,12.707646999674365,13.669894456993456,0.0,0.0
A20256163_Batch7,6-14-3_mod.ASC,Batch7,,6-14-3,6-14-3.asc,1,6-14-3.asc,E:\ASC files\6-14-3.asc,2025-07-07 16:34:12,2025.0,,Verified_year_and_length,0.06901694979088885,8.759325325452346e-09,0.06901691475358755,True,,True,9.0,5.0,20.0,111.0,7.0,13.0,4.0,435.50134086608887,87.20464324951172,120.18000030517578,63.860008239746094,0.0,6.851884365081787,1.1301149081295971,0.0,0.0,0.0,4.239990234375,10.897720248793089,14.721101726683532,0.0,0.0
A20256164_Batch7,6-14-4_mod.ASC,Batch7,,6-14-4,6-14-4.asc,1,6-14-4.asc,E:\ASC files\6-14-4.asc,2025-07-07 16:41:06,2025.0,,Verified_year_and_length,0.0592275735163176,3.5566735630161757e-08,0.05922743124937508,True,,True,10.0,5.0,25.0,205.0,10.0,15.0,4.0,1112.767074584961,123.58403015136719,200.0500030517578,199.3199920654297,0.0,6.801332950592041,1.0435428942047613,0.0,0.0,0.0,6.222918300677099,11.883691234159011,13.767784346639445,0.0,0.0
A20256171_Batch7,6-17-1_mod.ASC,Batch7,,6-17-1,6-17-1.asc,1,6-17-1.asc,E:\ASC files\6-17-1.asc,2025-07-07 16:55:56,2025.0,,Verified_year_and_length,0.04835660638372787,1.0155379264137966e-08,0.04835656576221081,True,,True,11.0,5.0,27.0,267.0,11.0,16.0,5.0,1314.7151947021484,148.1427001953125,254.70999145507812,159.19000244140625,0.0,7.220136642456055,1.285084277620891,0.0,0.0,0.0,5.193328031858679,11.412111720547108,13.971733535982924,0.0,0.0
A20256173_Batch7,6-17-3_mod.ASC,Batch7,,6-17-3,6-17-3.asc,1,6-17-3.asc,E:\ASC files\6-17-3.asc,2025-07-07 17:12:16,2025.0,,Verified_year_and_length,0.03722283623514464,2.9409145722435465e-08,0.03722271859856175,True,,True,9.0,6.0,23.0,236.0,8.0,15.0,3.0,1053.9042510986328,139.7140350341797,188.63998413085938,175.75999450683594,0.0,5.3935394287109375,0.7698613219233472,0.0,0.0,0.0,4.66119846895772,10.39169605852104,10.88450766084813,0.0,0.0
A20256177_Batch7,6-17-7_mod.ASC,Batch7,,6-17-7,6-17-7.asc,1,6-17-7.asc,E:\ASC files\6-17-7.asc,2025-07-07 17:16:56,2025.0,,Verified_year_and_length,0.06544937689769982,1.9108957829113464e-08,0.0654493004618685,True,,True,9.0,4.0,12.0,113.0,4.0,8.0,5.0,698.7005577087402,139.32737731933594,218.26998901367188,100.29998779296875,0.0,7.405179500579834,1.3291587442425925,0.0,0.0,0.0,6.215347481163045,15.678634964051403,16.58553332791845,0.0,0.0
A20256202_Batch7,6-20-2_mod.ASC,Batch7,,6-20-2,6-20-2.asc,1,6-20-2.asc,E:\ASC files\6-20-2.asc,2025-07-07 17:20:44,2025.0,,Verified_year_and_length,0.04574377952162882,8.995353225407584e-09,0.04574374354021592,True,,True,8.0,5.0,13.0,89.0,4.0,9.0,3.0,636.1113128662109,133.3125,163.61000061035156,140.60000610351562,0.0,7.881817817687988,0.6865007497718096,0.0,0.0,0.0,7.986544862649538,18.409130999354893,19.29950120192599,0.0,0.0
A20256206_Batch7,6-20-6_mod.ASC,Batch7,,6-20-6,6-20-6.asc,1,6-20-6.asc,E:\ASC files\6-20-6.asc,2025-07-07 17:42:20,2025.0,,Verified_year_and_length,0.0514716043218865,3.252576379302447e-08,0.05147147421883133,True,,True,10.0,5.0,13.0,115.0,4.0,9.0,3.0,615.7321968078613,112.542724609375,135.6400146484375,163.05999755859375,0.0,4.990474224090576,0.7553761027789312,0.0,0.0,0.0,6.006978286364745,10.87115445009076,11.695857471803679,0.0,0.0
A20256263_Batch7,6-26-3_mod.ASC,Batch7,,6-26-3,6-26-3.asc,1,6-26-3.asc,E:\ASC files\6-26-3.asc,2025-07-07 18:30:10,2025.0,,Verified_year_and_length,0.05438385102045151,1.3035127185846046e-08,0.05438379887994277,True,,True,11.0,6.0,16.0,112.0,5.0,11.0,3.0,475.5522270202637,92.27716064453125,91.27999877929688,149.99000549316406,0.0,5.717773914337158,0.6534751244081853,0.0,0.0,0.0,4.700647271250174,11.022329767431662,12.215875628992103,0.0,0.0
A20256274_Batch7,6-27-4_mod.ASC,Batch7,,6-27-4,6-27-4.asc,1,6-27-4.asc,E:\ASC files\6-27-4.asc,2025-07-07 18:37:06,2025.0,,Verified_year_and_length,0.029856992807897387,2.6186886213550603e-08,0.029856888060352534,True,,True,8.0,5.0,24.0,155.0,10.0,14.0,4.0,874.0323143005371,134.83831787109375,220.0399932861328,125.8699951171875,0.0,5.103870868682861,0.5175141309986326,0.0,0.0,0.0,6.553055680928009,15.645782234823978,16.10663013185105,0.0,0.0
A20256303_Batch7,6-30-3_mod.ASC,Batch7,,6-30-3,2025-6-30-3.asc | 2025-6-30-3@.asc,2,2025-6-30-3.asc,E:\ASC files\2025-6-30-3.asc,2025-07-14 19:59:28,2025.0,,Verified_year_and_length,0.07972498038905047,1.1146491624111561e-08,0.07972493580308397,True,,True,10.0,5.0,13.0,100.0,4.0,9.0,2.0,598.9076919555664,106.16819763183594,170.510009765625,152.8100128173828,0.0,7.236302375793457,2.2100976616462216,0.0,0.0,0.0,6.499272450277277,16.06161535655643,20.247792337827406,0.0,0.0
A20256307_Batch7,6-30-7_mod.ASC,Batch7,,6-30-7,2025-6-30-7.asc,1,2025-6-30-7.asc,E:\ASC files\2025-6-30-7.asc,2025-07-14 19:50:46,2025.0,,Verified_year_and_length,0.021935591421787047,2.46291236986756e-08,0.021935492905292252,True,,True,11.0,6.0,34.0,230.0,13.0,21.0,5.0,1306.8475189208984,143.38389587402344,272.7300109863281,168.02001953125,0.0,6.860470771789551,1.5133913091622908,0.0,0.0,0.0,6.351021124037803,13.785518337862209,16.079860268361138,0.0,0.0
A2025644_Batch7,6-4-4_mod.ASC,Batch7,,6-4-4,6-4-4.asc,1,6-4-4.asc,E:\ASC files\6-4-4.asc,2025-06-16 14:25:40,2025.0,,Verified_year_and_length,0.03058419333991483,1.104183856078853e-08,0.03058414917256059,True,,True,11.0,6.0,33.0,266.0,13.0,20.0,6.0,1511.460350036621,177.40469360351562,138.49000549316406,294.91998291015625,0.0,6.9118571281433105,0.4272318987017236,0.0,0.0,0.0,5.877389568688295,13.971373218142533,17.23926677799786,0.0,0.0
A2025647_Batch7,6-4-7_mod.ASC,Batch7,,6-4-7,6-4-7.asc,1,6-4-7.asc,E:\ASC files\6-4-7.asc,2025-06-16 14:42:06,2025.0,,Verified_year_and_length,0.02446966662240007,4.012336790612516e-08,0.024469506128928446,True,,True,10.0,6.0,39.0,271.0,16.0,23.0,5.0,1568.7245140075684,116.2027587890625,179.6699981689453,186.79998779296875,0.0,7.302407264709473,0.6251652946425654,0.0,0.0,0.0,6.423529078373505,18.616007290560493,21.295814399776024,0.0,0.0
A2025653_Batch7,6-5-3_mod.ASC,Batch7,,6-5-3,6-5-3.asc,1,6-5-3.asc,E:\ASC files\6-5-3.asc,2025-06-16 14:55:54,2025.0,,Verified_year_and_length,0.04172381271421749,2.480346426822218e-08,0.041723713500360415,True,,True,10.0,8.0,39.0,272.0,15.0,24.0,4.0,1557.1943588256836,111.14851379394531,179.6699981689453,177.13998413085938,0.0,6.456851005554199,1.8764000918958157,0.0,0.0,0.0,6.454112063226341,12.844478099797081,15.291119176950632,0.0,0.0
A2025654_Batch7,6-5-4_mod.ASC,Batch7,,6-5-4,6-5-4.asc,1,6-5-4.asc,E:\ASC files\6-5-4.asc,2025-06-16 15:13:56,2025.0,,Verified_year_and_length,0.05900950240612393,1.849259211969773e-08,0.059009428435755455,True,,True,14.0,6.0,27.0,218.0,10.0,17.0,4.0,1572.9037704467773,155.21327209472656,227.28997802734375,253.04998779296875,0.0,8.992620468139648,1.4959813890568672,0.0,0.0,0.0,7.6455504079206635,18.48602840909103,25.080323307078476,0.0,0.0
A2025656_Batch7,6-5-6_mod.ASC,Batch7,,6-5-6,6-5-6.asc,1,6-5-6.asc,E:\ASC files\6-5-6.asc,2025-06-16 15:21:38,2025.0,,Verified_year_and_length,0.013107216409050186,5.053041200837574e-08,0.013107014287402153,True,,True,10.0,4.0,31.0,239.0,13.0,18.0,5.0,1509.8621215820312,199.8989715576172,226.5900115966797,198.760009765625,0.0,6.886288642883301,0.8877286911010742,0.0,0.0,0.0,6.65573016506802,17.050672314672447,21.577143686392876,0.0,0.0
A20257151_Batch7,2025-7-15-1_mod.ASC,Batch7,2025.0,7-15-1,2025-7-15-1.asc,1,2025-7-15-1.asc,E:\ASC files\2025-7-15-1.asc,2025-07-25 19:48:02,2025.0,True,Verified_year_and_length,0.05537088794345321,9.597241518669848e-09,0.055370849554487137,True,,True,10.0,6.0,27.0,152.0,10.0,17.0,4.0,894.326545715332,127.63740539550781,132.8699951171875,176.5,0.0,8.173460006713867,0.6788838812926361,0.0,0.0,0.0,6.875537390222331,17.3005675037868,19.087774102564914,0.0,0.0
A20257152_Batch7,2025-7-15-2_mod.ASC,Batch7,2025.0,7-15-2,2025-7-15-2.asc,1,2025-7-15-2.asc,E:\ASC files\2025-7-15-2.asc,2025-07-25 20:04:48,2025.0,True,Verified_year_and_length,0.06888868275664992,3.173929671710875e-08,0.06888855579946304,True,,True,11.0,3.0,28.0,192.0,11.0,17.0,6.0,991.5547714233398,91.67103576660156,112.68000793457031,165.52999877929688,0.0,6.635359287261963,0.0,0.0,0.0,0.0,5.795941571271675,12.781220627081195,15.563968229719803,0.0,0.0
A20257156_Batch7,2025-7-15-6_mod.ASC,Batch7,2025.0,7-15-6,2025-7-15-6.asc,1,2025-7-15-6.asc,E:\ASC files\2025-7-15-6.asc,2025-07-25 21:11:18,2025.0,True,Verified_year_and_length,0.011700736139273494,2.0590976908734455e-08,0.011700653775365858,True,,True,9.0,4.0,24.0,134.0,9.0,15.0,4.0,810.5152816772461,104.91423797607422,162.52999877929688,151.82000732421875,0.0,6.5171403884887695,0.18376475206766862,0.0,0.0,0.0,7.301828647357053,16.18034215628857,17.10006697792405,0.0,0.0
A2025716_Batch7,7-1-6_mod.ASC,Batch7,,7-1-6,2025-7-1-6.asc,1,2025-7-1-6.asc,E:\ASC files\2025-7-1-6.asc,2025-07-11 21:16:50,2025.0,,Verified_year_and_length,0.04441501472981624,3.2172976852695043e-08,0.04441488603790883,True,,True,11.0,6.0,27.0,182.0,10.0,17.0,5.0,918.9048767089844,131.32510375976562,221.1199951171875,145.57998657226562,0.0,4.8259077072143555,2.8657850874286055,0.0,0.0,0.0,5.686849492807624,10.719214433278356,11.127509128261197,0.0,0.0
A2025717_Batch7,7-1-7_mod.ASC,Batch7,,7-1-7,2025-7-1-7.asc | 2025-7-1-7@.asc,2,2025-7-1-7.asc,E:\ASC files\2025-7-1-7.asc,2025-07-11 21:21:40,2025.0,,Verified_year_and_length,0.051041414717638046,1.404275886471636e-08,0.051041358546602585,True,,True,12.0,6.0,16.0,128.0,5.0,11.0,4.0,747.0339050292969,173.9849090576172,248.78997802734375,128.1300048828125,0.0,6.143703937530518,2.4971577472512863,0.0,0.0,0.0,6.279088042843981,13.776960913439316,14.509265019674586,0.0,0.0
A20257171_Batch7,2025-7-17-1_mod.ASC,Batch7,2025.0,7-17-1,2025-7-17-1.asc,1,2025-7-17-1.asc,E:\ASC files\2025-7-17-1.asc,2025-07-28 15:43:06,2025.0,True,Verified_year_and_length,0.040283577504314105,2.421010004849532e-09,0.040283567820274084,True,,True,12.0,5.0,25.0,138.0,10.0,15.0,4.0,787.8315010070801,125.07148742675781,137.11001586914062,168.51998901367188,0.0,6.793290615081787,0.29389710889808285,0.0,0.0,0.0,6.92265967882613,13.666158283157463,14.044291079956293,0.0,0.0
A20257172_Batch7,2025-7-17-2_mod.ASC,Batch7,2025.0,7-17-2,2025-7-17-2.asc,1,2025-7-17-2.asc,E:\ASC files\2025-7-17-2.asc,2025-07-25 21:06:22,2025.0,True,Verified_year_and_length,0.06823024765552835,5.231334175408535e-08,0.06823003840216132,True,,True,11.0,4.0,32.0,177.0,14.0,18.0,6.0,916.0594482421875,112.54769134521484,114.92999267578125,180.739990234375,0.0,7.385709762573242,0.7545721217927088,0.0,0.0,0.0,5.792500207616229,15.20711595853618,23.16767894303307,0.0,0.0
A20257174_Batch7,2025-7-17-4_mod.ASC,Batch7,2025.0,7-17-4,2025-7-17-4.asc,1,2025-7-17-4.asc,E:\ASC files\2025-7-17-4.asc,2025-07-25 20:35:24,2025.0,True,Verified_year_and_length,0.04602674282037542,1.9350251521005756e-08,0.04602666541936934,True,,True,10.0,7.0,28.0,194.0,10.0,18.0,4.0,1121.230562210083,127.84874725341797,153.8100128173828,210.89999389648438,0.0,6.2770280838012695,0.8060380778965719,0.0,0.0,0.0,6.235327602011003,14.265530447071772,15.849017875790333,0.0,0.0
A20257178_Batch7,2025-7-17-8_mod.ASC,Batch7,2025.0,7-17-8,2025-7-17-8.asc,1,2025-7-17-8.asc,E:\ASC files\2025-7-17-8.asc,2025-07-25 20:58:08,2025.0,True,Verified_year_and_length,0.035322924305484275,1.6404465055276336e-08,0.035322858687624054,True,,True,9.0,3.0,9.0,52.0,3.0,6.0,3.0,465.080322265625,131.9641876220703,120.15998840332031,198.6800079345703,0.0,6.252048969268799,0.08578331384858817,0.0,0.0,0.0,8.993354693880963,24.93412402181092,25.225488031299903,0.0,0.0
A20257186_Batch7,2025-7-18-6_mod.ASC,Batch7,2025.0,7-18-6,2025-7-18-6.asc,1,2025-7-18-6.asc,E:\ASC files\2025-7-18-6.asc,2025-07-25 20:41:12,2025.0,True,Verified_year_and_length,0.06834258647233425,1.3003574744117468e-08,0.06834253445803527,True,,True,12.0,5.0,19.0,122.0,7.0,12.0,4.0,678.3893508911133,110.3030014038086,172.010009765625,110.69000244140625,0.0,7.813538074493408,1.2569824668057716,0.0,0.0,0.0,6.381273639284576,13.690720025518258,14.453253544198756,0.0,0.0
A2025731_Batch7,7-3-1_mod.ASC,Batch7,,7-3-1,2025-7-3-1.asc | 2025-7-3-1@.asc,2,2025-7-3-1.asc,E:\ASC files\2025-7-3-1.asc,2025-07-11 21:25:52,2025.0,,Verified_year_and_length,0.031157808897125203,2.434930346469065e-08,0.031157711499911343,True,,True,9.0,3.0,13.0,112.0,5.0,8.0,3.0,744.1614379882812,141.42808532714844,175.50001525878906,196.6899871826172,0.0,5.8087921142578125,0.5212040859726326,0.0,0.0,0.0,7.091039441186572,14.563534675930047,17.97814065283443,0.0,0.0
A2025735_Batch7,7-3-5_mod.ASC,Batch7,,7-3-5,2025-7-3-5.asc,1,2025-7-3-5.asc,E:\ASC files\2025-7-3-5.asc,2025-07-14 19:03:32,2025.0,,Verified_year_and_length,0.044875157809635524,1.1259071300041248e-08,0.04487511277335032,True,,True,9.0,6.0,24.0,203.0,9.0,15.0,5.0,1270.5405082702637,150.80523681640625,275.219970703125,210.64999389648438,0.0,7.94814395904541,0.5660520984793855,0.0,0.0,0.0,6.5778336392657275,14.16464216352196,15.910832635467948,0.0,0.0
A2025781_Batch7,2025-7-8-1_mod.ASC,Batch7,2025.0,7-8-1,2025-7-8-1.asc,1,2025-7-8-1.asc,E:\ASC files\2025-7-8-1.asc,2025-07-25 19:19:10,2025.0,True,Verified_year_and_length,0.019045228690583983,1.5138430799271272e-08,0.019045168136860788,True,,True,10.0,4.0,11.0,99.0,3.0,8.0,3.0,629.9691390991211,148.98550415039062,140.33999633789062,214.8900146484375,0.0,6.668128967285156,1.109426909639268,0.0,0.0,0.0,6.7497204608191135,15.514318824478591,16.2077111623775,0.0,0.0
A2025784_Batch7,2025-7-8-4_mod.ASC,Batch7,2025.0,7-8-4,2025-7-8-4.asc,1,2025-7-8-4.asc,E:\ASC files\2025-7-8-4.asc,2025-07-25 19:24:50,2025.0,True,Verified_year_and_length,0.026451927104903978,2.521762981374976e-08,0.026451826234384725,True,,True,9.0,3.0,24.0,135.0,10.0,14.0,5.0,1002.1710815429688,135.0537567138672,178.239990234375,194.4399871826172,0.0,7.10533332824707,1.548503318659467,0.0,0.0,0.0,8.709791625168597,18.204507170061728,20.69000244140625,0.0,0.0
A2025794_Batch7,2025-7-9-4_mod.ASC,Batch7,2025.0,7-9-4,2025-7-9-4.asc | 7-9-4.asc,1,2025-7-9-4.asc,E:\ASC files\2025-7-9-4.asc,2025-07-25 19:35:42,2025.0,True,Verified_year_and_length,0.0030329329127937927,2.0170455845371073e-08,0.003032852230970411,True,,True,13.0,4.0,36.0,219.0,16.0,20.0,7.0,1170.1990814208984,126.96525573730469,160.29000854492188,181.98001098632812,0.0,8.460206985473633,0.03789800959618539,0.0,0.0,0.0,6.0893502656556375,12.381722984209885,12.632569044795567,0.0,0.0
A2025795_Batch7,2025-7-9-5_mod.ASC,Batch7,2025.0,7-9-5,2025-7-9-5.asc,1,2025-7-9-5.asc,E:\ASC files\2025-7-9-5.asc,2025-07-25 21:35:18,2025.0,True,Verified_year_and_length,0.04230499099433976,5.38452242589508e-09,0.042304969456250056,True,,True,11.0,5.0,15.0,94.0,5.0,10.0,3.0,619.898983001709,141.0662841796875,227.60000610351562,103.46000671386719,0.0,6.675600051879883,0.5069265172196449,0.0,0.0,0.0,7.593449361496713,16.11703524241068,17.620574416326324,0.0,0.0
A2025796_Batch7,2025-7-9-6_mod.ASC,Batch7,2025.0,7-9-6,2025-7-9-6.asc,1,2025-7-9-6.asc,E:\ASC files\2025-7-9-6.asc,2025-07-25 21:17:54,2025.0,True,Verified_year_and_length,0.040978709656878776,2.5825658879596122e-08,0.04097860635424326,True,,True,13.0,6.0,22.0,171.0,8.0,14.0,5.0,987.8078651428223,137.26071166992188,149.32000732421875,226.11001586914062,0.0,7.184603214263916,0.8563326153567079,0.0,0.0,0.0,6.228001166923837,14.006077227306426,14.612110530574787,0.0,0.0
D2510215_Batch8,2025-10-21-5 mod.ASC,Batch8,2025.0,10-21-5,10-21-5 trace.asc,1,10-21-5 trace.asc,E:\ASC files\10-21-5 trace.asc,2025-10-31 15:18:48,2025.0,True,Verified_year_and_length,0.03622927932986439,5.32359614483097e-09,0.03622925803547981,True,,True,8.0,5.0,25.0,204.0,10.0,15.0,4.0,1074.8441772460938,130.07406616210938,205.00999450683594,183.75999450683594,0.0,4.861991882324219,2.893025186941011,0.0,0.0,0.0,6.600273562227315,14.172167106410846,19.096822564069242,0.0,0.0
D251022_Batch8,2025-10-2-2 mod.ASC,Batch8,2025.0,10-2-2,10-2-2 trace.asc | 10-2-2.asc,1,10-2-2 trace.asc,E:\ASC files\10-2-2 trace.asc,2025-10-20 22:00:46,2025.0,True,Verified_year_and_length,0.036546639878280635,2.709949370980959e-08,0.036546531480305795,True,,True,9.0,4.0,11.0,81.0,3.0,8.0,2.0,774.2150497436523,180.51478576660156,204.92999267578125,168.11001586914062,0.0,9.443866729736328,0.8665708415760598,0.0,0.0,0.0,12.340842330096851,20.416348160865297,20.76035670861903,0.0,0.0
D2510232_Batch8,2025-10-23-2 mod.ASC,Batch8,2025.0,10-23-2,10-23-2 trace.asc,1,10-23-2 trace.asc,E:\ASC files\10-23-2 trace.asc,2025-10-31 17:31:04,2025.0,True,Verified_year_and_length,0.05225671915323669,2.9169133139235697e-08,0.052256602476704134,True,,True,11.0,4.0,18.0,116.0,7.0,11.0,5.0,637.5454559326172,127.57965850830078,171.41000366210938,198.1800079345703,0.0,5.589035511016846,1.4494418928326764,0.0,0.0,0.0,7.228650318898577,14.252343828173881,14.59715862478036,0.0,0.0
D251027_Batch8,2025-10-2-7 mod.ASC,Batch8,2025.0,10-2-7,10-2-7 trace.asc,1,10-2-7 trace.asc,E:\ASC files\10-2-7 trace.asc,2025-10-20 22:52:30,2025.0,True,Verified_year_and_length,0.02581067441281212,7.500500991174286e-09,0.025810644410808155,True,,True,9.0,6.0,15.0,139.0,4.0,11.0,3.0,1017.1857109069824,154.8873748779297,199.96998596191406,186.6699981689453,0.0,5.788328647613525,2.5279035654454116,0.0,0.0,0.0,8.411345029480806,22.531103288507868,29.309202500385297,0.0,0.0
D251033_Batch8,2025-10-3-3 mod.ASC,Batch8,2025.0,10-3-3,10-3-3 trace.asc,1,10-3-3 trace.asc,E:\ASC files\10-3-3 trace.asc,2025-10-20 23:02:04,2025.0,True,Verified_year_and_length,0.020505165899528364,1.4281641913060593e-08,0.02050510877296071,True,,True,10.0,6.0,18.0,133.0,6.0,12.0,3.0,968.2553863525391,143.77145385742188,239.48001098632812,168.6199951171875,0.0,6.379256725311279,3.1857881871472475,0.0,0.0,0.0,9.165457798218082,18.819912127695925,19.33778501527438,0.0,0.0
D251064_Batch8,2025-10-6-4 mod.ASC,Batch8,2025.0,10-6-4,10-6-4 trace.asc,1,10-6-4 trace.asc,E:\ASC files\10-6-4 trace.asc,2025-10-20 23:19:14,2025.0,True,Verified_year_and_length,0.04777836963491241,5.525261379839489e-09,0.04777834753386689,True,,True,9.0,7.0,19.0,123.0,6.0,13.0,3.0,1035.61616897583,197.13494873046875,114.16999816894531,254.92999267578125,0.0,8.804915428161621,2.7997605492640876,0.0,0.0,0.0,10.084972703570573,20.189559840961856,20.33574060844118,0.0,0.0
D251072_Batch8,2025-10-7-2 mod.ASC,Batch8,2025.0,10-7-2,10-7-2 trace.asc,1,10-7-2 trace.asc,E:\ASC files\10-7-2 trace.asc,2025-10-20 23:25:18,2025.0,True,Verified_year_and_length,0.06052118414415119,3.5680375870931337e-09,0.06052116987200084,True,,True,11.0,8.0,18.0,158.0,5.0,13.0,4.0,1069.1311798095703,143.29518127441406,173.97999572753906,185.84999084472656,0.0,5.882325649261475,3.987305044083822,0.0,0.0,0.0,8.011931935696278,16.179512129180058,18.004724398996284,0.0,0.0
D251075_Batch8,2025-10-7-5 mod.ASC,Batch8,2025.0,10-7-5,10-7-5 trace.asc,1,10-7-5 trace.asc,E:\ASC files\10-7-5 trace.asc,2025-10-20 23:37:34,2025.0,True,Verified_year_and_length,0.02249513310624107,3.708288552035255e-08,0.022494984774698988,True,,True,7.0,6.0,19.0,145.0,6.0,13.0,3.0,925.8252983093262,132.2445831298828,197.51998901367188,165.79000854492188,0.0,5.1992926597595215,1.577315373194354,0.0,0.0,0.0,8.015867589377349,18.008777264037718,19.05099629357567,0.0,0.0
D251076_Batch8,2025-10-7-6 mod.ASC,Batch8,2025.0,10-7-6,10-7-6 trace.asc,1,10-7-6 trace.asc,E:\ASC files\10-7-6 trace.asc,2025-10-21 14:58:16,2025.0,True,Verified_year_and_length,0.010658309736422142,6.155736234277543e-09,0.010658285113477205,True,,True,9.0,4.0,30.0,199.0,11.0,19.0,7.0,1626.7073364257812,216.9659881591797,324.6300048828125,228.3599853515625,0.0,8.209409713745117,2.015783616173481,0.0,0.0,0.0,9.653797888495419,18.869133030560903,20.806525174371366,0.0,0.0
D251081_Batch8,2025-10-8-1 mod.ASC,Batch8,2025.0,10-8-1,10-8-1 trace.asc,1,10-8-1 trace.asc,E:\ASC files\10-8-1 trace.asc,2025-10-21 15:23:24,2025.0,True,Verified_year_and_length,0.051155698001229793,5.51443119621206e-09,0.05115567594350501,True,,True,12.0,5.0,17.0,128.0,5.0,12.0,3.0,951.1785163879395,158.80999755859375,230.19000244140625,214.92999267578125,0.0,8.489761352539062,2.67287265654571,0.0,0.0,0.0,9.40501295659472,15.967448987518868,18.622642995261057,0.0,0.0
D251162_Batch8,2025-11-6-2_mod.ASC,Batch8,2025.0,11-6-2,,0,,,,,False,Missing_matching_ASC,,,,,,,,,,,,,,,,,,,,,,,,,,,,
D251171_Batch8,2025-11-7-1_mod.ASC,Batch8,2025.0,11-7-1,,0,,,,,False,Missing_matching_ASC,,,,,,,,,,,,,,,,,,,,,,,,,,,,
D251172_Batch8,2025-11-7-2_mod.ASC,Batch8,2025.0,11-7-2,11-7-2.asc,0,,,,,False,Missing_matching_ASC,,,,,,,,,,,,,,,,,,,,,,,,,,,,
D251174_Batch8,2025-11-7-4_mod.ASC,Batch8,2025.0,11-7-4,11-7-4.asc,0,,,,,False,Missing_matching_ASC,,,,,,,,,,,,,,,,,,,,,,,,,,,,
D258155_Batch8,2025-8-15-5 mod.ASC,Batch8,2025.0,8-15-5,8-15-5 trace.asc,1,8-15-5 trace.asc,E:\ASC files\8-15-5 trace.asc,2025-08-27 21:23:46,2025.0,True,Verified_year_and_length,0.0452213080728471,2.7074366632246355e-08,0.04522119977538057,True,,True,9.0,5.0,28.0,136.0,11.0,17.0,4.0,1021.5034484863281,116.37631225585938,140.40000915527344,163.3300018310547,0.0,8.196075439453125,2.5461358132533256,0.0,0.0,0.0,9.466399075529022,17.444541004041245,18.4033265175196,0.0,0.0
D258182_Batch8,2025-8-18-2 mod.ASC,Batch8,2025.0,8-18-2,8-18-2 trace.asc,1,8-18-2 trace.asc,E:\ASC files\8-18-2 trace.asc,2025-08-27 21:44:42,2025.0,True,Verified_year_and_length,0.03442894170952812,5.203667275892768e-09,0.034428920894859015,True,,True,10.0,5.0,14.0,88.0,4.0,10.0,4.0,641.443977355957,150.30917358398438,91.43998718261719,230.41000366210938,0.0,5.9381866455078125,1.8372946833382073,0.0,0.0,0.0,8.4521717007921,15.105822045044418,15.92911492235433,0.0,0.0
D258224_Batch8,2025-8-22-4 mod.ASC,Batch8,2025.0,8-22-4,8-22-4 trace.asc,1,8-22-4 trace.asc,E:\ASC files\8-22-4 trace.asc,2025-09-26 19:58:14,2025.0,True,Verified_year_and_length,0.042838866619622974,1.1940575126662965e-08,0.04283881885732247,True,,True,11.0,6.0,15.0,117.0,4.0,11.0,3.0,903.51100730896,148.7221221923828,177.69000244140625,198.51998901367188,0.0,5.632989883422852,0.6270912760762899,0.0,0.0,0.0,9.642023841699338,21.746456584305626,25.329462699630778,0.0,0.0
D259101_Batch8,2025-9-10-1 mod.ASC,Batch8,2025.0,9-10-1,9-10-1 trace.asc,1,9-10-1 trace.asc,E:\ASC files\9-10-1 trace.asc,2025-09-29 19:37:28,2025.0,True,Verified_year_and_length,0.06002425036874267,2.6147668316716158e-08,0.0600241457780694,True,,True,6.0,6.0,27.0,189.0,9.0,18.0,5.0,1477.1413116455078,158.17832946777344,248.35000610351562,186.77999877929688,0.0,7.4744086265563965,1.7242694580694078,0.0,0.0,0.0,10.106444116375265,20.255575016704388,23.64610103490315,0.0,0.0
D259121_Batch8,2025-9-12-1 mod.ASC,Batch8,2025.0,9-12-1,9-12-1 trace.asc,1,9-12-1 trace.asc,E:\ASC files\9-12-1 trace.asc,2025-09-29 19:52:34,2025.0,True,Verified_year_and_length,0.02651272432865572,2.807802194910543e-08,0.026512612016567922,True,,True,7.0,3.0,21.0,127.0,9.0,12.0,4.0,1188.7804107666016,195.4752655029297,271.760009765625,237.29000854492188,0.0,6.418471336364746,1.173578832589973,0.0,0.0,0.0,10.831265543557034,24.977664344268856,25.180169793031183,0.0,0.0
D259122_Batch8,2025-9-12-2 mod.ASC,Batch8,2025.0,9-12-2,9-12-2 trace.asc,1,9-12-2 trace.asc,E:\ASC files\9-12-2 trace.asc,2025-09-29 20:31:24,2025.0,True,Verified_year_and_length,0.018414518714740737,2.5607980416291458e-08,0.018414416282819073,True,,True,8.0,5.0,15.0,121.0,5.0,10.0,4.0,1117.2388534545898,158.47244262695312,215.1999969482422,270.45001220703125,0.0,4.358249187469482,3.283604095627429,0.0,0.0,0.0,11.48743267179677,24.003498871519167,25.168398093594814,0.0,0.0
D259161_Batch8,2025-9-16-1 mod.ASC,Batch8,2025.0,9-16-1,9-16-1 trace.asc | 9-16-1.asc,1,9-16-1 trace.asc,E:\ASC files\9-16-1 trace.asc,2025-09-29 21:35:42,2025.0,True,Verified_year_and_length,0.0682003206391107,1.458921236333118e-08,0.06820026228226125,True,,True,13.0,9.0,32.0,239.0,10.0,22.0,4.0,1568.8432655334473,127.36229705810547,185.6999969482422,224.33999633789062,0.0,6.950596809387207,4.23641851813975,0.0,0.0,0.0,7.962725405296098,17.995260068234494,23.35365986433165,0.0,0.0
D259162_Batch8,2025-9-16-2 mod.ASC,Batch8,2025.0,9-16-2,9-16-2 trace.asc,1,9-16-2 trace.asc,E:\ASC files\9-16-2 trace.asc,2025-09-29 21:49:52,2025.0,True,Verified_year_and_length,0.022921007217530695,1.6336872920856284e-08,0.022920941870039013,True,,True,12.0,5.0,27.0,197.0,10.0,17.0,4.0,1196.6987380981445,148.90374755859375,213.85000610351562,176.86000061035156,0.0,6.880204677581787,1.5484897001833282,0.0,0.0,0.0,7.545939820327882,15.086084291131353,16.573909928738246,0.0,0.0
D259164_Batch8,2025-9-16-4 mod.ASC,Batch8,2025.0,9-16-4,9-16-4 trace.asc,1,9-16-4 trace.asc,E:\ASC files\9-16-4 trace.asc,2025-09-29 21:58:22,2025.0,True,Verified_year_and_length,0.004048334687803361,5.351886715559443e-09,0.004048313280256499,True,,True,6.0,6.0,15.0,151.0,4.0,11.0,3.0,890.9703330993652,124.43292236328125,181.08999633789062,177.59999084472656,0.0,5.235262870788574,1.304131203669166,0.0,0.0,0.0,7.241298791117668,16.441662681412666,17.288006497702785,0.0,0.0
D25943_Batch8,2025-9-4-3 mod.ASC,Batch8,2025.0,9-4-3,9-4-3 trace.asc,1,9-4-3 trace.asc,E:\ASC files\9-4-3 trace.asc,2025-09-26 21:04:54,2025.0,True,Verified_year_and_length,0.04425583660571544,1.0333164356946738e-08,0.044255795273058014,True,,True,8.0,8.0,18.0,168.0,5.0,13.0,3.0,1430.5346326828003,177.5723876953125,242.8900146484375,227.77999877929688,0.0,7.219213485717773,2.5534450887077593,0.0,0.0,0.0,10.424193066434237,19.24215940921291,22.444318691021802,0.0,0.0
D25952_Batch8,2025-9-5-2 mod.ASC,Batch8,2025.0,9-5-2,9-5-2 trace.asc,1,9-5-2 trace.asc,E:\ASC files\9-5-2 trace.asc,2025-09-26 21:35:04,2025.0,True,Verified_year_and_length,0.04294750540902878,1.8087766042137916e-09,0.04294749817392236,True,,True,7.0,7.0,17.0,119.0,5.0,12.0,4.0,1054.491111755371,129.20989990234375,200.70001220703125,193.57000732421875,0.0,5.7027459144592285,2.71663911356406,0.0,0.0,0.0,10.834731275827284,21.483002789843184,23.474058241028533,0.0,0.0
D25953_Batch8,2025-9-5-3 mod.ASC,Batch8,2025.0,9-5-3,9-5-3 trace.asc,1,9-5-3 trace.asc,E:\ASC files\9-5-3 trace.asc,2025-09-26 21:41:34,2025.0,True,Verified_year_and_length,0.05625001694571587,1.4855701258814622e-09,0.056250011003435366,True,,True,9.0,6.0,10.0,53.0,2.0,8.0,3.0,641.9586181640625,136.7709197998047,143.38998413085938,265.69000244140625,0.0,8.882972717285156,3.071600354797196,0.0,0.0,0.0,15.17154466684868,30.529031088107754,32.81231121681695,0.0,0.0
D25992_Batch8,2025-9-9-2 mod.ASC,Batch8,2025.0,9-9-2,9-9-2 trace.asc | 9-9-2.asc,1,9-9-2 trace.asc,E:\ASC files\9-9-2 trace.asc,2025-09-29 18:20:40,2025.0,True,Verified_year_and_length,0.021389523934581114,5.803968075338188e-09,0.021389500718708813,True,,True,9.0,8.0,19.0,154.0,5.0,14.0,3.0,1232.358081817627,170.0120391845703,223.62001037597656,249.92999267578125,0.0,6.6787848472595215,2.535598681802208,0.0,0.0,0.0,9.71383574070485,18.249252918199844,19.31560434793157,0.0,0.0
D25993_Batch8,2025-9-9-3 mod.ASC,Batch8,2025.0,9-9-3,9-9-3 trace.asc,1,9-9-3 trace.asc,E:\ASC files\9-9-3 trace.asc,2025-09-29 18:27:16,2025.0,True,Verified_year_and_length,0.022375471275956828,3.02142302978351e-08,0.022375350419035635,True,,True,7.0,4.0,15.0,106.0,5.0,10.0,3.0,1010.0400238037109,177.15017700195312,234.4099884033203,259.6600036621094,0.0,5.125861644744873,2.1077582118261287,0.0,0.0,0.0,12.103002623728136,24.793768524483387,25.27046693565361,0.0,0.0
D25995_Batch8,2025-9-9-5 mod.ASC,Batch8,2025.0,9-9-5,9-9-5 trace.asc,1,9-9-5 trace.asc,E:\ASC files\9-9-5 trace.asc,2025-09-29 19:23:52,2025.0,True,Verified_year_and_length,0.049377579417758576,2.5082250359478145e-08,0.049377479088757135,True,,True,8.0,4.0,14.0,75.0,4.0,10.0,4.0,722.4157676696777,112.69853973388672,146.28001403808594,199.94000244140625,0.0,6.431517124176025,1.7113707291044378,0.0,0.0,0.0,12.3727423736758,23.604253637225625,26.333516163537265,0.0,0.0
J10104_Batch3,10-10-4_mod.ASC,Batch3,,10-10-4,10-10-4.asc,1,10-10-4.asc,E:\ASC files\10-10-4.asc,2024-10-29 23:15:46,2024.0,,Verified_year_and_length,0.017607023758538766,2.0103849666911468e-08,0.0176069433431401,True,,True,9.0,6.0,33.0,216.0,13.0,20.0,6.0,1185.93452835083,132.55812072753906,203.83001708984375,204.70001220703125,0.0,8.143030166625977,2.179764421934184,0.0,0.0,0.0,6.145578297046118,15.751952299438452,16.269200646401924,0.0,0.0
J10114_Batch3,10-11-4_mod.ASC,Batch3,,10-11-4,10-11-4.asc,1,10-11-4.asc,E:\ASC files\10-11-4.asc,2024-10-29 23:24:20,2024.0,,Verified_year_and_length,0.051937790450056,4.615895917374896e-09,0.05193777198647233,True,,True,14.0,6.0,25.0,210.0,9.0,16.0,6.0,1239.6400260925293,154.0892333984375,205.55999755859375,191.61001586914062,0.0,6.994655609130859,1.2615624275125068,0.0,0.0,0.0,6.100006103515625,15.431002486105434,21.973531213134887,0.0,0.0
J10141_Batch3,10-14-1_mod.ASC,Batch3,,10-14-1,10-14-1.asc,1,10-14-1.asc,E:\ASC files\10-14-1.asc,2024-10-30 14:38:52,2024.0,,Verified_year_and_length,0.009592966032531347,4.478601932884469e-09,0.009592948118123616,True,,True,15.0,7.0,37.0,308.0,15.0,22.0,4.0,1597.0492858886719,180.99581909179688,193.13998413085938,271.6100158691406,0.0,7.945531368255615,2.680088766809938,0.0,0.0,0.0,5.449182688087856,14.062750232347367,18.18588391693833,0.0,0.0
J10145_Batch3,10-14-5_mod.ASC,Batch3,,10-14-5,10-14-5.asc,1,10-14-5.asc,E:\ASC files\10-14-5.asc,2024-10-30 14:55:52,2024.0,,Verified_year_and_length,0.03383867369144391,5.893652494016386e-09,0.03383865011683393,True,,True,10.0,5.0,20.0,135.0,7.0,13.0,3.0,1132.6962585449219,206.27066040039062,245.31005859375,250.8299560546875,0.0,11.322793960571289,1.5893872156196718,0.0,0.0,0.0,9.770724221062926,18.357274979232713,18.86126828744606,0.0,0.0
J10147_Batch3,10-14-7_mod.ASC,Batch3,,10-14-7,10-14-7.asc,1,10-14-7.asc,E:\ASC files\10-14-7.asc,2024-10-30 15:04:22,2024.0,,Verified_year_and_length,0.06088509302172746,4.359409329435718e-09,0.06088507558409014,True,,True,13.0,6.0,23.0,169.0,8.0,15.0,3.0,1093.8113861083984,150.89920043945312,160.00999450683594,220.8300018310547,0.0,9.339393615722656,1.9210019952033317,0.0,0.0,0.0,7.216841008609056,13.364036853892877,17.688561263850662,0.0,0.0
J10152_Batch3,10-15-2_mod.ASC,Batch3,,10-15-2,10-15-2.asc,1,10-15-2.asc,E:\ASC files\10-15-2.asc,2024-10-30 15:10:00,2024.0,,Verified_year_and_length,0.0025235888873171666,2.7443176849838776e-08,0.0025234791146097673,True,,True,11.0,3.0,23.0,176.0,9.0,14.0,4.0,1129.4031982421875,138.2578125,183.76998901367188,234.76998901367188,0.0,7.0213398933410645,0.0,0.0,0.0,0.0,6.820007331375212,16.436527018940573,21.110461639316583,0.0,0.0
J10153_Batch3,10-15-3_mod.ASC,Batch3,,10-15-3,10-15-3.asc,1,10-15-3.asc,E:\ASC files\10-15-3.asc,2024-10-30 15:15:40,2024.0,,Verified_year_and_length,0.07812840009217942,1.5506980953033977e-08,0.0781283380642556,True,,True,11.0,5.0,26.0,177.0,10.0,16.0,4.0,953.2450561523438,95.46601104736328,182.02000427246094,173.95999145507812,0.0,7.930294990539551,0.0,0.0,0.0,0.0,5.990007080686461,12.55051723566379,15.254796103609017,0.0,0.0
J10156_Batch3,10-15-6_mod.ASC,Batch3,,10-15-6,10-15-6.asc,1,10-15-6.asc,E:\ASC files\10-15-6.asc,2024-10-30 16:49:00,2024.0,,Verified_year_and_length,0.08201783164438954,3.8969270313483676e-09,0.08201781605668142,True,,True,9.0,7.0,18.0,102.0,5.0,13.0,5.0,611.8117637634277,124.26693725585938,196.47999572753906,130.5,0.0,8.47110366821289,1.0537789793823364,0.0,0.0,0.0,6.812703314042659,14.857295480439898,15.145003923660896,0.0,0.0
J1022_Batch3,10-2-2_mod.ASC,Batch3,,10-2-2,10-2-2 trace.asc | 10-2-2.asc,2,10-2-2.asc,E:\ASC files\10-2-2.asc,2024-10-29 22:52:42,2024.0,,Verified_year_and_length,0.04491351771879173,1.4528246840852616e-08,0.04491345960580436,True,,True,12.0,5.0,25.0,190.0,9.0,16.0,4.0,1181.5691242218018,139.8848114013672,223.8800048828125,193.79998779296875,0.0,6.526094913482666,2.13908880935076,0.0,0.0,0.0,6.512282199490868,19.668041524567176,21.752057629304513,0.0,0.0
J1074_Batch3,10-7-4_mod.ASC,Batch3,,10-7-4,10-7-4.asc,1,10-7-4.asc,E:\ASC files\10-7-4.asc,2025-01-04 20:09:04,2025.0,,Verified_year_and_length,0.04295489040063047,1.3016509179431976e-08,0.04295483833459375,True,,True,12.0,5.0,26.0,228.0,10.0,16.0,4.0,989.0980186462402,167.4136505126953,199.9000244140625,213.20001220703125,0.0,6.340634822845459,1.1992857758781463,0.0,0.0,0.0,4.721275224623115,10.718992958228666,11.31047263860713,0.0,0.0
J1082_Batch3,10-8-2_mod.ASC,Batch3,,10-8-2,10-8-2.asc,1,10-8-2.asc,E:\ASC files\10-8-2.asc,2025-01-04 20:16:10,2025.0,,Verified_year_and_length,0.04697339338074511,5.760053227645001e-09,0.0469733703405322,True,,True,14.0,6.0,38.0,253.0,16.0,22.0,5.0,1158.9685401916504,133.4280242919922,162.83999633789062,183.33001708984375,0.0,6.148926258087158,1.9662504924295927,0.0,0.0,0.0,5.08664719991001,11.949162819522543,12.943354291398268,0.0,0.0
J4235_Batch6,4-23-5_mod.ASC,Batch6,,4-23-5,4-23-5.asc,1,4-23-5.asc,E:\ASC files\4-23-5.asc,2025-06-09 19:43:52,2025.0,,Verified_year_and_length,0.014551609417028382,2.030319766728791e-08,0.014551528204237713,True,,True,11.0,5.0,29.0,250.0,12.0,17.0,5.0,1702.721300125122,175.2820587158203,236.16000366210938,290.7099914550781,0.0,6.981518745422363,1.4231501106783924,0.0,0.0,0.0,7.413663529014065,15.34682703220842,16.478198684479572,0.0,0.0
J4241_Batch6,4-24-1_mod.ASC,Batch6,,4-24-1,4-24-1.asc,1,4-24-1.asc,E:\ASC files\4-24-1.asc,2025-06-09 20:12:24,2025.0,,Verified_year_and_length,0.04865468564647998,1.1770984946387854e-08,0.04865463856254019,True,,True,9.0,5.0,33.0,189.0,14.0,19.0,5.0,1417.8334350585938,147.75997924804688,219.08999633789062,209.44000244140625,0.0,9.372151374816895,2.3737074844777624,0.0,0.0,0.0,8.72491046373935,18.37057011400728,21.578062806811968,0.0,0.0
J4281_Batch6,4-28-1_mod.ASC,Batch6,,4-28-1,4-28-1.asc,1,4-28-1.asc,E:\ASC files\4-28-1.asc,2025-06-06 16:25:34,2025.0,,Verified_year_and_length,0.05207147431398318,1.8529774892914256e-08,0.052071400194883606,True,,True,10.0,7.0,44.0,257.0,18.0,26.0,9.0,1672.681812286377,158.88003540039062,208.77001953125,257.03997802734375,0.0,8.072317123413086,1.287136713721436,0.0,0.0,0.0,7.468655166615592,19.8195100616864,20.884853390907516,0.0,0.0
J4283_Batch6,4-28-3_mod.ASC,Batch6,,4-28-3,4-28-3.asc,1,4-28-3.asc,E:\ASC files\4-28-3.asc,2025-06-06 16:12:08,2025.0,,Verified_year_and_length,0.05347485746428224,2.302457195251727e-08,0.05347476536599443,True,,True,11.0,4.0,21.0,185.0,9.0,12.0,5.0,911.2367553710938,110.29535675048828,156.00999450683594,170.8300018310547,0.0,6.542158603668213,1.786692743440348,0.0,0.0,0.0,4.974785701651278,12.654161542172917,14.561105714674799,0.0,0.0
J4285_Batch6,4-28-5_mod.ASC,Batch6,,4-28-5,4-28-5.asc,1,4-28-5.asc,E:\ASC files\4-28-5.asc,2025-06-06 16:04:06,2025.0,,Verified_year_and_length,0.04174726402886055,1.6630182564438188e-08,0.041747197508130295,True,,True,11.0,5.0,23.0,165.0,9.0,14.0,4.0,774.1708450317383,119.32009887695312,128.41000366210938,185.20999145507812,0.0,5.323334693908691,1.6056064015208387,0.0,0.0,0.0,5.201380538026617,12.904986746397466,13.520301964903862,0.0,0.0
J5146_Batch6,5-14-6_mod.ASC,Batch6,,5-14-6,5-14-6.asc,1,5-14-6.asc,E:\ASC files\5-14-6.asc,2025-06-05 15:34:14,2025.0,,Verified_year_and_length,0.03356498422435998,2.3513213587521155e-08,0.03356489017150563,True,,True,11.0,6.0,29.0,263.0,11.0,18.0,4.0,1561.5246353149414,144.1610107421875,235.47998046875,229.42999267578125,0.0,6.523211479187012,0.7449677128637289,0.0,0.0,0.0,6.274293708686552,14.614787322557612,16.27003447938898,0.0,0.0
J5161_Batch6,5-16-1_mod.ASC,Batch6,,5-16-1,5-16-1.asc,1,5-16-1.asc,E:\ASC files\5-16-1.asc,2025-06-05 15:39:40,2025.0,,Verified_year_and_length,0.04511890777365596,1.8917694118290665e-08,0.04511883210287949,True,,True,11.0,7.0,21.0,170.0,7.0,14.0,5.0,957.8234348297119,152.0054168701172,123.68998718261719,251.20001220703125,0.0,8.557051658630371,1.3714261796446063,0.0,0.0,0.0,6.10816566715976,13.484297459845237,16.46465813952432,0.0,0.0
J5164_Batch6,5-16-4_mod.ASC,Batch6,,5-16-4,5-16-4.asc,1,5-16-4.asc,E:\ASC files\5-16-4.asc,2025-06-05 15:55:22,2025.0,,Verified_year_and_length,0.009122026941811221,3.1314177170903745e-08,0.009121901685102537,True,,True,8.0,6.0,30.0,201.0,12.0,18.0,7.0,1020.2434940338135,99.15277099609375,97.19999694824219,188.55999755859375,0.0,4.528649806976318,1.2456492568683366,0.0,0.0,0.0,5.853479331824131,12.431600864227523,12.76709440317283,0.0,0.0
J5167_Batch6,5-16-7_mod.ASC,Batch6,,5-16-7,5-16-7.asc,1,5-16-7.asc,E:\ASC files\5-16-7.asc,2025-06-05 16:03:36,2025.0,,Verified_year_and_length,0.012584658145951137,3.68112579795747e-15,0.012584658145936413,True,,True,11.0,4.0,24.0,166.0,10.0,14.0,4.0,1173.5811462402344,130.4938201904297,178.24000549316406,211.02000427246094,0.0,7.177135944366455,0.1731149489694026,0.0,0.0,0.0,7.853772628022097,16.779234370435482,17.74986874504498,0.0,0.0
J5191_Batch6,5-19-1_mod.ASC,Batch6,,5-19-1,5-19-1.asc,1,5-19-1.asc,E:\ASC files\5-19-1.asc,2025-06-05 16:15:32,2025.0,,Verified_year_and_length,0.013535220222600109,1.1338653443681797e-08,0.013535174867986334,True,,True,13.0,8.0,40.0,331.0,16.0,24.0,4.0,1976.5433883666992,145.92471313476562,214.16000366210938,210.57000732421875,0.0,8.101789474487305,0.6760784269947333,0.0,0.0,0.0,6.482969275348143,14.007292558359959,17.9130335045726,0.0,0.0
J5192_Batch6,5-19-2_mod.ASC,Batch6,,5-19-2,5-19-2.asc,1,5-19-2.asc,E:\ASC files\5-19-2.asc,2025-06-05 16:22:06,2025.0,,Verified_year_and_length,0.07859347954333035,1.3977213088498557e-08,0.078593423634478,True,,True,12.0,7.0,15.0,145.0,4.0,11.0,3.0,733.4794921875,90.85114288330078,170.61000061035156,92.71000671386719,0.0,6.653881072998047,1.1546293938262773,0.0,0.0,0.0,5.341596486035957,11.256235709011888,17.435697882349718,0.0,0.0
J5195_Batch6,5-19-5_mod.ASC,Batch6,,5-19-5,5-19-5.asc,1,5-19-5.asc,E:\ASC files\5-19-5.asc,2025-06-05 16:31:18,2025.0,,Verified_year_and_length,0.02874957916012156,9.842064249551651e-09,0.02874953979186456,True,,True,8.0,5.0,31.0,200.0,13.0,18.0,4.0,1308.1201629638672,131.53245544433594,186.32000732421875,220.22000122070312,0.0,5.567740440368652,1.1154687233542848,0.0,0.0,0.0,6.829803576584966,18.143744172801984,23.939481297789612,0.0,0.0
J5205_Batch6,5-20-5_mod.ASC,Batch6,,5-20-5,5-20-5.asc,1,5-20-5.asc,E:\ASC files\5-20-5.asc,2025-06-05 17:07:38,2025.0,,Verified_year_and_length,0.0229582152854327,4.145574363274e-09,0.022958198703135247,True,,True,11.0,5.0,25.0,242.0,10.0,15.0,5.0,1437.789176940918,143.36810302734375,274.3299865722656,178.69000244140625,0.0,6.727421283721924,2.0887924237563738,0.0,0.0,0.0,6.24468414559012,13.283967071572775,14.340151458323778,0.0,0.0
J5214_Batch6,5-21-4_mod.ASC,Batch6,,5-21-4,5-21-4.asc,1,5-21-4.asc,E:\ASC files\5-21-4.asc,2025-06-05 17:24:40,2025.0,,Verified_year_and_length,0.02629375765524119,7.786141646473847e-09,0.026293726510674603,True,,True,11.0,6.0,29.0,215.0,11.0,18.0,5.0,1041.1092834472656,141.92364501953125,213.04000854492188,143.67001342773438,0.0,5.945217609405518,0.25654427571316596,0.0,0.0,0.0,5.085528936567614,12.098826990595345,16.897144826381997,0.0,0.0
J5216_Batch6,5-21-6_mod.ASC,Batch6,,5-21-6,5-21-6.asc,1,5-21-6.asc,E:\ASC files\5-21-6.asc,2025-06-05 17:36:06,2025.0,,Verified_year_and_length,0.05679260546966299,5.789183626434984e-08,0.056792373902317936,True,,True,12.0,3.0,33.0,216.0,14.0,19.0,6.0,988.4029693603516,127.3199462890625,116.50999450683594,213.489990234375,0.0,6.05586051940918,0.8099476343198679,0.0,0.0,0.0,4.9504873534515825,12.732913441388641,19.320960582291242,0.0,0.0
J5223_Batch6,5-22-3_mod.ASC,Batch6,,5-22-3,5-22-3.asc,1,5-22-3.asc,E:\ASC files\5-22-3.asc,2025-06-05 17:41:50,2025.0,,Verified_year_and_length,0.047578839553444406,3.1225567947462046e-08,0.04757871465117262,True,,True,12.0,5.0,29.0,173.0,12.0,17.0,5.0,946.7851905822754,102.37388610839844,131.54998779296875,194.39999389648438,0.0,6.08291482925415,0.9151741163011007,0.0,0.0,0.0,6.155815385248507,13.026262726375913,13.34342162121639,0.0,0.0
J5227_Batch6,5-22-7_mod.ASC,Batch6,,5-22-7,5-22-7.asc,1,5-22-7.asc,E:\ASC files\5-22-7.asc,2025-06-05 17:45:04,2025.0,,Verified_year_and_length,0.033680945610624693,4.0937818002939575e-08,0.03368078185935268,True,,True,9.0,4.0,14.0,84.0,5.0,9.0,3.0,489.2092628479004,128.3348388671875,129.97999572753906,170.61000061035156,0.0,5.157268524169922,2.0281104266414793,0.0,0.0,0.0,6.233871754562114,17.356323930817275,21.751146221261365,0.0,0.0
M1164_Batch5,1-16-4_mod.ASC,Batch5,,1-16-4,1-16-4.asc,1,1-16-4.asc,E:\ASC files\1-16-4.asc,2025-01-30 17:47:56,2025.0,,Verified_year_and_length,0.03570792572241466,3.350106678664866e-08,0.03570779171814751,True,,True,11.0,5.0,36.0,283.0,15.0,21.0,6.0,1558.5676651000977,140.0380401611328,214.94000244140625,210.57998657226562,0.0,7.073953151702881,1.4536073948358066,0.0,0.0,0.0,6.054381350133543,12.907847130381457,14.029470229644492,0.0,0.0
M1175_Batch5,1-17-5_mod.ASC,Batch5,,1-17-5,1-17-5.asc,1,1-17-5.asc,E:\ASC files\1-17-5.asc,2025-01-30 18:39:52,2025.0,,Parse_failure,inf,inf,inf,False,"RawDataError: 
[1;31mE:\ASC files\1-17-5.asc:2:error[0m

Unexpected token: 180.28",False,0.0,,,,,,,,,,,,,,,,,,,,,
M12132_Batch5,12-13-2_mod.ASC,Batch5,,12-13-2,12-13-2.asc,1,12-13-2.asc,E:\ASC files\12-13-2.asc,2025-01-17 16:13:14,2025.0,,Verified_year_and_length,0.10443337606851028,8.55066856316927e-09,0.10443334186583603,True,,True,16.0,9.0,29.0,210.0,9.0,20.0,3.0,948.0231781005859,92.95580291748047,146.49000549316406,118.80999755859375,0.0,9.048833847045898,2.9348359599313643,0.0,0.0,0.0,4.809269753470905,10.93230514947278,11.704971265470665,0.0,0.0
M1275_Batch5,1-27-5_mod.ASC,Batch5,,1-27-5,1-27-5.asc,1,1-27-5.asc,E:\ASC files\1-27-5.asc,2025-02-10 19:39:34,2025.0,,Review_metric_mismatch,5.0,1.0,1.0,True,,False,0.0,0.0,0.0,0.0,0.0,0.0,0.0,0.0,0.0,0.0,0.0,0.0,0.0,,0.0,0.0,0.0,,,,0.0,0.0
M1276_Batch5,1-27-6_mod.ASC,Batch5,,1-27-6,1-27-6.asc | 1-27-6@.asc,2,1-27-6.asc,E:\ASC files\1-27-6.asc,2025-02-10 19:46:24,2025.0,,Verified_year_and_length,0.07406417393349521,2.6662069553423878e-08,0.074064067285217,True,,True,12.0,5.0,19.0,124.0,7.0,12.0,3.0,679.6100616455078,97.13536834716797,140.61001586914062,128.17999267578125,0.0,6.397157669067383,0.8241770217159337,0.0,0.0,0.0,6.234115396386714,12.36561128320987,16.9802544063219,0.0,0.0
M1293_Batch5,12-9-3_mod.ASC,Batch5,,12-9-3,12-9-3.asc,1,12-9-3.asc,E:\ASC files\12-9-3.asc,2024-12-29 16:16:16,2024.0,,Verified_year_and_length,0.02976954002645496,3.0371685881390865e-08,0.029769418539711434,True,,True,9.0,6.0,24.0,157.0,9.0,15.0,4.0,910.6032772064209,161.05523681640625,155.64999389648438,273.3599853515625,0.0,5.304486274719238,1.505435396242162,0.0,0.0,0.0,6.630221493174066,14.403238437309119,16.407802000811657,0.0,0.0
M1296_Batch5,12-9-6_mod.ASC,Batch5,,12-9-6,12-9-6.asc,1,12-9-6.asc,E:\ASC files\12-9-6.asc,2024-12-29 16:31:04,2024.0,,Verified_year_and_length,0.028161441665185322,2.4599375075980326e-08,0.02816134326768502,True,,True,13.0,3.0,13.0,144.0,5.0,8.0,4.0,668.751974105835,168.94960021972656,221.69998168945312,189.2100067138672,0.0,7.2247138023376465,0.8905902598616073,0.0,0.0,0.0,4.342313732310347,15.418647215712225,16.44672853724334,0.0,0.0
M2103_Batch5,2-10-3_mod.ASC,Batch5,,2-10-3,2-10-3.asc,1,2-10-3.asc,E:\ASC files\2-10-3.asc,2025-02-19 22:58:26,2025.0,,Verified_year_and_length,0.05432599908027547,3.130886826060415e-08,0.054325873844802426,True,,True,13.0,5.0,19.0,170.0,7.0,12.0,3.0,868.1155776977539,128.7161407470703,185.0800018310547,172.2100067138672,0.0,6.583315849304199,0.22060439843698454,0.0,0.0,0.0,5.708280295181772,11.066494343677379,12.033295686477949,0.0,0.0
M2121_Batch5,2-12-1_mod.ASC,Batch5,,2-12-1,2-12-1.asc,1,2-12-1.asc,E:\ASC files\2-12-1.asc,2025-02-19 23:03:10,2025.0,,Verified_year_and_length,0.04930541380842213,7.762167494418762e-09,0.04930538275975215,True,,True,12.0,4.0,16.0,126.0,6.0,10.0,3.0,675.7401962280273,116.12765502929688,150.85000610351562,170.24998474121094,0.0,6.602621078491211,0.0488125748653605,0.0,0.0,0.0,5.946657703182208,12.518975800697437,13.432527513847768,0.0,0.0
M2253_Batch5,2-25-3_mod.ASC,Batch5,,2-25-3,2-25-3.asc,1,2-25-3.asc,E:\ASC files\2-25-3.asc,2025-03-13 21:58:30,2025.0,,Verified_year_and_length,0.030004132706055793,2.524255159973573e-08,0.030004031735849396,True,,True,12.0,4.0,38.0,286.0,17.0,21.0,5.0,1775.6802062988281,189.0979766845703,255.47998046875,303.44000244140625,0.0,6.1017746925354,2.0272863687726588,0.0,0.0,0.0,6.781899997977893,13.377665858705544,18.461445804742382,0.0,0.0
M2255_Batch5,2-25-5_mod.ASC,Batch5,,2-25-5,2-25-5.asc,1,2-25-5.asc,E:\ASC files\2-25-5.asc,2025-03-13 22:08:46,2025.0,,Verified_year_and_length,0.058099979367647756,2.700579486006895e-09,0.05809996856532981,True,,True,12.0,6.0,24.0,224.0,9.0,15.0,4.0,1059.4084777832031,140.95533752441406,85.24000549316406,250.69000244140625,0.0,6.7807393074035645,2.552245335905903,0.0,0.0,0.0,5.000671360975867,10.441166079232723,15.335509294997753,0.0,0.0
M234_Batch5,2-3-4_mod.ASC,Batch5,,2-3-4,2-3-4.asc,1,2-3-4.asc,E:\ASC files\2-3-4.asc,2025-02-12 16:30:02,2025.0,,Verified_year_and_length,0.04617452524161669,7.2403049378687745e-09,0.046174496280396944,True,,True,11.0,6.0,16.0,142.0,5.0,11.0,3.0,658.5872039794922,115.17646789550781,119.02000427246094,168.50999450683594,0.0,5.309940338134766,0.311826985676106,0.0,0.0,0.0,4.551106204883979,13.888706599177034,15.082536234589066,0.0,0.0
M251_Batch5,2-5-1_mod.ASC,Batch5,,2-5-1,2-5-1.asc,1,2-5-1.asc,E:\ASC files\2-5-1.asc,2025-02-12 16:35:32,2025.0,,Verified_year_and_length,0.08184475619525418,9.257037049303093e-09,0.08184471916710598,True,,True,12.0,5.0,21.0,190.0,8.0,13.0,3.0,1133.237663269043,131.57479858398438,186.82000732421875,227.15000915527344,0.0,8.752796173095703,1.2100033977572373,0.0,0.0,0.0,6.471677145699134,13.354366060096721,14.576456914466911,0.0,0.0
M253_Batch5,2-5-3_mod.ASC,Batch5,,2-5-3,2-5-3.asc,1,2-5-3.asc,E:\ASC files\2-5-3.asc,2025-02-12 16:46:16,2025.0,,Verified_year_and_length,0.0031695334850550807,2.7883403758668315e-09,0.0031695223316935773,True,,True,12.0,8.0,26.0,245.0,9.0,17.0,6.0,940.5611000061035,111.4636001586914,120.7699966430664,157.17001342773438,0.0,5.7425384521484375,1.9460699326799409,0.0,0.0,0.0,4.050311719415271,9.70690172208603,12.280079704798474,0.0,0.0
M266_Batch5,2-6-6_mod.ASC,Batch5,,2-6-6,2-6-6.asc,1,2-6-6.asc,E:\ASC files\2-6-6.asc,2025-02-12 17:05:26,2025.0,,Verified_year_and_length,0.018259107679037392,1.6056931723153913e-08,0.0182590434513105,True,,True,10.0,4.0,33.0,226.0,14.0,19.0,6.0,1306.6534118652344,114.8303451538086,210.79998779296875,209.92001342773438,0.0,7.150498867034912,0.011632966040033388,0.0,0.0,0.0,6.413318261541503,12.911230774229944,31.23157276328203,0.0,0.0
M272_Batch5,2-7-2_mod.ASC,Batch5,,2-7-2,2-7-2.asc,1,2-7-2.asc,E:\ASC files\2-7-2.asc,2025-02-12 17:19:12,2025.0,,Verified_year_and_length,0.06953073023719693,1.4730296974053823e-08,0.06953067131600903,True,,True,11.0,7.0,22.0,174.0,7.0,15.0,3.0,1100.6204986572266,129.75205993652344,191.8300018310547,180.49000549316406,0.0,7.952895641326904,0.9272510090850883,0.0,0.0,0.0,6.7984863472341,16.948360992622355,20.40884174355827,0.0,0.0
M3111_Batch5,3-11-1_mod.ASC,Batch5,,3-11-1,3-11-1.asc,1,3-11-1.asc,E:\ASC files\3-11-1.asc,2025-03-21 21:25:42,2025.0,,Verified_year_and_length,0.06207777465554393,2.8590820609668423e-09,0.06207776321921568,True,,True,12.0,7.0,21.0,153.0,7.0,14.0,3.0,833.8993225097656,110.77159881591797,186.07998657226562,120.33000183105469,0.0,5.729270935058594,1.4280990657325106,0.0,0.0,0.0,5.772774931268236,13.804353542535642,18.49860059173538,0.0,0.0
M3122_Batch5,3-12-2_mod.ASC,Batch5,,3-12-2,3-12-2.asc,1,3-12-2.asc,E:\ASC files\3-12-2.asc,2025-03-21 21:32:04,2025.0,,Verified_year_and_length,0.04819240038820123,3.785568225256898e-08,0.04819224896547222,True,,True,12.0,5.0,19.0,206.0,7.0,12.0,4.0,957.31005859375,141.34922790527344,180.92999267578125,220.16998291015625,0.0,5.29597806930542,1.8365022280915664,0.0,0.0,0.0,4.589582676158483,11.698214809790791,12.702788041832134,0.0,0.0
M3124_Batch5,3-12-4_mod.ASC,Batch5,,3-12-4,3-12-4.asc,1,3-12-4.asc,E:\ASC files\3-12-4.asc,2025-03-21 21:36:24,2025.0,,Verified_year_and_length,0.06290816752792987,3.839419333801419e-09,0.06290815217025253,True,,True,10.0,5.0,17.0,133.0,6.0,11.0,3.0,745.1709213256836,130.8824920654297,239.57998657226562,115.97000122070312,0.0,6.492726802825928,1.4470083301127143,0.0,0.0,0.0,5.9257351089846,12.945118641669971,18.57711923462893,0.0,0.0
M3214_Batch5,3-21-4_mod.ASC,Batch5,,3-21-4,3-21-4.asc,1,3-21-4.asc,E:\ASC files\3-21-4.asc,2025-04-11 18:26:50,2025.0,,Verified_year_and_length,0.010601796469061637,1.9128493863377803e-15,0.010601796469053985,True,,True,11.0,6.0,12.0,79.0,3.0,9.0,3.0,505.18254470825195,99.84793853759766,118.80999755859375,138.42001342773438,0.0,6.382962226867676,1.3664246267806393,0.0,0.0,0.0,6.033919655877144,24.709785277194445,30.421597604427962,0.0,0.0
M3263_Batch5,3-26-3_mod.ASC,Batch5,,3-26-3,3-26-3.asc,1,3-26-3.asc,E:\ASC files\3-26-3.asc,2025-04-11 19:00:26,2025.0,,Verified_year_and_length,0.03144842340408093,1.9722402069330817e-08,0.031448344514472655,True,,True,11.0,4.0,20.0,208.0,8.0,12.0,5.0,942.9201507568359,110.972900390625,145.6199951171875,158.04000854492188,0.0,6.654689311981201,0.0,0.0,0.0,0.0,4.792301623679734,10.500408624365269,12.940056253636962,0.0,0.0
M3266_Batch5,3-26-6_mod.ASC,Batch5,,3-26-6,3-26-6.asc,1,3-26-6.asc,E:\ASC files\3-26-6.asc,2025-04-11 19:10:12,2025.0,,Verified_year_and_length,0.012523073887843402,3.1942605646107355e-08,0.012522946117420818,True,,True,10.0,6.0,14.0,142.0,4.0,10.0,3.0,940.4599800109863,139.52427673339844,186.61000061035156,167.1999969482422,0.0,7.353246212005615,0.6664913838472692,0.0,0.0,0.0,6.873071354865036,15.402944205876805,18.343011301273204,0.0,0.0
M3271_Batch5,3-27-1_mod.ASC,Batch5,,3-27-1,3-27-1.asc,1,3-27-1.asc,E:\ASC files\3-27-1.asc,2025-04-11 19:32:42,2025.0,,Verified_year_and_length,0.0303764923824357,2.1452044226660782e-08,0.03037640657425879,True,,True,11.0,3.0,23.0,202.0,10.0,13.0,5.0,1111.4021606445312,141.22605895996094,265.7300109863281,189.22000122070312,0.0,6.3560261726379395,0.6853240224794863,0.0,0.0,0.0,6.066647540309061,12.556217030526435,14.554192421047343,0.0,0.0
M3272_Batch5,3-27-2_mod.ASC,Batch5,,3-27-2,3-27-2.asc,1,3-27-2.asc,E:\ASC files\3-27-2.asc,2025-04-11 19:45:10,2025.0,,Verified_year_and_length,0.051310840257277945,8.70374659644638e-10,0.05131083677577931,True,,True,11.0,4.0,41.0,327.0,18.0,23.0,6.0,1643.5538330078125,136.09707641601562,193.79998779296875,234.77999877929688,0.0,6.107550144195557,0.5736672841814583,0.0,0.0,0.0,5.565042550013907,12.745050579016821,13.367037974260755,0.0,0.0
M3273_Batch5,3-27-3_mod.ASC,Batch5,,3-27-3,3-27-3.asc,1,3-27-3.asc,E:\ASC files\3-27-3.asc,2025-04-11 20:05:48,2025.0,,Verified_year_and_length,0.039424377566083954,1.2647995152233567e-08,0.03942432697410334,True,,True,11.0,8.0,32.0,293.0,12.0,20.0,4.0,1394.9223937988281,142.3768310546875,246.5500030517578,183.98001098632812,0.0,6.8578715324401855,1.4077650687394545,0.0,0.0,0.0,5.072358238830415,11.162028863972779,12.552578138373628,0.0,0.0
M3282_Batch5,3-28-2_mod.ASC,Batch5,,3-28-2,3-28-2.asc,1,3-28-2.asc,E:\ASC files\3-28-2.asc,2025-04-11 20:45:04,2025.0,,Verified_year_and_length,0.015478107259953744,3.3457326749367194e-08,0.015477973430646746,True,,True,11.0,8.0,32.0,278.0,12.0,20.0,6.0,1432.3359565734863,145.3046112060547,245.4600067138672,127.739990234375,0.0,8.253273963928223,2.387896633122928,0.0,0.0,0.0,5.289157519892997,13.437733364641232,18.11165868939465,0.0,0.0
M3285_Batch5,3-28-5_mod.ASC,Batch5,,3-28-5,3-28-5.asc,1,3-28-5.asc,E:\ASC files\3-28-5.asc,2025-04-11 20:56:58,2025.0,,Verified_year_and_length,0.06355310362478853,9.390754137205011e-09,0.06355306606177198,True,,True,12.0,4.0,29.0,236.0,12.0,17.0,5.0,1320.209716796875,137.36187744140625,196.41000366210938,190.95999145507812,0.0,7.876498699188232,1.0546409190017751,0.0,0.0,0.0,6.144476609936681,14.342686564908885,15.893239585828171,0.0,0.0
M3311_Batch5,3-31-1_mod.ASC,Batch5,,3-31-1,3-31-1.asc,1,3-31-1.asc,E:\ASC files\3-31-1.asc,2025-04-11 21:17:22,2025.0,,Verified_year_and_length,0.03079098299337345,2.1876937042303642e-08,0.03079089548562528,True,,True,12.0,3.0,21.0,164.0,8.0,13.0,4.0,882.7518157958984,142.30079650878906,115.97001647949219,234.1300048828125,0.0,5.089889049530029,0.8121482105965923,0.0,0.0,0.0,5.933917697090447,11.403413076537468,12.115603610317791,0.0,0.0
M332_Batch5,3-3-2_mod.ASC,Batch5,,3-3-2,3-3-2.asc,1,3-3-2.asc,E:\ASC files\3-3-2.asc,2025-03-17 16:05:54,2025.0,,Verified_year_and_length,0.0777491140149448,5.364496665617856e-09,0.07774909255695814,True,,True,12.0,3.0,34.0,156.0,15.0,19.0,6.0,711.1008605957031,108.71316528320312,175.6999969482422,170.03001403808594,0.0,7.97765588760376,3.1946417934063476,0.0,0.0,0.0,5.379742842714506,16.88080141380252,21.252105984798913,0.0,0.0
M342_Batch5,3-4-2_mod.ASC,Batch5,,3-4-2,3-4-2.asc,1,3-4-2.asc,E:\ASC files\3-4-2.asc,2025-03-17 15:59:30,2025.0,,Verified_year_and_length,0.06991247618349024,2.1118972409232245e-08,0.06991239170760061,True,,True,12.0,6.0,16.0,139.0,5.0,11.0,4.0,677.3585014343262,122.39197540283203,175.70001220703125,198.37001037597656,0.0,7.159343242645264,1.9031000281995993,0.0,0.0,0.0,4.976904261227882,11.50060579606561,15.308824702623276,0.0,0.0
M354_Batch5,3-5-4_mod.ASC,Batch5,,3-5-4,3-5-4.asc,1,3-5-4.asc,E:\ASC files\3-5-4.asc,2025-03-17 15:34:02,2025.0,,Verified_year_and_length,0.06118957878953094,1.1835985403003282e-08,0.06118953144558933,True,,True,13.0,5.0,29.0,227.0,12.0,17.0,4.0,1168.3254699707031,130.63832092285156,192.26998901367188,159.77999877929688,0.0,6.72092342376709,2.410208488160727,0.0,0.0,0.0,5.790906576267645,13.45987361483376,14.860037318476436,0.0,0.0
M362_Batch5,3-6-2_mod.ASC,Batch5,,3-6-2,3-6-2.asc,1,3-6-2.asc,E:\ASC files\3-6-2.asc,2025-03-17 15:22:42,2025.0,,Verified_year_and_length,0.0313906219585668,7.841176251851627e-09,0.031390590593861796,True,,True,10.0,5.0,29.0,214.0,12.0,17.0,4.0,1337.862663269043,170.73387145996094,190.52001953125,268.7799987792969,0.0,6.815989017486572,2.6473198235808777,0.0,0.0,0.0,6.979415332179024,13.578890312777535,14.606634806523266,0.0,0.0
M4112_Batch5,4-11-2_mod.ASC,Batch5,,4-11-2,4-11-2.asc,1,4-11-2.asc,E:\ASC files\4-11-2.asc,2025-04-17 16:36:22,2025.0,,Verified_year_and_length,0.04191748946627037,5.3004047220889055e-08,0.04191727745008149,True,,True,11.0,5.0,23.0,153.0,9.0,14.0,3.0,917.6165962219238,114.91698455810547,182.44998168945312,159.35000610351562,0.0,8.010703086853027,0.7265299607532665,0.0,0.0,0.0,6.748904132118944,13.899117018214454,14.161088692580785,0.0,0.0
M4113_Batch5,4-11-3_mod.ASC,Batch5,,4-11-3,4-11-3.asc,1,4-11-3.asc,E:\ASC files\4-11-3.asc,2025-04-17 16:39:58,2025.0,,Verified_year_and_length,0.05634957103626646,2.3829129349740297e-08,0.05634947571974906,True,,True,9.0,5.0,16.0,103.0,5.0,11.0,3.0,780.4166870117188,163.26287841796875,146.9199981689453,234.33999633789062,0.0,8.60534381866455,2.273283543138822,0.0,0.0,0.0,7.901401927317882,20.742181001318578,22.17532328001746,0.0,0.0
M4114_Batch5,4-11-4_mod.ASC,Batch5,,4-11-4,4-11-4.asc,1,4-11-4.asc,E:\ASC files\4-11-4.asc,2025-04-17 16:44:10,2025.0,,Verified_year_and_length,0.047336438394448434,7.367678695538011e-09,0.04733640892373365,True,,True,11.0,5.0,15.0,140.0,5.0,10.0,3.0,809.0016479492188,142.59579467773438,178.54000854492188,154.55999755859375,0.0,6.738482475280762,1.0487890831956452,0.0,0.0,0.0,6.38951025004754,13.025522561249858,13.965153733461033,0.0,0.0
M4115_Batch5,4-11-5_mod.ASC,Batch5,,4-11-5,4-11-5.asc,1,4-11-5.asc,E:\ASC files\4-11-5.asc,2025-04-17 16:51:06,2025.0,,Verified_year_and_length,0.05426689047877896,8.999325080336556e-09,0.05426685448147864,True,,True,10.0,4.0,14.0,115.0,5.0,9.0,4.0,1059.718593597412,299.80401611328125,400.04998779296875,229.85000610351562,0.0,12.715290069580078,2.7739077847626685,0.0,0.0,0.0,9.478352145146152,22.800945610384787,23.556780724270542,0.0,0.0
M4116_Batch5,4-11-6_mod.ASC,Batch5,,4-11-6,4-11-6.asc,1,4-11-6.asc,E:\ASC files\4-11-6.asc,2025-04-17 17:01:40,2025.0,,Verified_year_and_length,0.037006993945266915,5.272868427327241e-09,0.03700697285379321,True,,True,9.0,5.0,14.0,108.0,4.0,10.0,3.0,723.4577255249023,139.49476623535156,104.98001098632812,213.11000061035156,0.0,7.572848796844482,1.9384095910852892,0.0,0.0,0.0,6.929378497134689,18.72372280538379,20.657315984005006,0.0,0.0
M414_Batch5,4-1-4_mod.ASC,Batch5,,4-1-4,4-1-4.asc,1,4-1-4.asc,E:\ASC files\4-1-4.asc,2025-04-11 21:36:00,2025.0,,Verified_year_and_length,0.06512493244217007,1.3615330386983735e-08,0.06512487798084853,True,,True,12.0,7.0,29.0,200.0,11.0,18.0,5.0,998.1291580200195,119.39447021484375,102.02000427246094,209.04998779296875,0.0,8.026598930358887,0.4980055659868423,0.0,0.0,0.0,5.454450805892423,11.64455037455315,17.27222800421274,0.0,0.0
M4155_Batch5,4-15-5_mod.ASC,Batch5,,4-15-5,4-15-5.asc,1,4-15-5.asc,E:\ASC files\4-15-5.asc,2025-04-23 15:02:42,2025.0,,Verified_year_and_length,0.030697120726369924,8.004213042691119e-09,0.030697088709517754,True,,True,13.0,5.0,16.0,147.0,5.0,11.0,4.0,834.0258102416992,135.67974853515625,245.02001953125,100.05000305175781,0.0,6.804955005645752,1.368762961736886,0.0,0.0,0.0,5.880044031320732,13.479692163170519,15.598806211131349,0.0,0.0
M416_Batch5,4-1-6_mod.ASC,Batch5,,4-1-6,4-1-6.asc,1,4-1-6.asc,E:\ASC files\4-1-6.asc,2025-04-11 21:41:50,2025.0,,Verified_year_and_length,0.049170846011890285,1.1968171292136143e-08,0.049170798139205114,True,,True,12.0,7.0,27.0,225.0,10.0,17.0,5.0,1354.6317596435547,163.75021362304688,170.69000244140625,258.32000732421875,0.0,8.006630897521973,0.8305784167287555,0.0,0.0,0.0,6.354329923116676,15.834477030793087,21.833327934968313,0.0,0.0
M4164_Batch5,4-16-4_mod.ASC,Batch5,,4-16-4,4-16-4.asc,1,4-16-4.asc,E:\ASC files\4-16-4.asc,2025-04-23 15:08:50,2025.0,,Verified_year_and_length,0.06245924337423052,2.3912613529319094e-08,0.0624591477237764,True,,True,10.0,5.0,15.0,123.0,5.0,10.0,4.0,837.5144500732422,142.74742126464844,193.57998657226562,234.1199951171875,0.0,9.516685485839844,0.565530545745137,0.0,0.0,0.0,7.076931211577866,18.303999606082787,20.2235496380119,0.0,0.0
M4167_Batch5,4-16-7_mod.ASC,Batch5,,4-16-7,4-16-7.asc,1,4-16-7.asc,E:\ASC files\4-16-7.asc,2025-04-23 15:16:20,2025.0,,Verified_year_and_length,0.025262662178945378,2.0036331101418714e-08,0.025262582033620973,True,,True,11.0,6.0,30.0,206.0,12.0,18.0,4.0,1118.53564453125,135.50914001464844,141.9199981689453,198.5900115966797,0.0,8.938294410705566,2.159480715726401,0.0,0.0,0.0,6.1548811687578375,13.795068730961184,15.310941765422506,0.0,0.0
M417_Batch5,4-1-7_mod.ASC,Batch5,,4-1-7,4-1-7.asc,1,4-1-7.asc,E:\ASC files\4-1-7.asc,2025-04-11 21:46:22,2025.0,,Verified_year_and_length,0.05746976414595536,5.00487451689717e-09,0.05746974412645729,True,,True,11.0,7.0,17.0,161.0,5.0,12.0,3.0,1238.568302154541,178.1239471435547,279.69000244140625,178.32000732421875,0.0,13.568689346313477,1.3723494264659521,0.0,0.0,0.0,8.628011602805028,17.32505018452457,18.77934120574725,0.0,0.0
M4172_Batch5,4-17-2_mod.ASC,Batch5,,4-17-2,4-17-2.asc,1,4-17-2.asc,E:\ASC files\4-17-2.asc,2025-04-23 15:27:06,2025.0,,Verified_year_and_length,0.0708795559297543,2.7573033825634014e-09,0.07087954490054077,True,,True,13.0,4.0,16.0,116.0,6.0,10.0,4.0,691.7439956665039,156.83767700195312,165.66998291015625,199.67999267578125,0.0,9.611505508422852,0.8162562192232858,0.0,0.0,0.0,6.460111466577619,13.134667658184737,14.206484830627229,0.0,0.0
M4173_Batch5,4-17-3_mod.ASC,Batch5,,4-17-3,4-17-3.asc,1,4-17-3.asc,E:\ASC files\4-17-3.asc,2025-04-23 15:33:48,2025.0,,Verified_year_and_length,0.06731777963325175,3.2999801583017638e-09,0.06731776643333112,True,,True,13.0,8.0,16.0,141.0,4.0,12.0,3.0,722.4851303100586,120.28458404541016,182.45999145507812,171.33999633789062,0.0,9.281095504760742,2.762941951305665,0.0,0.0,0.0,5.707133369854794,9.850876062639731,10.480808427222799,0.0,0.0
M4176_Batch5,4-17-6_mod.ASC,Batch5,,4-17-6,4-17-6.asc,1,4-17-6.asc,E:\ASC files\4-17-6.asc,2025-04-23 15:41:34,2025.0,,Verified_year_and_length,0.04789112865243268,1.1613814534816253e-08,0.04789108219717454,True,,True,10.0,5.0,26.0,260.0,10.0,16.0,5.0,1395.96337890625,149.6476593017578,153.9099884033203,282.9599914550781,0.0,6.564373970031738,2.2259557136871635,0.0,0.0,0.0,5.75018414243081,12.547852622052437,13.344594653179366,0.0,0.0
M4178_Batch5,4-17-8_mod.ASC,Batch5,,4-17-8,4-17-8.asc,1,4-17-8.asc,E:\ASC files\4-17-8.asc,2025-04-23 15:48:16,2025.0,,Verified_year_and_length,0.0687978135166741,4.337718083173609e-09,0.06879779616580177,True,,True,10.0,3.0,31.0,206.0,14.0,17.0,5.0,989.3528442382812,132.52581787109375,185.94000244140625,141.0399932861328,0.0,7.704200744628906,0.9052007101786401,0.0,0.0,0.0,5.267764360475833,10.927444117885083,13.339820925127905,0.0,0.0
M4179_Batch5,4-17-9_mod.ASC,Batch5,,4-17-9,4-17-9.asc,1,4-17-9.asc,E:\ASC files\4-17-9.asc,2025-04-23 15:54:58,2025.0,,Verified_year_and_length,0.014548716526094622,8.224146139419903e-09,0.014548683629510065,True,,True,14.0,6.0,26.0,224.0,10.0,16.0,5.0,1333.5432968139648,135.30091857910156,234.99998474121094,207.52999877929688,0.0,7.361898899078369,1.7585922822393822,0.0,0.0,0.0,6.22417228517079,14.69582650293295,18.531308552569634,0.0,0.0
M4181_Batch5,4-18-1_mod.ASC,Batch5,,4-18-1,4-18-1.asc,1,4-18-1.asc,E:\ASC files\4-18-1.asc,2025-04-23 17:05:00,2025.0,,Verified_year_and_length,0.06654174387281896,3.0752165817784753e-08,0.06654162086415569,True,,True,12.0,6.0,31.0,225.0,12.0,19.0,4.0,1193.9471130371094,114.2778549194336,141.91000366210938,193.57998657226562,0.0,6.337083339691162,1.0398051783568363,0.0,0.0,0.0,5.900444207743144,11.455243771196502,12.029495220047995,0.0,0.0
M4182_Batch5,4-18-2_mod.ASC,Batch5,,4-18-2,4-18-2.asc,1,4-18-2.asc,E:\ASC files\4-18-2.asc,2025-04-23 17:11:04,2025.0,,Verified_year_and_length,0.048867139173660396,2.5591593423576005e-08,0.0488670368072867,True,,True,11.0,4.0,20.0,155.0,8.0,12.0,4.0,1117.9543762207031,149.3678436279297,226.26998901367188,225.19000244140625,0.0,7.166053295135498,1.144378583050253,0.0,0.0,0.0,8.05999755859375,16.167934865383387,16.77584607292548,0.0,0.0
M4185_Batch5,4-18-5_mod.ASC,Batch5,,4-18-5,4-18-5.asc,1,4-18-5.asc,E:\ASC files\4-18-5.asc,2025-04-23 17:25:24,2025.0,,Verified_year_and_length,0.02993468321468086,4.202814675749435e-08,0.02993451510209383,True,,True,12.0,8.0,36.0,291.0,13.0,23.0,4.0,1474.9363441467285,111.1957778930664,213.62998962402344,146.27000427246094,0.0,7.016101837158203,1.9641002661177183,0.0,0.0,0.0,5.598065946957381,12.667408770746174,14.147614556675181,0.0,0.0
M4186_Batch5,4-18-6_mod.ASC,Batch5,,4-18-6,4-18-6.asc,1,4-18-6.asc,E:\ASC files\4-18-6.asc,2025-04-23 17:35:34,2025.0,,Verified_year_and_length,0.04416818569147839,6.6779100348354035e-09,0.04416815897983825,True,,True,9.0,6.0,23.0,216.0,8.0,15.0,3.0,999.6720733642578,118.00946807861328,156.29998779296875,128.82998657226562,0.0,5.7421417236328125,0.0,0.0,0.0,0.0,4.80276746826223,12.18624894273684,14.931730423006119,0.0,0.0
M421_Batch5,4-2-1_mod.ASC,Batch5,,4-2-1,4-2-1.asc,1,4-2-1.asc,E:\ASC files\4-2-1.asc,2025-04-11 21:53:04,2025.0,,Verified_year_and_length,0.04173589539450192,3.138502107840432e-08,0.041735769854417605,True,,True,12.0,5.0,31.0,249.0,13.0,18.0,5.0,1192.6620635986328,131.68853759765625,169.58999633789062,218.42999267578125,0.0,6.777732849121094,2.8118389114860847,0.0,0.0,0.0,5.075888118122782,14.445576180741872,15.018728923429125,0.0,0.0
M42210_Batch5,4-22-10_mod.ASC,Batch5,,4-22-10,4-22-10.asc,1,4-22-10.asc,E:\ASC files\4-22-10.asc,2025-06-06 17:35:30,2025.0,,Verified_year_and_length,0.03285117497936938,5.654255784414912e-15,0.03285117497934677,True,,True,9.0,3.0,17.0,162.0,7.0,10.0,4.0,1085.7466430664062,201.0719757080078,317.20001220703125,170.16001892089844,0.0,7.223295211791992,0.0,0.0,0.0,0.0,6.855219053563502,16.03474448607143,18.65171580324261,0.0,0.0
M4225_Batch5,4-22-5_mod.ASC,Batch5,,4-22-5,4-22-5.asc,1,4-22-5.asc,E:\ASC files\4-22-5.asc,2025-06-06 21:23:28,2025.0,,Verified_year_and_length,0.04065385778092709,1.2618875373774034e-08,0.040653807305425595,True,,True,9.0,7.0,15.0,153.0,4.0,11.0,2.0,906.9027557373047,129.33192443847656,191.26998901367188,205.41000366210938,0.0,6.849394798278809,1.2571548409073845,0.0,0.0,0.0,6.101129060525865,15.09782124096366,17.021413146903782,0.0,0.0
M4231_Batch5,4-23-1_mod.ASC,Batch5,,4-23-1,4-23-1.asc,1,4-23-1.asc,E:\ASC files\4-23-1.asc,2025-06-09 16:34:44,2025.0,,Verified_year_and_length,0.041684244025273966,1.1137753308470556e-09,0.04168423957017264,True,,True,9.0,8.0,22.0,146.0,7.0,15.0,3.0,856.2533521652222,117.69223022460938,192.3800048828125,182.510009765625,0.0,5.6524763107299805,0.011040813913211878,0.0,0.0,0.0,6.557558308170824,16.536184033242396,17.46264470943197,0.0,0.0
M4237_Batch5,4-23-7_mod.ASC,Batch5,,4-23-7,4-23-7.asc,1,4-23-7.asc,E:\ASC files\4-23-7.asc,2025-06-09 19:58:30,2025.0,,Verified_year_and_length,0.027958227185022957,7.4378106181473345e-09,0.027958197433780484,True,,True,8.0,6.0,20.0,171.0,7.0,13.0,4.0,961.648307800293,147.2519073486328,196.64999389648438,189.010009765625,0.0,6.220715045928955,0.4369284749975604,0.0,0.0,0.0,6.075957951375926,13.269011814697185,20.655181684656185,0.0,0.0
M4243_Batch5,4-24-3_mod.ASC,Batch5,,4-24-3,4-24-3.asc,1,4-24-3.asc,E:\ASC files\4-24-3.asc,2025-06-09 20:26:52,2025.0,,Verified_year_and_length,0.019676153084709064,9.805333431420932e-09,0.01967611386337534,True,,True,12.0,5.0,31.0,189.0,13.0,18.0,5.0,972.6076583862305,105.03395080566406,116.29000854492188,177.1199951171875,0.0,7.408603668212891,1.5322993387203656,0.0,0.0,0.0,5.928955495993774,14.638767975560791,15.005291487733231,0.0,0.0
M4246_Batch5,4-24-6_mod.ASC,Batch5,,4-24-6,4-24-6.asc,1,4-24-6.asc,E:\ASC files\4-24-6.asc,2025-06-09 20:55:52,2025.0,,Verified_year_and_length,0.03364890637387571,8.624497806427364e-09,0.03364887187588448,True,,True,10.0,9.0,31.0,219.0,11.0,20.0,4.0,1548.0832443237305,146.23768615722656,213.04000854492188,236.50001525878906,0.0,6.593313694000244,1.0635912425467655,0.0,0.0,0.0,7.628926141454304,16.41294824181858,17.360778923669425,0.0,0.0
M4248_Batch5,4-24-8_mod.ASC,Batch5,,4-24-8,4-24-8.asc,1,4-24-8.asc,E:\ASC files\4-24-8.asc,2025-06-09 21:00:02,2025.0,,Verified_year_and_length,0.06205417599180633,7.185215788293008e-16,0.062054175991803455,True,,True,10.0,8.0,22.0,126.0,7.0,15.0,3.0,949.3396530151367,144.49395751953125,255.239990234375,140.0800018310547,0.0,8.483342170715332,0.618278759274574,0.0,0.0,0.0,8.326265842772733,19.997865628686462,20.85402525265403,0.0,0.0
M4252_Batch5,4-25-2_mod.ASC,Batch5,,4-25-2,4-25-2.asc,1,4-25-2.asc,E:\ASC files\4-25-2.asc,2025-06-06 17:22:16,2025.0,,Verified_year_and_length,0.038863704951377455,4.365510405692818e-09,0.03886368748933583,True,,True,8.0,9.0,15.0,112.0,3.0,12.0,2.0,873.8262062072754,146.7625274658203,139.39999389648438,245.37002563476562,0.0,7.595237731933594,0.7422515145516009,0.0,0.0,0.0,8.769230525206655,17.457542796744534,19.058674209454797,0.0,0.0
M4253_Batch5,4-25-3_mod.ASC,Batch5,,4-25-3,4-25-3.asc,1,4-25-3.asc,E:\ASC files\4-25-3.asc,2025-06-06 17:10:34,2025.0,,Verified_year_and_length,0.04151569432240548,1.9329637557892522e-08,0.041515617003855254,True,,True,11.0,6.0,34.0,272.0,13.0,21.0,5.0,1652.8028182983398,170.1674041748047,295.41998291015625,168.80999755859375,0.0,6.53485107421875,1.590232689089289,0.0,0.0,0.0,6.6203299150632535,14.640492388080817,16.875553158795228,0.0,0.0
M431_Batch5,4-3-1_mod.ASC,Batch5,,4-3-1,4-3-1.asc,1,4-3-1.asc,E:\ASC files\4-3-1.asc,2025-04-11 22:25:46,2025.0,,Verified_year_and_length,0.04990149531466731,1.6055508068682405e-08,0.049901431092635035,True,,True,13.0,6.0,22.0,166.0,8.0,14.0,4.0,1306.7689056396484,178.03680419921875,273.5099792480469,200.83999633789062,0.0,11.819440841674805,1.1635263645842286,0.0,0.0,0.0,8.935352890860829,16.74533776312911,24.592000990071952,0.0,0.0
M472_Batch5,4-7-2_mod.ASC,Batch5,,4-7-2,4-7-2.asc,1,4-7-2.asc,E:\ASC files\4-7-2.asc,2025-04-17 15:29:22,2025.0,,Verified_year_and_length,0.029423421876450914,3.497455353171438e-08,0.029423281978236786,True,,True,11.0,5.0,27.0,231.0,11.0,16.0,4.0,1172.50927734375,123.96903991699219,227.80001831054688,156.510009765625,0.0,4.914369106292725,0.6309222105732584,0.0,0.0,0.0,5.551623140074375,13.30388736244748,14.882482125191355,0.0,0.0
M483_Batch5,4-8-3_mod.ASC,Batch5,,4-8-3,4-8-3.asc,1,4-8-3.asc,E:\ASC files\4-8-3.asc,2025-04-17 15:44:40,2025.0,,Verified_year_and_length,0.059680989905941735,1.8892871921420685e-08,0.05968091433445405,True,,True,11.0,5.0,17.0,183.0,6.0,11.0,4.0,832.8869705200195,112.50567626953125,145.6199951171875,187.0399932861328,0.0,5.007318019866943,1.4156924699225035,0.0,0.0,0.0,4.81300709786146,11.93407755229408,12.09137982669178,0.0,0.0
M484_Batch5,4-8-4_mod.ASC,Batch5,,4-8-4,4-8-4.asc,1,4-8-4.asc,E:\ASC files\4-8-4.asc,2025-04-17 15:52:36,2025.0,,Verified_year_and_length,0.05330531843177818,1.306138741635918e-08,0.053305266186228516,True,,True,10.0,6.0,21.0,221.0,7.0,14.0,5.0,1131.7291946411133,141.26766967773438,237.6099853515625,154.1199951171875,0.0,5.6472578048706055,1.508061924959442,0.0,0.0,0.0,5.431979780303404,12.041605227812296,13.42169954093267,0.0,0.0
M491_Batch5,4-9-1_mod.ASC,Batch5,,4-9-1,4-9-1.asc,1,4-9-1.asc,E:\ASC files\4-9-1.asc,2025-04-17 16:03:06,2025.0,,Verified_year_and_length,0.07969312509200123,5.682799142731564e-09,0.07969310236080465,True,,True,12.0,5.0,14.0,92.0,4.0,10.0,3.0,671.2708206176758,99.09458923339844,141.92001342773438,168.29000854492188,0.0,10.024181365966797,1.0376624680591,0.0,0.0,0.0,8.156431695357117,16.06839483409995,16.967842956757323,0.0,0.0
M496_Batch5,4-9-6_mod.ASC,Batch5,,4-9-6,4-9-6.asc,1,4-9-6.asc,E:\ASC files\4-9-6.asc,2025-04-17 16:22:00,2025.0,,Verified_year_and_length,0.061864211386486935,1.2012738926715286e-08,0.06186416333553123,True,,True,9.0,7.0,14.0,110.0,3.0,11.0,2.0,793.8857879638672,105.43805694580078,168.46998596191406,183.4600067138672,0.0,8.74271297454834,1.0984881426185904,0.0,0.0,0.0,8.137720310982756,18.54733747083282,19.208711393750644,0.0,0.0
M497_Batch5,4-9-7_mod.ASC,Batch5,,4-9-7,4-9-7.asc,1,4-9-7.asc,E:\ASC files\4-9-7.asc,2025-04-17 16:26:28,2025.0,,Verified_year_and_length,0.04202448943000805,1.2729522182727086e-08,0.04202443851191932,True,,True,12.0,5.0,17.0,125.0,6.0,11.0,4.0,636.805591583252,97.86941528320312,74.56001281738281,170.02999877929688,0.0,6.725386142730713,0.6067329869322196,0.0,0.0,0.0,5.688397601446473,13.49985491886817,16.049366828207667,0.0,0.0
M498_Batch5,4-9-8_mod.ASC,Batch5,,4-9-8,4-9-8.asc,1,4-9-8.asc,E:\ASC files\4-9-8.asc,2025-04-17 16:30:54,2025.0,,Verified_year_and_length,0.03270717597489136,4.997766918662151e-08,0.03270697606421461,True,,True,9.0,5.0,16.0,137.0,5.0,11.0,3.0,753.7393798828125,137.74215698242188,153.67999267578125,189.22000122070312,0.0,6.774601459503174,0.546250964065722,0.0,0.0,0.0,5.886333382070561,12.597420112965159,14.811528372505965,0.0,0.0
O1013_Batch2,10-1-3_mod.ASC,Batch2,,10-1-3,10-1-3.asc,1,10-1-3.asc,E:\ASC files\10-1-3.asc,2024-10-30 16:39:04,2024.0,,Verified_year_and_length,0.08613434629236219,3.6160378513732182e-09,0.08613433182821079,True,,True,11.0,4.0,22.0,142.0,9.0,13.0,5.0,791.2040710449219,118.1548843383789,156.50999450683594,185.07000732421875,0.0,9.51257610321045,1.6919726056381066,0.0,0.0,0.0,6.482551204484718,15.215623259804856,19.22762287399194,0.0,0.0
O8204_Batch2,8-20-4_mod.ASC,Batch2,,8-20-4,8-20-4 trace.asc | 8-20-4.asc,2,8-20-4.asc,E:\ASC files\8-20-4.asc,2024-10-29 17:42:26,2024.0,,Verified_year_and_length,0.032453010055996406,4.219226061790765e-08,0.032452841286953936,True,,True,10.0,4.0,14.0,88.0,5.0,9.0,4.0,570.7273597717285,143.40354919433594,153.91000366210938,169.82000732421875,0.0,6.0646653175354,0.0,0.0,0.0,0.0,7.330858273958306,18.494177496915334,18.725657538366637,0.0,0.0
O8211_Batch2,8-21-1_mod.ASC,Batch2,,8-21-1,8-21-1.asc,1,8-21-1.asc,E:\ASC files\8-21-1.asc,2024-10-29 18:57:02,2024.0,,Verified_year_and_length,0.03423956195236138,3.297803357523463e-08,0.03423943004022708,True,,True,12.0,5.0,20.0,195.0,7.0,13.0,4.0,831.4060935974121,133.58094787597656,164.5800018310547,134.27999877929688,0.0,4.891275882720947,0.7534209311682654,0.0,0.0,0.0,4.536101788311038,11.170829547627736,13.942827028157478,0.0,0.0
O8221_Batch2,8-22-1_mod.ASC,Batch2,,8-22-1,8-22-1 trace.asc | 8-22-1.asc,2,8-22-1.asc,E:\ASC files\8-22-1.asc,2024-10-29 19:28:32,2024.0,,Verified_year_and_length,0.0640560326904825,1.5289120860282237e-08,0.06405597153399906,True,,True,11.0,6.0,32.0,259.0,12.0,20.0,4.0,1278.7083206176758,139.08755493164062,178.0999755859375,244.58999633789062,0.0,9.09639835357666,0.3712783630490719,0.0,0.0,0.0,5.17069769479562,14.004360291291952,15.31096391007087,0.0,0.0
O8233_Batch2,8-23-3_mod.ASC,Batch2,,8-23-3,8-23-3.asc,1,8-23-3.asc,E:\ASC files\8-23-3.asc,2024-10-29 19:53:40,2024.0,,Verified_year_and_length,0.02677370599858459,6.554299409941259e-09,0.02677367978138695,True,,True,11.0,7.0,32.0,225.0,12.0,20.0,5.0,1345.9097442626953,127.44607543945312,182.8900146484375,211.4600067138672,0.0,7.9779253005981445,1.2555963941347823,0.0,0.0,0.0,6.560808223154855,15.064482640668965,17.657157675786635,0.0,0.0
O8244_Batch2,8-24-4_mod.ASC,Batch2,,8-24-4,8-24-4.asc,1,8-24-4.asc,E:\ASC files\8-24-4.asc,2024-10-29 20:09:44,2024.0,,Verified_year_and_length,0.06413185817363475,2.998813272084288e-08,0.06413173822110387,True,,True,13.0,5.0,24.0,186.0,9.0,15.0,5.0,1208.4654483795166,143.81991577148438,232.60000610351562,170.89999389648438,0.0,8.622960090637207,3.7920676830483178,0.0,0.0,0.0,6.845846396405859,17.88184353259164,18.673581748943914,0.0,0.0
O8273_Batch2,8-27-3_mod.ASC,Batch2,,8-27-3,8-27-3.asc,1,8-27-3.asc,E:\ASC files\8-27-3.asc,2024-10-29 20:24:10,2024.0,,Verified_year_and_length,0.02514504120499525,2.0294049707714462e-08,0.025144960028796418,True,,True,12.0,9.0,19.0,195.0,5.0,14.0,3.0,1174.8201885223389,153.0463104248047,190.3800048828125,192.6999969482422,0.0,7.281909465789795,2.8860909261899934,0.0,0.0,0.0,6.118751699699114,15.648652468736966,16.29912332735437,0.0,0.0
O9161_Batch2,9-16-1_mod.ASC,Batch2,,9-16-1,9-16-1 trace.asc | 9-16-1.asc,2,9-16-1.asc,E:\ASC files\9-16-1.asc,2024-10-29 21:08:48,2024.0,,Verified_year_and_length,0.06730068736313138,1.9543706295692884e-08,0.0673006091883062,True,,True,14.0,4.0,27.0,200.0,11.0,16.0,4.0,975.9401245117188,127.707763671875,182.67999267578125,208.39999389648438,0.0,8.235730171203613,2.3525280276110188,0.0,0.0,0.0,5.320913825462499,15.02623192032879,19.836818246128093,0.0,0.0
O9242_Batch2,9-24-2_mod.ASC,Batch2,,9-24-2,9-24-2.asc,1,9-24-2.asc,E:\ASC files\9-24-2.asc,2024-10-29 21:49:06,2024.0,,Verified_year_and_length,0.032942301440789704,2.7520287957645223e-08,0.03294219135963787,True,,True,10.0,5.0,18.0,104.0,6.0,12.0,4.0,519.8025321960449,92.29462432861328,156.739990234375,89.59001159667969,0.0,4.988936901092529,3.0545248020342424,0.0,0.0,0.0,5.553813879312841,16.27473655235383,16.658056816367232,0.0,0.0
O935_Batch2,9-3-5_mod.ASC,Batch2,,9-3-5,9-3-5.asc,1,9-3-5.asc,E:\ASC files\9-3-5.asc,2024-10-29 20:38:20,2024.0,,Verified_year_and_length,0.028287660177525018,3.3446473133897e-08,0.028287526391632484,True,,True,10.0,3.0,24.0,142.0,10.0,14.0,4.0,883.9169616699219,155.86119079589844,222.77999877929688,167.62998962402344,0.0,6.939780235290527,2.735110993326515,0.0,0.0,0.0,7.248012569549319,17.57158129062754,19.233356902444932,0.0,0.0
