,E1,E2,E3,E4,E5
E_Rheobase..pA.,0.9458957320197741,-0.026152406021222208,-0.9245883682017464,-0.8886027546896195,-0.8171801042444552
E_Latency....20pA.current..ms.,0.8131999446401876,0.07351448581539641,-0.7605337011079856,-0.8063506987885705,-1.0434595403192373
E_Latency..ms.,0.5253572710206559,0.11328315801943314,-0.5055747515146151,-0.4728369250532904,-0.9793362267055756
E_AP.amplitude.adaptation.index,0.6890825609488838,0.14332041069199747,-1.0436190952714546,-0.026036026064350497,-1.7197602973409616
E_Input.resistance..MOhm.,-0.9034167091206072,0.10565986297187806,1.5060337744849723,0.7551612898688576,-0.05849437890948372
E_Membrane.time.constant..ms.,-0.5093682195096215,-0.39078742577787207,0.5815222394566171,0.5652233213751064,1.7668845694142032
E_Holding.MP..mV.,-0.13764766238846915,-0.23420054239276072,0.6053964778716521,-0.04448373677766535,0.7735409828861347
E_AP.threshold..mV.,0.12062365769566098,0.23517067817591714,0.4101426516067334,-0.8923302962144136,-0.4471461703370019
E_Max.number.of.APs,0.01967659066411004,0.3081558263181362,-0.7627282330968239,0.5705788990312806,-1.2519416770656318
E_AP.amplitude..mV.,0.3428525260089343,-0.35200432879726684,-1.3688258140958343,0.7737004682702103,0.5246920710505779
E_Upstroke.to.downstroke.ratio,-0.21224989041130496,-0.17392121565724022,-0.5826016286236453,0.7878152996702984,0.8601718798033159
E_ISI.adaptation.index,-0.19770942343093154,-0.18856780105027002,-0.03837772371655497,-0.25441097609160523,1.7974203191444826
E_ISI.coefficient.of.variation,-0.5171780230992595,-0.1498877852586815,0.41197767200500635,-0.1424433122661779,2.0850326602260822
E_Sag.ratio,-0.815086113354828,0.19126001059460768,0.5569046109307965,0.4786231951440578,0.7353310477517988
E_Sag.time..s.,-0.3936123886016244,-0.28965844875057223,0.36543640597701343,0.42191218905733724,1.4299292661918852
E_Afterhyperpolarization..mV.,-0.11663238722897888,-0.4306242787973547,-0.12047200401375133,0.4380805015281676,1.527619361464104
E_AP.width..ms.,-0.5274637935460779,-0.11337264465212502,1.0744041702683218,0.3360751776605354,0.5759692459170384
E_AP.coefficient.of.variation,-0.8389222868864922,0.28060028982532076,0.5685420215142512,0.323883263373951,0.6878487698066262
