feature,raw_skewness,rule,YJ_lambda,mean,sd
basal_dendrite_bias_dorsal,-0.24934321806353058,direct,,3.768005032634835,53.493146827386525
basal_dendrite_bias_medial,1.402708881163624,Yeo-Johnson,0.24522389838189154,5.187585549485169,2.2492449140274093
basal_dendrite_calculate_number_of_stems,1.13972767674043,Yeo-Johnson,-0.26521299623283096,1.4615327910640212,0.16487637463081473
basal_dendrite_extent_dorsal,0.14283390557816789,direct,,330.59582620876716,68.80563520052112
basal_dendrite_extent_medial,-0.1598607832696116,direct,,334.0596918897493,76.3034693670623
basal_dendrite_max_branch_order,0.4296402105575775,direct,,6.476190476190476,1.3249258739373202
basal_dendrite_max_euclidean_distance,-0.033488590914271386,direct,,222.91639693224505,34.03909590142899
basal_dendrite_max_path_distance,0.23303480381653824,direct,,273.5078208810775,38.64965468663437
basal_dendrite_mean_contraction,-0.48271259822361806,direct,,0.8199335605330109,0.04219531591431517
basal_dendrite_mean_diameter,0.6078503655466875,Yeo-Johnson,-4.999994710716215,0.1787522929873262,0.004027453453768911
basal_dendrite_num_branches,0.019965420788626016,direct,,53.166666666666664,15.316265863453795
basal_dendrite_soma_percentile_dorsal,0.384634452847504,direct,,0.48235856493488316,0.13282539105658758
basal_dendrite_soma_percentile_medial,-1.249504735490965,Yeo-Johnson,4.999994710716215,0.8830011788335516,0.300358336451746
basal_dendrite_stem_exit_MedialLateral,-0.3142472285455249,direct,,0.6513408108646204,0.22028070944204817
basal_dendrite_stem_exit_dorsal,0.3100242393510678,direct,,0.17957941529370097,0.14405502128413764
basal_dendrite_stem_exit_ventral,0.5417438284632403,Yeo-Johnson,-1.2254840898489656,0.12764937969085233,0.10375922701430748
basal_dendrite_total_length,0.2148686750893948,direct,,4059.621650597252,1253.7394492786666
soma_surface_area,1.3029365492493186,Yeo-Johnson,-0.059638346050082267,5.176705536014413,0.2908878565307374
