cell_label,M_class,mean_same_class_coclustering,max_other_class_coclustering,consensus_margin,donor,ROI_final,T_class,E_class,HC_K4,GC_raw_K13,GC_merged_K4,concordant,included_ML500,inclusion_reason,recording_batch_proxy,recording_date,reconstruction_batch,morphology_missing_rate,reconstruction_complete,risk_margin_le_0,risk_margin_below_0.10
Q19.26.014.11.01.04,M1,0.5492145654720735,0.2697148663968835,0.27949969907518996,Q19.26.014,Pu,STR D1 MSN,,1,6,1,True,True,Included: Macaque MSN; ROI Ca/Pu/NAC; complete 18-feature morphology; HC-GC consensus,HMBA-Macaque-PatchSeq,,Not available in source ZIP,0.0,True,False,False
Q19.26.014.11.01.05,M2,0.3889227335176227,0.4873296369582433,-0.09840690344062059,Q19.26.014,Pu,STR D2 MSN,,2,12,2,True,True,Included: Macaque MSN; ROI Ca/Pu/NAC; complete 18-feature morphology; HC-GC consensus,HMBA-Macaque-PatchSeq,,Not available in source ZIP,0.0,True,True,True
Q19.26.014.11.05.01,M2,0.6040251345967224,0.27546378264019894,0.3285613519565234,Q19.26.014,Pu,STR D2 MSN,,2,2,2,True,True,Included: Macaque MSN; ROI Ca/Pu/NAC; complete 18-feature morphology; HC-GC consensus,HMBA-Macaque-PatchSeq,,Not available in source ZIP,0.0,True,False,False
Q19.26.014.1A.03.05,M3,0.6830795059983492,0.24865938247492433,0.43442012352342485,Q19.26.014,Pu,STR D2 MSN,,3,1,3,True,True,Included: Macaque MSN; ROI Ca/Pu/NAC; complete 18-feature morphology; HC-GC consensus,HMBA-Macaque-PatchSeq,,Not available in source ZIP,0.0,True,False,False
Q19.26.019.11.03.01,M4,0.46901673513731873,0.32850239964570915,0.14051433549160958,Q19.26.019,Pu,STR D1 MSN,,4,8,4,True,True,Included: Macaque MSN; ROI Ca/Pu/NAC; complete 18-feature morphology; HC-GC consensus,HMBA-Macaque-PatchSeq,,Not available in source ZIP,0.0,True,False,False
Q20.26.003.11.03.01,M3,0.626552303464973,0.2914644148132218,0.33508788865175126,Q20.26.003,Pu,STR D2 MSN,,3,1,3,True,True,Included: Macaque MSN; ROI Ca/Pu/NAC; complete 18-feature morphology; HC-GC consensus,HMBA-Macaque-PatchSeq,,Not available in source ZIP,0.0,True,False,False
Q20.26.003.11.03.03,M1,0.23816081988217525,0.507574459002209,-0.26941363912003374,Q20.26.003,Pu,STR Hybrid MSN,,1,11,1,True,True,Included: Macaque MSN; ROI Ca/Pu/NAC; complete 18-feature morphology; HC-GC consensus,HMBA-Macaque-PatchSeq,,Not available in source ZIP,0.0,True,True,True
Q20.26.009.12.01.03,M3,0.6792589940325775,0.24562596080564736,0.43363303322693014,Q20.26.009,Pu,STR D1 MSN,,3,1,3,True,True,Included: Macaque MSN; ROI Ca/Pu/NAC; complete 18-feature morphology; HC-GC consensus,HMBA-Macaque-PatchSeq,,Not available in source ZIP,0.0,True,False,False
Q21.26.009.12.01.04,M3,0.7389291950575837,0.17053943276685188,0.5683897622907318,Q21.26.009,Ca,STR D2 MSN,E2,3,1,3,True,True,Included: Macaque MSN; ROI Ca/Pu/NAC; complete 18-feature morphology; HC-GC consensus,HMBA-Macaque-PatchSeq,,Not available in source ZIP,0.0,True,False,False
Q21.26.009.12.01.05,M1,0.578935390579673,0.15225602602273633,0.42667936455693667,Q21.26.009,Ca,STR D2 MSN,E4,1,6,1,True,True,Included: Macaque MSN; ROI Ca/Pu/NAC; complete 18-feature morphology; HC-GC consensus,HMBA-Macaque-PatchSeq,,Not available in source ZIP,0.0,True,False,False
Q21.26.009.12.02.02,M1,0.5366241341160786,0.3553971048096796,0.18122702930639895,Q21.26.009,Pu,STR D1 MSN,,1,11,1,True,True,Included: Macaque MSN; ROI Ca/Pu/NAC; complete 18-feature morphology; HC-GC consensus,HMBA-Macaque-PatchSeq,,Not available in source ZIP,0.0,True,False,False
Q21.26.009.12.02.03,M1,0.4778666283232387,0.48463561560771673,-0.006768987284478056,Q21.26.009,Pu,STR D2 MSN,E2,1,13,1,True,True,Included: Macaque MSN; ROI Ca/Pu/NAC; complete 18-feature morphology; HC-GC consensus,HMBA-Macaque-PatchSeq,,Not available in source ZIP,0.0,True,True,True
Q21.26.013.12.02.03,M2,0.5635923567544914,0.32446697363944865,0.23912538311504272,Q21.26.013,Pu,STR D2 MSN,E2,2,10,2,True,True,Included: Macaque MSN; ROI Ca/Pu/NAC; complete 18-feature morphology; HC-GC consensus,HMBA-Macaque-PatchSeq,,Not available in source ZIP,0.0,True,False,False
Q21.26.019.13.01.02,M2,0.6223517327595642,0.24734763775382804,0.37500409500573617,Q21.26.019,Ca,STR Hybrid MSN,E1,2,2,2,True,True,Included: Macaque MSN; ROI Ca/Pu/NAC; complete 18-feature morphology; HC-GC consensus,HMBA-Macaque-PatchSeq,,Not available in source ZIP,0.0,True,False,False
Q21.26.021.14.07.03,M1,0.5290123667964914,0.2538671977001027,0.27514516909638875,Q21.26.021,Ca,STR Hybrid MSN,,1,7,1,True,True,Included: Macaque MSN; ROI Ca/Pu/NAC; complete 18-feature morphology; HC-GC consensus,HMBA-Macaque-PatchSeq,,Not available in source ZIP,0.0,True,False,False
Q21.26.021.14.07.08,M2,0.6321997933331799,0.25279811197357954,0.37940168135960034,Q21.26.021,Ca,STR D1 MSN,,2,2,2,True,True,Included: Macaque MSN; ROI Ca/Pu/NAC; complete 18-feature morphology; HC-GC consensus,HMBA-Macaque-PatchSeq,,Not available in source ZIP,0.0,True,False,False
Q21.26.023.13.03.04,M1,0.576888212177479,0.14942678958258498,0.427461422594894,Q21.26.023,Ca,STR D2 MSN,,1,6,1,True,True,Included: Macaque MSN; ROI Ca/Pu/NAC; complete 18-feature morphology; HC-GC consensus,HMBA-Macaque-PatchSeq,,Not available in source ZIP,0.0,True,False,False
QM22.26.003.14.02.06,M3,0.6610591398476897,0.2558840531396063,0.4051750867080834,QM22.26.003,Ca,STR D2 MSN,E2,3,1,3,True,True,Included: Macaque MSN; ROI Ca/Pu/NAC; complete 18-feature morphology; HC-GC consensus,HMBA-Macaque-PatchSeq,,Not available in source ZIP,0.0,True,False,False
QM22.26.003.14.03.04,M1,0.5990729537682807,0.2695893616024234,0.3294835921658573,QM22.26.003,Ca,STR D2 MSN,E2,1,6,1,True,True,Included: Macaque MSN; ROI Ca/Pu/NAC; complete 18-feature morphology; HC-GC consensus,HMBA-Macaque-PatchSeq,,Not available in source ZIP,0.0,True,False,False
QM22.26.003.14.07.09,M1,0.3660668911620917,0.485608203757719,-0.11954131259562734,QM22.26.003,Pu,STR D2 MSN,E2,1,3,1,True,True,Included: Macaque MSN; ROI Ca/Pu/NAC; complete 18-feature morphology; HC-GC consensus,HMBA-Macaque-PatchSeq,,Not available in source ZIP,0.0,True,True,True
QM22.26.003.14.55.04,M2,0.4662606222940511,0.34299604710189885,0.12326457519215223,QM22.26.003,Pu,STR D2 MSN,E2,2,10,2,True,True,Included: Macaque MSN; ROI Ca/Pu/NAC; complete 18-feature morphology; HC-GC consensus,HMBA-Macaque-PatchSeq,,Not available in source ZIP,0.0,True,False,False
QM22.26.030.14.02A.03,M1,0.5203091972918144,0.2787685530010159,0.24154064429079847,QM22.26.030,Ca,STR D2 MSN,E2,1,6,1,True,True,Included: Macaque MSN; ROI Ca/Pu/NAC; complete 18-feature morphology; HC-GC consensus,HMBA-Macaque-PatchSeq,,Not available in source ZIP,0.0,True,False,False
QM22.26.031.14.02.06,M2,0.6178381778911426,0.2764389105460321,0.3413992673451105,QM22.26.031,Ca,STR D2 MSN,E2,2,9,2,True,True,Included: Macaque MSN; ROI Ca/Pu/NAC; complete 18-feature morphology; HC-GC consensus,HMBA-Macaque-PatchSeq,,Not available in source ZIP,0.0,True,False,False
QM22.26.031.14.03A.03,M2,0.5512661139912851,0.3731851558885632,0.1780809581027219,QM22.26.031,Ca,STR D1 MSN,E4,2,9,2,True,True,Included: Macaque MSN; ROI Ca/Pu/NAC; complete 18-feature morphology; HC-GC consensus,HMBA-Macaque-PatchSeq,,Not available in source ZIP,0.0,True,False,False
QM22.26.031.14.04A.07,M4,0.7364744312030509,0.15641663030410163,0.5800578008989492,QM22.26.031,Ca,STR D2 MSN,,4,8,4,True,True,Included: Macaque MSN; ROI Ca/Pu/NAC; complete 18-feature morphology; HC-GC consensus,HMBA-Macaque-PatchSeq,,Not available in source ZIP,0.0,True,False,False
QM22.26.031.14.04A.08,M2,0.44383472391625434,0.34662191562264577,0.09721280829360857,QM22.26.031,Ca,STR D2 MSN,E4,2,10,2,True,True,Included: Macaque MSN; ROI Ca/Pu/NAC; complete 18-feature morphology; HC-GC consensus,HMBA-Macaque-PatchSeq,,Not available in source ZIP,0.0,True,False,True
QM22.26.031.14.55A.04,M3,0.32240686098920873,0.518796959721379,-0.19639009873217023,QM22.26.031,Ca,STR D1 MSN,,3,5,3,True,True,Included: Macaque MSN; ROI Ca/Pu/NAC; complete 18-feature morphology; HC-GC consensus,HMBA-Macaque-PatchSeq,,Not available in source ZIP,0.0,True,True,True
QM22.26.031.14.55A.05,M2,0.6184015784967792,0.27792465442388,0.34047692407289926,QM22.26.031,Ca,STR D1 MSN,E2,2,9,2,True,True,Included: Macaque MSN; ROI Ca/Pu/NAC; complete 18-feature morphology; HC-GC consensus,HMBA-Macaque-PatchSeq,,Not available in source ZIP,0.0,True,False,False
QM24.26.011.14v.02A.04,M1,0.5736486077357168,0.13716318125321195,0.4364854264825049,QM24.26.011,Ca,STR D1 MSN,E4,1,7,1,True,True,Included: Macaque MSN; ROI Ca/Pu/NAC; complete 18-feature morphology; HC-GC consensus,HMBA-Macaque-PatchSeq,,Not available in source ZIP,0.0,True,False,False
QM25.26.006.14v.03A.03,M2,0.5692007057099893,0.2999212118281284,0.26927949388186084,QM25.26.006,Ca,STR D1 MSN,E4,2,9,2,True,True,Included: Macaque MSN; ROI Ca/Pu/NAC; complete 18-feature morphology; HC-GC consensus,HMBA-Macaque-PatchSeq,,Not available in source ZIP,0.0,True,False,False
QN21.26.029.14.02.01,M3,0.3032849510065107,0.49957387638740086,-0.19628892538089016,QN21.26.029,NAC,STR D1 MSN,,3,5,3,True,True,Included: Macaque MSN; ROI Ca/Pu/NAC; complete 18-feature morphology; HC-GC consensus,HMBA-Macaque-PatchSeq,,Not available in source ZIP,0.0,True,True,True
QN22.26.002.14.04.10,M4,0.7044744451771427,0.06860494091640348,0.6358695042607393,QN22.26.002,NAC,STR D2 MSN,E1,4,8,4,True,True,Included: Macaque MSN; ROI Ca/Pu/NAC; complete 18-feature morphology; HC-GC consensus,HMBA-Macaque-PatchSeq,,Not available in source ZIP,0.0,True,False,False
QN22.26.009.14.3B.02,M1,0.19943611309369247,0.6213879560590182,-0.42195184296532573,QN22.26.009,Pu,STR D2 MSN,E3,1,11,1,True,True,Included: Macaque MSN; ROI Ca/Pu/NAC; complete 18-feature morphology; HC-GC consensus,HMBA-Macaque-PatchSeq,,Not available in source ZIP,0.0,True,True,True
QN22.26.009.14.3B.03,M1,0.44434222238312837,0.47806675966594186,-0.033724537282813494,QN22.26.009,Pu,STR D1 MSN,E3,1,13,1,True,True,Included: Macaque MSN; ROI Ca/Pu/NAC; complete 18-feature morphology; HC-GC consensus,HMBA-Macaque-PatchSeq,,Not available in source ZIP,0.0,True,True,True
QN22.26.009.14.3B.05,M2,0.6183525470195168,0.2886527035617669,0.3296998434577499,QN22.26.009,Pu,STR D1 MSN,E3,2,9,2,True,True,Included: Macaque MSN; ROI Ca/Pu/NAC; complete 18-feature morphology; HC-GC consensus,HMBA-Macaque-PatchSeq,,Not available in source ZIP,0.0,True,False,False
QN22.26.009.14.4A.04,M1,0.5623820593607771,0.16984434820855393,0.3925377111522232,QN22.26.009,Ca,STR D1 MSN,E4,1,6,1,True,True,Included: Macaque MSN; ROI Ca/Pu/NAC; complete 18-feature morphology; HC-GC consensus,HMBA-Macaque-PatchSeq,,Not available in source ZIP,0.0,True,False,False
QN22.26.009.14.4A.05,M1,0.5481201691089369,0.16514882071784626,0.38297134839109065,QN22.26.009,Ca,STR D2 MSN,E2,1,7,1,True,True,Included: Macaque MSN; ROI Ca/Pu/NAC; complete 18-feature morphology; HC-GC consensus,HMBA-Macaque-PatchSeq,,Not available in source ZIP,0.0,True,False,False
QN22.26.010.14.04.05,M2,0.5762802675997896,0.3298449862237324,0.2464352813760572,QN22.26.010,Pu,STR D1 MSN,E4,2,10,2,True,True,Included: Macaque MSN; ROI Ca/Pu/NAC; complete 18-feature morphology; HC-GC consensus,HMBA-Macaque-PatchSeq,,Not available in source ZIP,0.0,True,False,False
QN22.26.010.14.07.01,M2,0.5759494407471277,0.30569551212828916,0.27025392861883857,QN22.26.010,Ca,STR D2 MSN,E2,2,4,2,True,True,Included: Macaque MSN; ROI Ca/Pu/NAC; complete 18-feature morphology; HC-GC consensus,HMBA-Macaque-PatchSeq,,Not available in source ZIP,0.0,True,False,False
QN22.26.010.14.52.01,M2,0.6272868322104674,0.25129041801063345,0.375996414199834,QN22.26.010,Ca,STR D1 MSN,E2,2,4,2,True,True,Included: Macaque MSN; ROI Ca/Pu/NAC; complete 18-feature morphology; HC-GC consensus,HMBA-Macaque-PatchSeq,,Not available in source ZIP,0.0,True,False,False
QN22.26.011.14.3A.07,M4,0.5658209568231842,0.1711296303019556,0.3946913265212286,QN22.26.011,Pu,STR D2 MSN,E2,4,8,4,True,True,Included: Macaque MSN; ROI Ca/Pu/NAC; complete 18-feature morphology; HC-GC consensus,HMBA-Macaque-PatchSeq,,Not available in source ZIP,0.0,True,False,False
QN22.26.011.14.4B.01,M2,0.627115237967206,0.2811521968191371,0.3459630411480689,QN22.26.011,Ca,STR D2 MSN,E2,2,9,2,True,True,Included: Macaque MSN; ROI Ca/Pu/NAC; complete 18-feature morphology; HC-GC consensus,HMBA-Macaque-PatchSeq,,Not available in source ZIP,0.0,True,False,False
QN22.26.011.14.5A.02,M2,0.6552667789903419,0.24286487038084079,0.4124019086095011,QN22.26.011,Ca,STR D1 MSN,E2,2,2,2,True,True,Included: Macaque MSN; ROI Ca/Pu/NAC; complete 18-feature morphology; HC-GC consensus,HMBA-Macaque-PatchSeq,,Not available in source ZIP,0.0,True,False,False
QN22.26.011.14.5A.04,M1,0.5732002911816592,0.1457881453023158,0.4274121458793434,QN22.26.011,Ca,STR D1 MSN,E2,1,7,1,True,True,Included: Macaque MSN; ROI Ca/Pu/NAC; complete 18-feature morphology; HC-GC consensus,HMBA-Macaque-PatchSeq,,Not available in source ZIP,0.0,True,False,False
QN22.26.011.14.5A.05,M1,0.5093208854155866,0.32471100789744317,0.18460987751814345,QN22.26.011,Ca,STR D2 MSN,E2,1,6,1,True,True,Included: Macaque MSN; ROI Ca/Pu/NAC; complete 18-feature morphology; HC-GC consensus,HMBA-Macaque-PatchSeq,,Not available in source ZIP,0.0,True,False,False
QN22.26.011.14.6A.01,M4,0.7099155683734784,0.08330813725143989,0.6266074311220384,QN22.26.011,NAC,STR D2 MSN,E1,4,8,4,True,True,Included: Macaque MSN; ROI Ca/Pu/NAC; complete 18-feature morphology; HC-GC consensus,HMBA-Macaque-PatchSeq,,Not available in source ZIP,0.0,True,False,False
QN22.26.011.14.6A.05,M2,0.645323421368007,0.2597562413487263,0.3855671800192807,QN22.26.011,Ca,STR D2 MSN,E2,2,2,2,True,True,Included: Macaque MSN; ROI Ca/Pu/NAC; complete 18-feature morphology; HC-GC consensus,HMBA-Macaque-PatchSeq,,Not available in source ZIP,0.0,True,False,False
QN22.26.011.14.6A.09,M1,0.5798620111750674,0.15777828878155145,0.422083722393516,QN22.26.011,Ca,STR D2 MSN,E2,1,6,1,True,True,Included: Macaque MSN; ROI Ca/Pu/NAC; complete 18-feature morphology; HC-GC consensus,HMBA-Macaque-PatchSeq,,Not available in source ZIP,0.0,True,False,False
QN22.26.011.14.6B.02,M3,0.7530564843219689,0.19865994552907204,0.5543965387928969,QN22.26.011,Pu,STR Hybrid MSN,,3,1,3,True,True,Included: Macaque MSN; ROI Ca/Pu/NAC; complete 18-feature morphology; HC-GC consensus,HMBA-Macaque-PatchSeq,,Not available in source ZIP,0.0,True,False,False
QN22.26.014.14.4A.06,M2,0.42551225582089086,0.4376404040595743,-0.012128148238683412,QN22.26.014,Pu,STR D2 MSN,E2,2,10,2,True,True,Included: Macaque MSN; ROI Ca/Pu/NAC; complete 18-feature morphology; HC-GC consensus,HMBA-Macaque-PatchSeq,,Not available in source ZIP,0.0,True,True,True
QN22.26.014.14.5B.01,M2,0.46465389622081843,0.4017167523939637,0.06293714382685472,QN22.26.014,Pu,STR D1 MSN,,2,10,2,True,True,Included: Macaque MSN; ROI Ca/Pu/NAC; complete 18-feature morphology; HC-GC consensus,HMBA-Macaque-PatchSeq,,Not available in source ZIP,0.0,True,False,True
QN22.26.015.14.02A.05,M1,0.47187735874265374,0.33722668864235866,0.13465067010029508,QN22.26.015,Ca,STR D1 MSN,E4,1,6,1,True,True,Included: Macaque MSN; ROI Ca/Pu/NAC; complete 18-feature morphology; HC-GC consensus,HMBA-Macaque-PatchSeq,,Not available in source ZIP,0.0,True,False,False
QN22.26.015.14.02A.08,M3,0.7365968925351403,0.23574669143838065,0.5008502010967596,QN22.26.015,Ca,STR D2 MSN,E2,3,1,3,True,True,Included: Macaque MSN; ROI Ca/Pu/NAC; complete 18-feature morphology; HC-GC consensus,HMBA-Macaque-PatchSeq,,Not available in source ZIP,0.0,True,False,False
QN22.26.015.14.05A.06,M1,0.49788776598263307,0.3152775732957145,0.18261019268691858,QN22.26.015,Ca,STR D1 MSN,E2,1,11,1,True,True,Included: Macaque MSN; ROI Ca/Pu/NAC; complete 18-feature morphology; HC-GC consensus,HMBA-Macaque-PatchSeq,,Not available in source ZIP,0.0,True,False,False
QN22.26.016.14.04A.02,M2,0.5398828848456029,0.32439418946915366,0.2154886953764492,QN22.26.016,Ca,STR D1 MSN,,2,2,2,True,True,Included: Macaque MSN; ROI Ca/Pu/NAC; complete 18-feature morphology; HC-GC consensus,HMBA-Macaque-PatchSeq,,Not available in source ZIP,0.0,True,False,False
QN22.26.016.14.04A.03,M2,0.5801341663204695,0.2881514192706995,0.29198274704977006,QN22.26.016,Ca,STR D2 MSN,E4,2,2,2,True,True,Included: Macaque MSN; ROI Ca/Pu/NAC; complete 18-feature morphology; HC-GC consensus,HMBA-Macaque-PatchSeq,,Not available in source ZIP,0.0,True,False,False
QN22.26.016.14.04A.04,M2,0.6298175076722214,0.23269885447509636,0.3971186531971251,QN22.26.016,Ca,STR D2 MSN,E2,2,2,2,True,True,Included: Macaque MSN; ROI Ca/Pu/NAC; complete 18-feature morphology; HC-GC consensus,HMBA-Macaque-PatchSeq,,Not available in source ZIP,0.0,True,False,False
QN22.26.017.14.01A.01,M3,0.7332671386844968,0.2241867400115584,0.5090803986729384,QN22.26.017,Ca,STR D1 MSN,E3,3,1,3,True,True,Included: Macaque MSN; ROI Ca/Pu/NAC; complete 18-feature morphology; HC-GC consensus,HMBA-Macaque-PatchSeq,,Not available in source ZIP,0.0,True,False,False
QN22.26.019.14.01A.03,M1,0.6018367128105365,0.19804187956021377,0.4037948332503227,QN22.26.019,Ca,STR D2 MSN,,1,11,1,True,True,Included: Macaque MSN; ROI Ca/Pu/NAC; complete 18-feature morphology; HC-GC consensus,HMBA-Macaque-PatchSeq,,Not available in source ZIP,0.0,True,False,False
QN22.26.019.14.51A.01,M2,0.6365376234239818,0.23213668646822525,0.4044009369557565,QN22.26.019,Ca,STR D2 MSN,E4,2,2,2,True,True,Included: Macaque MSN; ROI Ca/Pu/NAC; complete 18-feature morphology; HC-GC consensus,HMBA-Macaque-PatchSeq,,Not available in source ZIP,0.0,True,False,False
QN22.26.020.14.02.05,M2,0.46187816612342075,0.3531138801324271,0.10876428599099364,QN22.26.020,Ca,STR D1 MSN,E3,2,10,2,True,True,Included: Macaque MSN; ROI Ca/Pu/NAC; complete 18-feature morphology; HC-GC consensus,HMBA-Macaque-PatchSeq,,Not available in source ZIP,0.0,True,False,False
QN22.26.020.14.03.04,M2,0.625332561711972,0.2640442866475685,0.36128827506440353,QN22.26.020,Ca,STR D2 MSN,E4,2,9,2,True,True,Included: Macaque MSN; ROI Ca/Pu/NAC; complete 18-feature morphology; HC-GC consensus,HMBA-Macaque-PatchSeq,,Not available in source ZIP,0.0,True,False,False
QN22.26.020.14.04.05,M3,0.5915651669040964,0.3130201192527999,0.27854504765129656,QN22.26.020,Ca,STR D2 MSN,E4,3,1,3,True,True,Included: Macaque MSN; ROI Ca/Pu/NAC; complete 18-feature morphology; HC-GC consensus,HMBA-Macaque-PatchSeq,,Not available in source ZIP,0.0,True,False,False
QN22.26.020.14.07B.01,M1,0.399681831589357,0.46767387852863684,-0.06799204693927985,QN22.26.020,Pu,STR D1 MSN,E2,1,3,1,True,True,Included: Macaque MSN; ROI Ca/Pu/NAC; complete 18-feature morphology; HC-GC consensus,HMBA-Macaque-PatchSeq,,Not available in source ZIP,0.0,True,True,True
QN22.26.020.14.08B.02,M2,0.39412593568976295,0.3816723149796119,0.012453620710151048,QN22.26.020,Pu,STR D1 MSN,E2,2,12,2,True,True,Included: Macaque MSN; ROI Ca/Pu/NAC; complete 18-feature morphology; HC-GC consensus,HMBA-Macaque-PatchSeq,,Not available in source ZIP,0.0,True,False,True
QN22.26.020.14.52B.02,M2,0.42612794896071166,0.37425940001776203,0.05186854894294962,QN22.26.020,Pu,STR D2 MSN,,2,2,2,True,True,Included: Macaque MSN; ROI Ca/Pu/NAC; complete 18-feature morphology; HC-GC consensus,HMBA-Macaque-PatchSeq,,Not available in source ZIP,0.0,True,False,True
QN22.26.023.14.05A.01,M2,0.5233833051021829,0.264357036633305,0.2590262684688779,QN22.26.023,Ca,STR D2 MSN,,2,9,2,True,True,Included: Macaque MSN; ROI Ca/Pu/NAC; complete 18-feature morphology; HC-GC consensus,HMBA-Macaque-PatchSeq,,Not available in source ZIP,0.0,True,False,False
QN22.26.023.14.05A.03,M3,0.7230870084227152,0.20890085970877417,0.5141861487139411,QN22.26.023,Ca,STR D2 MSN,E1,3,1,3,True,True,Included: Macaque MSN; ROI Ca/Pu/NAC; complete 18-feature morphology; HC-GC consensus,HMBA-Macaque-PatchSeq,,Not available in source ZIP,0.0,True,False,False
QN22.26.023.14.06A.02,M2,0.6399426493842397,0.2510832995370425,0.3888593498471972,QN22.26.023,Ca,STR D1 MSN,,2,2,2,True,True,Included: Macaque MSN; ROI Ca/Pu/NAC; complete 18-feature morphology; HC-GC consensus,HMBA-Macaque-PatchSeq,,Not available in source ZIP,0.0,True,False,False
QN22.26.023.14.06A.03,M2,0.6290130055878347,0.2642017030939214,0.3648113024939133,QN22.26.023,Ca,STR D2 MSN,E2,2,2,2,True,True,Included: Macaque MSN; ROI Ca/Pu/NAC; complete 18-feature morphology; HC-GC consensus,HMBA-Macaque-PatchSeq,,Not available in source ZIP,0.0,True,False,False
QN22.26.025.14.03A.01,M2,0.5562687140499538,0.37018244955435403,0.18608626449559978,QN22.26.025,Ca,STR D2 MSN,E4,2,9,2,True,True,Included: Macaque MSN; ROI Ca/Pu/NAC; complete 18-feature morphology; HC-GC consensus,HMBA-Macaque-PatchSeq,,Not available in source ZIP,0.0,True,False,False
QN22.26.025.14.06A.01,M2,0.6394180694479458,0.23603795141024392,0.40338011803770185,QN22.26.025,Ca,STR D2 MSN,E2,2,2,2,True,True,Included: Macaque MSN; ROI Ca/Pu/NAC; complete 18-feature morphology; HC-GC consensus,HMBA-Macaque-PatchSeq,,Not available in source ZIP,0.0,True,False,False
QN22.26.025.14.06A.02,M2,0.5756983801237189,0.2845732568664939,0.291125123257225,QN22.26.025,Ca,STR D2 MSN,E2,2,2,2,True,True,Included: Macaque MSN; ROI Ca/Pu/NAC; complete 18-feature morphology; HC-GC consensus,HMBA-Macaque-PatchSeq,,Not available in source ZIP,0.0,True,False,False
QN22.26.025.14.06A.05,M3,0.7382218257526358,0.20528000424382242,0.5329418215088134,QN22.26.025,Ca,STR D1 MSN,E2,3,1,3,True,True,Included: Macaque MSN; ROI Ca/Pu/NAC; complete 18-feature morphology; HC-GC consensus,HMBA-Macaque-PatchSeq,,Not available in source ZIP,0.0,True,False,False
QN22.26.027.14.04.03,M1,0.5829452364977334,0.1717539380683168,0.41119129842941665,QN22.26.027,Pu,STR D2 MSN,E2,1,6,1,True,True,Included: Macaque MSN; ROI Ca/Pu/NAC; complete 18-feature morphology; HC-GC consensus,HMBA-Macaque-PatchSeq,,Not available in source ZIP,0.0,True,False,False
QN22.26.028.14.02.03,M1,0.4608204505043498,0.3690430974689906,0.09177735303535917,QN22.26.028,Ca,STR D2 MSN,E4,1,11,1,True,True,Included: Macaque MSN; ROI Ca/Pu/NAC; complete 18-feature morphology; HC-GC consensus,HMBA-Macaque-PatchSeq,,Not available in source ZIP,0.0,True,False,True
QN22.26.028.14.02.04,M1,0.4538141529120528,0.3682487714303011,0.08556538148175169,QN22.26.028,Ca,STR D1 MSN,E4,1,11,1,True,True,Included: Macaque MSN; ROI Ca/Pu/NAC; complete 18-feature morphology; HC-GC consensus,HMBA-Macaque-PatchSeq,,Not available in source ZIP,0.0,True,False,True
QN22.26.036.14.01B.02,M4,0.6919886742593954,0.19366418816649,0.49832448609290536,QN22.26.036,Pu,STR Hybrid MSN,E1,4,8,4,True,True,Included: Macaque MSN; ROI Ca/Pu/NAC; complete 18-feature morphology; HC-GC consensus,HMBA-Macaque-PatchSeq,,Not available in source ZIP,0.0,True,False,False
QN22.26.036.14.01B.03,M1,0.4204396752734036,0.32211725065701285,0.09832242461639074,QN22.26.036,Pu,STR Hybrid MSN,E4,1,11,1,True,True,Included: Macaque MSN; ROI Ca/Pu/NAC; complete 18-feature morphology; HC-GC consensus,HMBA-Macaque-PatchSeq,,Not available in source ZIP,0.0,True,False,True
QN22.26.036.14.01B.06,M1,0.424257056851737,0.3456335810080609,0.07862347584367607,QN22.26.036,Pu,STR D1 MSN,E2,1,3,1,True,True,Included: Macaque MSN; ROI Ca/Pu/NAC; complete 18-feature morphology; HC-GC consensus,HMBA-Macaque-PatchSeq,,Not available in source ZIP,0.0,True,False,True
QN22.26.036.14.04B.01,M2,0.5428804867902474,0.2553734290273645,0.2875070577628829,QN22.26.036,Pu,STR D1 MSN,E4,2,9,2,True,True,Included: Macaque MSN; ROI Ca/Pu/NAC; complete 18-feature morphology; HC-GC consensus,HMBA-Macaque-PatchSeq,,Not available in source ZIP,0.0,True,False,False
QN22.26.036.14.04B.03,M2,0.4455957503064463,0.449798224029265,-0.004202473722818678,QN22.26.036,Pu,STR D1 MSN,E3,2,12,2,True,True,Included: Macaque MSN; ROI Ca/Pu/NAC; complete 18-feature morphology; HC-GC consensus,HMBA-Macaque-PatchSeq,,Not available in source ZIP,0.0,True,True,True
QN22.26.036.14.04B.06,M1,0.5232800703415228,0.31799708144529254,0.20528298889623026,QN22.26.036,Pu,STR D1 MSN,E4,1,11,1,True,True,Included: Macaque MSN; ROI Ca/Pu/NAC; complete 18-feature morphology; HC-GC consensus,HMBA-Macaque-PatchSeq,,Not available in source ZIP,0.0,True,False,False
QN22.26.036.14.04B.07,M3,0.5922366844338176,0.32364938692140377,0.26858729751241384,QN22.26.036,Pu,STR D2 MSN,E2,3,1,3,True,True,Included: Macaque MSN; ROI Ca/Pu/NAC; complete 18-feature morphology; HC-GC consensus,HMBA-Macaque-PatchSeq,,Not available in source ZIP,0.0,True,False,False
QN22.26.036.14.05B.04,M4,0.5380065921849092,0.3986572332468292,0.13934935893807998,QN22.26.036,Pu,STR D2 MSN,E2,4,8,4,True,True,Included: Macaque MSN; ROI Ca/Pu/NAC; complete 18-feature morphology; HC-GC consensus,HMBA-Macaque-PatchSeq,,Not available in source ZIP,0.0,True,False,False
QN22.26.036.14.06A.06,M4,0.5380065921849092,0.3986572332468292,0.13934935893807998,QN22.26.036,Pu,STR D1 MSN,,4,8,4,True,True,Included: Macaque MSN; ROI Ca/Pu/NAC; complete 18-feature morphology; HC-GC consensus,HMBA-Macaque-PatchSeq,,Not available in source ZIP,0.0,True,False,False
QN22.26.036.14.06B.02,M4,0.6919886742593955,0.19366418816649,0.49832448609290547,QN22.26.036,Ca,STR D1 MSN,E4,4,8,4,True,True,Included: Macaque MSN; ROI Ca/Pu/NAC; complete 18-feature morphology; HC-GC consensus,HMBA-Macaque-PatchSeq,,Not available in source ZIP,0.0,True,False,False
QN22.26.036.14.07A.04,M1,0.4886032037001514,0.4382303637638082,0.05037283993634323,QN22.26.036,Ca,STR D1 MSN,,1,13,1,True,True,Included: Macaque MSN; ROI Ca/Pu/NAC; complete 18-feature morphology; HC-GC consensus,HMBA-Macaque-PatchSeq,,Not available in source ZIP,0.0,True,False,True
QN22.26.036.14.51A.02,M2,0.5735601029665912,0.24081033987292813,0.3327497630936631,QN22.26.036,Ca,STR D1 MSN,E2,2,2,2,True,True,Included: Macaque MSN; ROI Ca/Pu/NAC; complete 18-feature morphology; HC-GC consensus,HMBA-Macaque-PatchSeq,,Not available in source ZIP,0.0,True,False,False
QN22.26.037.14.03A.02,M1,0.5230345527294171,0.2849941667726333,0.23804038595678384,QN22.26.037,Ca,STR D1 MSN,E3,1,6,1,True,True,Included: Macaque MSN; ROI Ca/Pu/NAC; complete 18-feature morphology; HC-GC consensus,HMBA-Macaque-PatchSeq,,Not available in source ZIP,0.0,True,False,False
QN23.26.003.14.07A.02,M1,0.49259788988947806,0.40612167345216127,0.08647621643731679,QN23.26.003,Ca,STR D1 MSN,,1,11,1,True,True,Included: Macaque MSN; ROI Ca/Pu/NAC; complete 18-feature morphology; HC-GC consensus,HMBA-Macaque-PatchSeq,,Not available in source ZIP,0.0,True,False,True
QN23.26.008.14.02.02,M1,0.5937196141834956,0.18857145941916487,0.40514815476433075,QN23.26.008,NAC,STR D1 MSN,E4,1,7,1,True,True,Included: Macaque MSN; ROI Ca/Pu/NAC; complete 18-feature morphology; HC-GC consensus,HMBA-Macaque-PatchSeq,,Not available in source ZIP,0.0,True,False,False
QN23.26.008.14.03.02,M2,0.35516730014072917,0.5519598893306156,-0.1967925891898864,QN23.26.008,NAC,STR D2 MSN,E2,2,12,2,True,True,Included: Macaque MSN; ROI Ca/Pu/NAC; complete 18-feature morphology; HC-GC consensus,HMBA-Macaque-PatchSeq,,Not available in source ZIP,0.0,True,True,True
QN23.26.008.14.03.03,M1,0.5777285005544166,0.339283589206982,0.23844491134743462,QN23.26.008,NAC,STR D2 MSN,E2,1,13,1,True,True,Included: Macaque MSN; ROI Ca/Pu/NAC; complete 18-feature morphology; HC-GC consensus,HMBA-Macaque-PatchSeq,,Not available in source ZIP,0.0,True,False,False
QN23.26.008.14.06B.01,M1,0.5680155397382349,0.3082320335051098,0.2597835062331251,QN23.26.008,Pu,STR D2 MSN,,1,11,1,True,True,Included: Macaque MSN; ROI Ca/Pu/NAC; complete 18-feature morphology; HC-GC consensus,HMBA-Macaque-PatchSeq,,Not available in source ZIP,0.0,True,False,False
QN23.26.010.14.03A.05,M3,0.7291892265086932,0.2213134364142415,0.5078757900944517,QN23.26.010,NAC,STR D2 MSN,E1,3,1,3,True,True,Included: Macaque MSN; ROI Ca/Pu/NAC; complete 18-feature morphology; HC-GC consensus,HMBA-Macaque-PatchSeq,,Not available in source ZIP,0.0,True,False,False
QN23.26.016.14.03A.04,M1,0.5471250279370825,0.2923300922169724,0.2547949357201101,QN23.26.016,Ca,STR D1 MSN,E4,1,11,1,True,True,Included: Macaque MSN; ROI Ca/Pu/NAC; complete 18-feature morphology; HC-GC consensus,HMBA-Macaque-PatchSeq,,Not available in source ZIP,0.0,True,False,False
QN23.26.016.14.03A.05,M3,0.7382038242328516,0.18783249316868142,0.5503713310641701,QN23.26.016,Ca,STR D2 MSN,E4,3,1,3,True,True,Included: Macaque MSN; ROI Ca/Pu/NAC; complete 18-feature morphology; HC-GC consensus,HMBA-Macaque-PatchSeq,,Not available in source ZIP,0.0,True,False,False
QN23.26.016.14.09A.03,M1,0.5859816231974803,0.17790018483199846,0.40808143836548183,QN23.26.016,Ca,STR D1 MSN,E4,1,7,1,True,True,Included: Macaque MSN; ROI Ca/Pu/NAC; complete 18-feature morphology; HC-GC consensus,HMBA-Macaque-PatchSeq,,Not available in source ZIP,0.0,True,False,False
QN23.26.016.14.09A.04,M1,0.5506676297029584,0.23030077747589836,0.32036685222705996,QN23.26.016,Ca,STR D2 MSN,E2,1,6,1,True,True,Included: Macaque MSN; ROI Ca/Pu/NAC; complete 18-feature morphology; HC-GC consensus,HMBA-Macaque-PatchSeq,,Not available in source ZIP,0.0,True,False,False
QN23.26.017.14v.02A.05,M2,0.38003170100998573,0.40960351707518816,-0.029571816065202428,QN23.26.017,Ca,STR D1 MSN,E2,2,12,2,True,True,Included: Macaque MSN; ROI Ca/Pu/NAC; complete 18-feature morphology; HC-GC consensus,HMBA-Macaque-PatchSeq,,Not available in source ZIP,0.0,True,True,True
QN23.26.017.14v.05A.03,M3,0.5818695725106001,0.2322350861906593,0.3496344863199408,QN23.26.017,Pu,STR D2 MSN,E1,3,1,3,True,True,Included: Macaque MSN; ROI Ca/Pu/NAC; complete 18-feature morphology; HC-GC consensus,HMBA-Macaque-PatchSeq,,Not available in source ZIP,0.0,True,False,False
QN23.26.017.14v.05A.05,M1,0.3820809634597803,0.5193951415008553,-0.13731417804107499,QN23.26.017,Pu,STR Hybrid MSN,E1,1,13,1,True,True,Included: Macaque MSN; ROI Ca/Pu/NAC; complete 18-feature morphology; HC-GC consensus,HMBA-Macaque-PatchSeq,,Not available in source ZIP,0.0,True,True,True
QN23.26.017.14v.05A.06,M1,0.5648159818659559,0.16333483946298435,0.4014811424029716,QN23.26.017,Pu,STR Hybrid MSN,E1,1,6,1,True,True,Included: Macaque MSN; ROI Ca/Pu/NAC; complete 18-feature morphology; HC-GC consensus,HMBA-Macaque-PatchSeq,,Not available in source ZIP,0.0,True,False,False
QN24.26.003.14.01.02,M4,0.6982316212123924,0.07330855279399505,0.6249230684183973,QN24.26.003,NAC,STR D2 MSN,E4,4,8,4,True,True,Included: Macaque MSN; ROI Ca/Pu/NAC; complete 18-feature morphology; HC-GC consensus,HMBA-Macaque-PatchSeq,,Not available in source ZIP,0.0,True,False,False
QN24.26.003.14.01.03,M4,0.675489328983399,0.09851542747066856,0.5769739015127304,QN24.26.003,NAC,STR D1 MSN,E1,4,8,4,True,True,Included: Macaque MSN; ROI Ca/Pu/NAC; complete 18-feature morphology; HC-GC consensus,HMBA-Macaque-PatchSeq,,Not available in source ZIP,0.0,True,False,False
QN24.26.003.14.07.01,M1,0.5888677821615245,0.17966285901935727,0.40920492314216717,QN24.26.003,Pu,STR D2 MSN,E2,1,7,1,True,True,Included: Macaque MSN; ROI Ca/Pu/NAC; complete 18-feature morphology; HC-GC consensus,HMBA-Macaque-PatchSeq,,Not available in source ZIP,0.0,True,False,False
QN24.26.003.41.05.01A.02,M2,0.4494664304238786,0.4800250501150961,-0.03055861969121748,QN24.26.003,Pu,STR D2 MSN,E2,2,10,2,True,True,Included: Macaque MSN; ROI Ca/Pu/NAC; complete 18-feature morphology; HC-GC consensus,HMBA-Macaque-PatchSeq,,Not available in source ZIP,0.0,True,True,True
QN24.26.003.41.06.01B.02,M2,0.6067167152678046,0.3000913208791916,0.30662539438861297,QN24.26.003,Ca,STR D1 MSN,E4,2,4,2,True,True,Included: Macaque MSN; ROI Ca/Pu/NAC; complete 18-feature morphology; HC-GC consensus,HMBA-Macaque-PatchSeq,,Not available in source ZIP,0.0,True,False,False
QN24.26.005.14d.02.01A.02,M1,0.40155796644027497,0.4934451347597035,-0.0918871683194285,QN24.26.005,Ca,STR D2 MSN,E4,1,13,1,True,True,Included: Macaque MSN; ROI Ca/Pu/NAC; complete 18-feature morphology; HC-GC consensus,HMBA-Macaque-PatchSeq,,Not available in source ZIP,0.0,True,True,True
QN24.26.010.14v.03A.05,M3,0.639840708081876,0.24657801235419327,0.3932626957276827,QN24.26.010,NAC,STR D2 MSN,E2,3,1,3,True,True,Included: Macaque MSN; ROI Ca/Pu/NAC; complete 18-feature morphology; HC-GC consensus,HMBA-Macaque-PatchSeq,,Not available in source ZIP,0.0,True,False,False
QN24.26.010.41.02.03,M2,0.44058351968234144,0.37246856501656755,0.06811495466577389,QN24.26.010,Pu,STR D2 MSN,E2,2,10,2,True,True,Included: Macaque MSN; ROI Ca/Pu/NAC; complete 18-feature morphology; HC-GC consensus,HMBA-Macaque-PatchSeq,,Not available in source ZIP,0.0,True,False,True
QN24.26.012.14V.03A.02,M1,0.5241462251760226,0.34654256913529374,0.17760365604072886,QN24.26.012,Ca,STR D2 MSN,E2,1,11,1,True,True,Included: Macaque MSN; ROI Ca/Pu/NAC; complete 18-feature morphology; HC-GC consensus,HMBA-Macaque-PatchSeq,,Not available in source ZIP,0.0,True,False,False
QN24.26.012.14V.06A.04,M3,0.6879950138175103,0.2593385604124305,0.4286564534050798,QN24.26.012,NAC,STR D1 MSN,E1,3,1,3,True,True,Included: Macaque MSN; ROI Ca/Pu/NAC; complete 18-feature morphology; HC-GC consensus,HMBA-Macaque-PatchSeq,,Not available in source ZIP,0.0,True,False,False
QN24.26.012.14V.07A.01,M4,0.7079003004635805,0.079308169218911,0.6285921312446695,QN24.26.012,NAC,STR D1 MSN,E3,4,8,4,True,True,Included: Macaque MSN; ROI Ca/Pu/NAC; complete 18-feature morphology; HC-GC consensus,HMBA-Macaque-PatchSeq,,Not available in source ZIP,0.0,True,False,False
QN24.26.013.14v.01A.02,M3,0.73841559271407,0.17712440244294977,0.5612911902711202,QN24.26.013,Ca,STR D2 MSN,E2,3,1,3,True,True,Included: Macaque MSN; ROI Ca/Pu/NAC; complete 18-feature morphology; HC-GC consensus,HMBA-Macaque-PatchSeq,,Not available in source ZIP,0.0,True,False,False
QN24.26.013.14v.01A.03,M1,0.5742030456019935,0.1327067268769049,0.44149631872508865,QN24.26.013,NAC,STR D2 MSN,E2,1,7,1,True,True,Included: Macaque MSN; ROI Ca/Pu/NAC; complete 18-feature morphology; HC-GC consensus,HMBA-Macaque-PatchSeq,,Not available in source ZIP,0.0,True,False,False
