cell_label,true_class,n_held_out,p_M1,p_M2,p_M3,p_M4
Q19.26.014.11.01.04,M1,117,0.9798379279890604,0.008770230810559426,0.0072983882614595175,0.004093452938920645
Q19.26.014.11.01.05,M2,117,0.4405399466429822,0.4361845836416559,0.11044724333662032,0.012828226378741647
Q19.26.014.11.05.01,M2,117,0.016096445216051733,0.9771364768379878,0.0031185357164663454,0.0036485422294941137
Q19.26.014.1A.03.05,M3,117,0.1199590061723979,0.11227162043773238,0.7541957809814572,0.013573592408412457
Q19.26.019.11.03.01,M4,139,0.145706399448275,0.3821466660535693,0.05505540276302036,0.41709153173513536
Q20.26.003.11.03.01,M3,125,0.0584384259288409,0.019206764813551876,0.9123900956108626,0.009964713646744715
Q20.26.003.11.03.03,M1,125,0.535264672303677,0.13703347519022638,0.05522756252844214,0.2724742899776545
Q20.26.009.12.01.03,M3,134,0.24601029111312195,0.16291123883208997,0.5699685874079158,0.021109882646872278
Q21.26.009.12.01.04,M3,114,0.02962683565405825,0.07524118171993319,0.8667479953804654,0.0283839872455432
Q21.26.009.12.01.05,M1,114,0.6374308706911476,0.1768518858697215,0.08008132394981535,0.10563591948931554
Q21.26.009.12.02.02,M1,114,0.9385245334690393,0.029597958106677046,0.021238625439119356,0.010638882985164326
Q21.26.009.12.02.03,M1,114,0.2870908321811751,0.6979306639108068,0.0115005987354031,0.003477905172614959
Q21.26.013.12.02.03,M2,131,0.034931354229165865,0.9235313906956628,0.03628664917980299,0.005250605895368315
Q21.26.019.13.01.02,M2,129,0.16717918596881354,0.8210697778738377,0.004517803757181029,0.007233232400167787
Q21.26.021.14.07.03,M1,138,0.7096021726428582,0.25684975965463397,0.021055673702936928,0.012492393999570979
Q21.26.021.14.07.08,M2,138,0.02895473113142403,0.9606197735979267,0.003653975106526595,0.006771520164122738
Q21.26.023.13.03.04,M1,125,0.9686502757559811,0.0038263825907386686,0.022735088283141924,0.004788253370138431
QM22.26.003.14.02.06,M3,128,0.1725462011913805,0.04315187903294519,0.7699486702903957,0.014353249485278599
QM22.26.003.14.03.04,M1,128,0.9873866667547282,0.006002638679502005,0.0047117254201633945,0.0018989691456063847
QM22.26.003.14.07.09,M1,128,0.3960399410304936,0.13285100803756167,0.44098832113661707,0.030120729795327626
QM22.26.003.14.55.04,M2,128,0.014367822008166631,0.9519460551281245,0.010754115265751122,0.02293200759795777
QM22.26.030.14.02A.03,M1,130,0.7566244537564045,0.04060589365823488,0.19210865706322347,0.010660995522137208
QM22.26.031.14.02.06,M2,151,0.032707057401846484,0.9228350143801463,0.0065213699990494724,0.03793655821895776
QM22.26.031.14.03A.03,M2,151,0.18290358715192434,0.7993799262755128,0.012216542250184488,0.005499944322378381
QM22.26.031.14.04A.07,M4,151,0.05484889350238825,0.01817494886722244,0.038282515533123625,0.8886936420972656
QM22.26.031.14.04A.08,M2,151,0.04381903232659459,0.6428834728662118,0.06773169260984234,0.24556580219735127
QM22.26.031.14.55A.04,M3,151,0.5952469189506572,0.025582378018851767,0.3625019033995679,0.01666879963092318
QM22.26.031.14.55A.05,M2,151,0.029351559926614788,0.9562884690049028,0.005078305891913437,0.009281665176568997
QM24.26.011.14v.02A.04,M1,139,0.9084877448925959,0.031090279807629805,0.024105672343862333,0.036316302955911935
QM25.26.006.14v.03A.03,M2,126,0.13631433383664862,0.6897674805044944,0.10076856030556193,0.07314962535329499
QN21.26.029.14.02.01,M3,127,0.47029546450333204,0.04072153792438878,0.3855639380239139,0.10341905954836517
QN22.26.002.14.04.10,M4,140,0.07292276845991509,0.04058387508167324,0.05110343867988168,0.8353899177785299
QN22.26.009.14.3B.02,M1,133,0.44479564030504476,0.17139021705433813,0.05158899585648062,0.33222514678413645
QN22.26.009.14.3B.03,M1,133,0.21516154086836276,0.770248568554772,0.00823726781304559,0.006352622763819702
QN22.26.009.14.3B.05,M2,133,0.13171323536237176,0.8113032915677478,0.008292211711540303,0.04869126135834011
QN22.26.009.14.4A.04,M1,133,0.9751127946250562,0.004260287095830764,0.016314902777766913,0.004312015501346112
QN22.26.009.14.4A.05,M1,133,0.778885469588041,0.18005205138055086,0.018986243237569464,0.022076235793838744
QN22.26.010.14.04.05,M2,131,0.01424186585321161,0.9725300178856049,0.010519106559310756,0.0027090097018727267
QN22.26.010.14.07.01,M2,131,0.10174637657308047,0.8725765630230659,0.005998168021662773,0.019678892382190987
QN22.26.010.14.52.01,M2,131,0.1146408780426163,0.8241726786646696,0.021908517552985857,0.03927792573972823
QN22.26.011.14.3A.07,M4,145,0.2083713952961407,0.1109349815824177,0.0652725265696803,0.6154210965517612
QN22.26.011.14.4B.01,M2,145,0.06102609336056245,0.926217043090103,0.0047204938098856725,0.008036369739448997
QN22.26.011.14.5A.02,M2,145,0.029886733260575313,0.9564855628091815,0.005082872727004751,0.008544831203238549
QN22.26.011.14.5A.04,M1,145,0.9278507336777075,0.05255108211648568,0.008481342976144179,0.0111168412296625
QN22.26.011.14.5A.05,M1,145,0.7797928183843036,0.19826596134093635,0.00877193480135972,0.01316928547340031
QN22.26.011.14.6A.01,M4,145,0.11011278870530317,0.11163325288532837,0.08005554888410851,0.69819840952526
QN22.26.011.14.6A.05,M2,145,0.013881690503551982,0.9682602488099127,0.01327244478731251,0.004585615899222867
QN22.26.011.14.6A.09,M1,145,0.8524315377981272,0.09956703787829106,0.03246395788744841,0.015537466436133306
QN22.26.011.14.6B.02,M3,145,0.014043592365063398,0.02250070198180884,0.9487626959084572,0.0146930097446705
QN22.26.014.14.4A.06,M2,140,0.13125195897155714,0.5526332426798016,0.2511028691122439,0.06501192923639738
QN22.26.014.14.5B.01,M2,140,0.08245717048303612,0.8706163658661937,0.028011214675853276,0.018915248974916962
QN22.26.015.14.02A.05,M1,142,0.784922107475526,0.1881981809247605,0.015027559834551757,0.0118521517651617
QN22.26.015.14.02A.08,M3,142,0.02708601930820112,0.017047882798367768,0.9248237516367941,0.031042346256637002
QN22.26.015.14.05A.06,M1,142,0.8822971455883479,0.018503715259753306,0.05452262476064828,0.044676514391250484
QN22.26.016.14.04A.02,M2,130,0.0342265573505153,0.9506483287694187,0.006547142005203958,0.008577971874861964
QN22.26.016.14.04A.03,M2,130,0.012278527983068315,0.9769038556867962,0.0037126500495079586,0.007104966280627474
QN22.26.016.14.04A.04,M2,130,0.025267224267788754,0.9217406402676529,0.022312225343599192,0.03067991012095923
QN22.26.017.14.01A.01,M3,123,0.04598918066784482,0.10895109030732705,0.7700561810560634,0.07500354796876468
QN22.26.019.14.01A.03,M1,134,0.9713960456357676,0.014572557630064044,0.0078092491060903785,0.006222147628077853
QN22.26.019.14.51A.01,M2,134,0.010634527278420064,0.9718427595114945,0.0074050442720094796,0.010117668938076
QN22.26.020.14.02.05,M2,134,0.01349654747662756,0.9326251697811203,0.013891473446191049,0.03998680929606103
QN22.26.020.14.03.04,M2,134,0.011138051754715448,0.9471612131524266,0.006198091687057658,0.03550264340580026
QN22.26.020.14.04.05,M3,134,0.23899834766648426,0.04291156756133741,0.7026182186507984,0.015471866121380002
QN22.26.020.14.07B.01,M1,134,0.7449523745907359,0.05239560804977938,0.1924547258156421,0.010197291543842578
QN22.26.020.14.08B.02,M2,134,0.14820021624613636,0.7037172930658528,0.11124295435072089,0.036839536337289897
QN22.26.020.14.52B.02,M2,134,0.3749439177699592,0.4536305824433753,0.07454461460926082,0.09688088517740469
QN22.26.023.14.05A.01,M2,139,0.31250709394047593,0.5614747798528165,0.07254054907725657,0.053477577129451004
QN22.26.023.14.05A.03,M3,139,0.024646843467504304,0.01561119803555722,0.942062237138634,0.017679721358304423
QN22.26.023.14.06A.02,M2,139,0.03564755054350911,0.9573498048784278,0.002457923100915477,0.004544721477147571
QN22.26.023.14.06A.03,M2,139,0.03131096700902111,0.94514754196306,0.007865413946018699,0.01567607708190015
QN22.26.025.14.03A.01,M2,131,0.35857654341446316,0.6114199440780613,0.021453081861874865,0.008550430645600682
QN22.26.025.14.06A.01,M2,131,0.009863666557908912,0.9632140899061049,0.011229892729005445,0.015692350806980795
QN22.26.025.14.06A.02,M2,131,0.03137321129221753,0.9473346454166643,0.01446471229206231,0.006827430999055781
QN22.26.025.14.06A.05,M3,131,0.018926931757573043,0.11880520233662548,0.8497079811810542,0.012559884724747299
QN22.26.027.14.04.03,M1,124,0.8210821249687089,0.04404938224162156,0.12242952027749703,0.012438972512172486
QN22.26.028.14.02.03,M1,140,0.7474153509257934,0.16260991679708764,0.037529246149133146,0.05244548612798585
QN22.26.028.14.02.04,M1,140,0.7943647230354672,0.12430645010075243,0.056051075711711376,0.025277751152069018
QN22.26.036.14.01B.02,M4,135,0.19516505042428497,0.25834739117759337,0.10066083532578467,0.445826723072337
QN22.26.036.14.01B.03,M1,135,0.4200213591422579,0.06123122071836161,0.43171397925495736,0.08703344088442315
QN22.26.036.14.01B.06,M1,135,0.5274763841430848,0.23510834425891883,0.20883972133055478,0.028575550267441567
QN22.26.036.14.04B.01,M2,135,0.1713760062805934,0.7351083041510311,0.0569212122641258,0.036594477304249744
QN22.26.036.14.04B.03,M2,135,0.05962591908720514,0.8845961884430262,0.04958643826495218,0.006191454204816387
QN22.26.036.14.04B.06,M1,135,0.9001229314829947,0.050450538864557866,0.011015279756136165,0.03841124989631119
QN22.26.036.14.04B.07,M3,135,0.1926422540540989,0.045790399484001806,0.7275427440537305,0.03402460240816877
QN22.26.036.14.05B.04,M4,135,0.12945437430002507,0.2010106074437961,0.27621684860101975,0.3933181696551591
QN22.26.036.14.06A.06,M4,135,0.14798360343288072,0.2437764127869322,0.44908669966669995,0.15915328411348714
QN22.26.036.14.06B.02,M4,135,0.20039385598653087,0.20767233247248684,0.10266775555455818,0.48926605598642414
QN22.26.036.14.07A.04,M1,135,0.8046540817478006,0.1783870493943556,0.010008633981047791,0.0069502348767959245
QN22.26.036.14.51A.02,M2,135,0.025063322368169126,0.937974394858475,0.024846216535086327,0.012116066238269491
QN22.26.037.14.03A.02,M1,125,0.9132580462390019,0.04986515533346412,0.020478585534814582,0.01639821289271948
QN23.26.003.14.07A.02,M1,123,0.8951806836541352,0.09046014791716743,0.008388941604552549,0.005970226824144806
QN23.26.008.14.02.02,M1,139,0.9587129415262157,0.024672736062463483,0.010616980573082524,0.005997341838238371
QN23.26.008.14.03.02,M2,139,0.04800658702859646,0.5894489676822644,0.35281870204350885,0.009725743245630353
QN23.26.008.14.03.03,M1,139,0.9429293719527579,0.04879851452189219,0.005691827995778989,0.0025802855295709746
QN23.26.008.14.06B.01,M1,139,0.937847259267768,0.04360082991193237,0.01034662763859182,0.008205283181707672
QN23.26.010.14.03A.05,M3,140,0.04318616439813506,0.031372876732366606,0.8594174481709185,0.0660235106985799
QN23.26.016.14.03A.04,M1,138,0.8226318256009989,0.02854929646652666,0.13888456807580493,0.009934309856669429
QN23.26.016.14.03A.05,M3,138,0.011657856233756961,0.04870233790740401,0.929923707352852,0.009716098505987
QN23.26.016.14.09A.03,M1,138,0.9220559172399617,0.03972770680185003,0.03136104593520923,0.006855330022978979
QN23.26.016.14.09A.04,M1,138,0.6597597260173429,0.03450100168535676,0.28363010032330777,0.02210917197399266
QN23.26.017.14v.02A.05,M2,145,0.5900291989021584,0.3363393327368067,0.06103069541469176,0.012600772946343127
QN23.26.017.14v.05A.03,M3,145,0.1381450149357406,0.25018194559939616,0.5260754034865845,0.0855976359782788
QN23.26.017.14v.05A.05,M1,145,0.7131705566156552,0.2635429465978556,0.010277415303134333,0.013009081483354865
QN23.26.017.14v.05A.06,M1,145,0.9249996885897245,0.01282596560942415,0.044328059714978926,0.01784628608587243
QN24.26.003.14.01.02,M4,155,0.07174670781947744,0.08742016826868997,0.12901001122254271,0.7118231126892899
QN24.26.003.14.01.03,M4,155,0.22989592821232221,0.04945597738613741,0.32072571619151197,0.3999223782100284
QN24.26.003.14.07.01,M1,155,0.9408289865699265,0.012923948370672157,0.032402361963509395,0.013844703095891888
QN24.26.003.41.05.01A.02,M2,155,0.082577605432163,0.6959570920739917,0.1925734843548965,0.028891818138948807
QN24.26.003.41.06.01B.02,M2,155,0.38804173898180927,0.5757156403278316,0.014718491688971911,0.021524129001387098
QN24.26.005.14d.02.01A.02,M1,130,0.8376193773921797,0.1257478695633129,0.02912845665879135,0.007504296385716001
QN24.26.010.14v.03A.05,M3,134,0.1289305730908894,0.10912158874843851,0.5926522711797395,0.1692955669809326
QN24.26.010.41.02.03,M2,134,0.026787736214577626,0.846943256757996,0.02408641253627555,0.10218259449115087
QN24.26.012.14V.03A.02,M1,159,0.9742593922738617,0.006579188354033983,0.010119450774046012,0.00904196859805832
QN24.26.012.14V.06A.04,M3,159,0.07610833640984432,0.2157173756948109,0.444915439094347,0.26325884880099787
QN24.26.012.14V.07A.01,M4,159,0.1811535504649279,0.18661411501657552,0.04190979176873531,0.5903225427497613
QN24.26.013.14v.01A.02,M3,138,0.01763233892648869,0.011342666367504764,0.950449676313746,0.020575318392260542
QN24.26.013.14v.01A.03,M1,138,0.7712649346104775,0.05423018864420779,0.11341255337857113,0.06109232336674358
