M_class,recall,precision,threshold
M1,1.0,0.36752136752136755,0.009863666557908912
M1,1.0,0.3706896551724138,0.010634527278420064
M1,1.0,0.3739130434782609,0.011138051754715448
M1,1.0,0.37719298245614036,0.011657856233756961
M1,1.0,0.3805309734513274,0.012278527983068315
M1,1.0,0.38392857142857145,0.01349654747662756
M1,1.0,0.38738738738738737,0.013881690503551982
M1,1.0,0.39090909090909093,0.014043592365063398
M1,1.0,0.3944954128440367,0.01424186585321161
M1,1.0,0.39814814814814814,0.014367822008166631
M1,1.0,0.40186915887850466,0.016096445216051733
M1,1.0,0.4056603773584906,0.01763233892648869
M1,1.0,0.4095238095238095,0.018926931757573043
M1,1.0,0.41346153846153844,0.024646843467504304
M1,1.0,0.4174757281553398,0.025063322368169126
M1,1.0,0.4215686274509804,0.025267224267788754
M1,1.0,0.42574257425742573,0.026787736214577626
M1,1.0,0.43,0.02708601930820112
M1,1.0,0.43434343434343436,0.02895473113142403
M1,1.0,0.4387755102040816,0.029351559926614788
M1,1.0,0.44329896907216493,0.02962683565405825
M1,1.0,0.4479166666666667,0.029886733260575313
M1,1.0,0.45263157894736844,0.03131096700902111
M1,1.0,0.4574468085106383,0.03137321129221753
M1,1.0,0.46236559139784944,0.032707057401846484
M1,1.0,0.4673913043478261,0.0342265573505153
M1,1.0,0.4725274725274725,0.034931354229165865
M1,1.0,0.4777777777777778,0.03564755054350911
M1,1.0,0.48314606741573035,0.04318616439813506
M1,1.0,0.48863636363636365,0.04381903232659459
M1,1.0,0.4942528735632184,0.04598918066784482
M1,1.0,0.5,0.04800658702859646
M1,1.0,0.5058823529411764,0.05484889350238825
M1,1.0,0.5119047619047619,0.0584384259288409
M1,1.0,0.5180722891566265,0.05962591908720514
M1,1.0,0.524390243902439,0.06102609336056245
M1,1.0,0.5308641975308642,0.07174670781947744
M1,1.0,0.5375,0.07292276845991509
M1,1.0,0.5443037974683544,0.07610833640984432
M1,1.0,0.5512820512820513,0.08245717048303612
M1,1.0,0.5584415584415584,0.082577605432163
M1,1.0,0.5657894736842105,0.10174637657308047
M1,1.0,0.5733333333333334,0.11011278870530317
M1,1.0,0.581081081081081,0.1146408780426163
M1,1.0,0.589041095890411,0.1199590061723979
M1,1.0,0.5972222222222222,0.1289305730908894
M1,1.0,0.6056338028169014,0.12945437430002507
M1,1.0,0.6142857142857143,0.13125195897155714
M1,1.0,0.6231884057971014,0.13171323536237176
M1,1.0,0.6323529411764706,0.13631433383664862
M1,1.0,0.6417910447761194,0.1381450149357406
M1,1.0,0.6515151515151515,0.145706399448275
M1,1.0,0.6615384615384615,0.14798360343288072
M1,1.0,0.671875,0.14820021624613636
M1,1.0,0.6825396825396826,0.16717918596881354
M1,1.0,0.6935483870967742,0.1713760062805934
M1,1.0,0.7049180327868853,0.1725462011913805
M1,1.0,0.7166666666666667,0.1811535504649279
M1,1.0,0.7288135593220338,0.18290358715192434
M1,1.0,0.7413793103448276,0.1926422540540989
M1,1.0,0.7543859649122807,0.19516505042428497
M1,1.0,0.7678571428571429,0.20039385598653087
M1,1.0,0.7818181818181819,0.2083713952961407
M1,1.0,0.7962962962962963,0.21516154086836276
M1,0.9767441860465116,0.7924528301886793,0.22989592821232221
M1,0.9767441860465116,0.8076923076923077,0.23899834766648426
M1,0.9767441860465116,0.8235294117647058,0.24601029111312195
M1,0.9767441860465116,0.84,0.2870908321811751
M1,0.9534883720930233,0.8367346938775511,0.31250709394047593
M1,0.9534883720930233,0.8541666666666666,0.35857654341446316
M1,0.9534883720930233,0.8723404255319149,0.3749439177699592
M1,0.9534883720930233,0.8913043478260869,0.38804173898180927
M1,0.9534883720930233,0.9111111111111111,0.3960399410304936
M1,0.9302325581395349,0.9090909090909091,0.4200213591422579
M1,0.9069767441860465,0.9069767441860465,0.4405399466429822
M1,0.9069767441860465,0.9285714285714286,0.44479564030504476
M1,0.8837209302325582,0.926829268292683,0.47029546450333204
M1,0.8837209302325582,0.95,0.5274763841430848
M1,0.8604651162790697,0.9487179487179487,0.535264672303677
M1,0.8372093023255814,0.9473684210526315,0.5900291989021584
M1,0.8372093023255814,0.972972972972973,0.5952469189506572
M1,0.8372093023255814,1.0,0.6374308706911476
M1,0.813953488372093,1.0,0.6597597260173429
M1,0.7906976744186046,1.0,0.7096021726428582
M1,0.7674418604651163,1.0,0.7131705566156552
M1,0.7441860465116279,1.0,0.7449523745907359
M1,0.7209302325581395,1.0,0.7474153509257934
M1,0.6976744186046512,1.0,0.7566244537564045
M1,0.6744186046511628,1.0,0.7712649346104775
M1,0.6511627906976745,1.0,0.778885469588041
M1,0.627906976744186,1.0,0.7797928183843036
M1,0.6046511627906976,1.0,0.784922107475526
M1,0.5813953488372093,1.0,0.7943647230354672
M1,0.5581395348837209,1.0,0.8046540817478006
M1,0.5348837209302325,1.0,0.8210821249687089
M1,0.5116279069767442,1.0,0.8226318256009989
M1,0.4883720930232558,1.0,0.8376193773921797
M1,0.46511627906976744,1.0,0.8524315377981272
M1,0.4418604651162791,1.0,0.8822971455883479
M1,0.4186046511627907,1.0,0.8951806836541352
M1,0.3953488372093023,1.0,0.9001229314829947
M1,0.37209302325581395,1.0,0.9084877448925959
M1,0.3488372093023256,1.0,0.9132580462390019
M1,0.32558139534883723,1.0,0.9220559172399617
M1,0.3023255813953488,1.0,0.9249996885897245
M1,0.27906976744186046,1.0,0.9278507336777075
M1,0.2558139534883721,1.0,0.937847259267768
M1,0.23255813953488372,1.0,0.9385245334690393
M1,0.20930232558139536,1.0,0.9408289865699265
M1,0.18604651162790697,1.0,0.9429293719527579
M1,0.16279069767441862,1.0,0.9587129415262157
M1,0.13953488372093023,1.0,0.9686502757559811
M1,0.11627906976744186,1.0,0.9713960456357676
M1,0.09302325581395349,1.0,0.9742593922738617
M1,0.06976744186046512,1.0,0.9751127946250562
M1,0.046511627906976744,1.0,0.9798379279890604
M1,0.023255813953488372,1.0,0.9873866667547282
M1,0.0,1.0,
M2,1.0,0.358974358974359,0.0038263825907386686
M2,1.0,0.3620689655172414,0.004260287095830764
M2,1.0,0.3652173913043478,0.006002638679502005
M2,1.0,0.3684210526315789,0.006579188354033983
M2,1.0,0.37168141592920356,0.008770230810559426
M2,1.0,0.375,0.011342666367504764
M2,1.0,0.3783783783783784,0.01282596560942415
M2,1.0,0.38181818181818183,0.012923948370672157
M2,1.0,0.3853211009174312,0.014572557630064044
M2,1.0,0.3888888888888889,0.01561119803555722
M2,1.0,0.3925233644859813,0.017047882798367768
M2,1.0,0.39622641509433965,0.01817494886722244
M2,1.0,0.4,0.018503715259753306
M2,1.0,0.40384615384615385,0.019206764813551876
M2,1.0,0.4077669902912621,0.02250070198180884
M2,1.0,0.4117647058823529,0.024672736062463483
M2,1.0,0.4158415841584158,0.025582378018851767
M2,1.0,0.42,0.02854929646652666
M2,1.0,0.42424242424242425,0.029597958106677046
M2,1.0,0.42857142857142855,0.031090279807629805
M2,1.0,0.4329896907216495,0.031372876732366606
M2,1.0,0.4375,0.03450100168535676
M2,1.0,0.4421052631578947,0.03972770680185003
M2,1.0,0.44680851063829785,0.04058387508167324
M2,1.0,0.45161290322580644,0.04060589365823488
M2,1.0,0.45652173913043476,0.04072153792438878
M2,1.0,0.46153846153846156,0.04291156756133741
M2,1.0,0.4666666666666667,0.04315187903294519
M2,1.0,0.47191011235955055,0.04360082991193237
M2,1.0,0.4772727272727273,0.04404938224162156
M2,1.0,0.4827586206896552,0.045790399484001806
M2,1.0,0.4883720930232558,0.04870233790740401
M2,1.0,0.49411764705882355,0.04879851452189219
M2,1.0,0.5,0.04945597738613741
M2,1.0,0.5060240963855421,0.04986515533346412
M2,1.0,0.5121951219512195,0.050450538864557866
M2,1.0,0.5185185185185185,0.05239560804977938
M2,1.0,0.525,0.05255108211648568
M2,1.0,0.5316455696202531,0.05423018864420779
M2,1.0,0.5384615384615384,0.06123122071836161
M2,1.0,0.5454545454545454,0.07524118171993319
M2,1.0,0.5526315789473685,0.08742016826868997
M2,1.0,0.56,0.09046014791716743
M2,1.0,0.5675675675675675,0.09956703787829106
M2,1.0,0.5753424657534246,0.10895109030732705
M2,1.0,0.5833333333333334,0.10912158874843851
M2,1.0,0.5915492957746479,0.1109349815824177
M2,1.0,0.6,0.11163325288532837
M2,1.0,0.6086956521739131,0.11227162043773238
M2,1.0,0.6176470588235294,0.11880520233662548
M2,1.0,0.6268656716417911,0.12430645010075243
M2,1.0,0.6363636363636364,0.1257478695633129
M2,1.0,0.6461538461538462,0.13285100803756167
M2,1.0,0.65625,0.13703347519022638
M2,1.0,0.6666666666666666,0.16260991679708764
M2,1.0,0.6774193548387096,0.16291123883208997
M2,1.0,0.6885245901639344,0.17139021705433813
M2,1.0,0.7,0.1768518858697215
M2,1.0,0.711864406779661,0.1783870493943556
M2,1.0,0.7241379310344828,0.18005205138055086
M2,1.0,0.7368421052631579,0.18661411501657552
M2,1.0,0.75,0.1881981809247605
M2,1.0,0.7636363636363637,0.19826596134093635
M2,1.0,0.7777777777777778,0.2010106074437961
M2,1.0,0.7924528301886793,0.20767233247248684
M2,1.0,0.8076923076923077,0.2157173756948109
M2,1.0,0.8235294117647058,0.23510834425891883
M2,1.0,0.84,0.2437764127869322
M2,1.0,0.8571428571428571,0.25018194559939616
M2,1.0,0.875,0.25684975965463397
M2,1.0,0.8936170212765957,0.25834739117759337
M2,1.0,0.9130434782608695,0.2635429465978556
M2,1.0,0.9333333333333333,0.3363393327368067
M2,0.9761904761904762,0.9318181818181818,0.3821466660535693
M2,0.9761904761904762,0.9534883720930233,0.4361845836416559
M2,0.9523809523809523,0.9523809523809523,0.4536305824433753
M2,0.9285714285714286,0.9512195121951219,0.5526332426798016
M2,0.9047619047619048,0.95,0.5614747798528165
M2,0.8809523809523809,0.9487179487179487,0.5757156403278316
M2,0.8571428571428571,0.9473684210526315,0.5894489676822644
M2,0.8333333333333334,0.9459459459459459,0.6114199440780613
M2,0.8095238095238095,0.9444444444444444,0.6428834728662118
M2,0.7857142857142857,0.9428571428571428,0.6897674805044944
M2,0.7619047619047619,0.9411764705882353,0.6959570920739917
M2,0.7380952380952381,0.9393939393939394,0.6979306639108068
M2,0.7380952380952381,0.96875,0.7037172930658528
M2,0.7142857142857143,0.967741935483871,0.7351083041510311
M2,0.6904761904761905,0.9666666666666667,0.770248568554772
M2,0.6904761904761905,1.0,0.7993799262755128
M2,0.6666666666666666,1.0,0.8113032915677478
M2,0.6428571428571429,1.0,0.8210697778738377
M2,0.6190476190476191,1.0,0.8241726786646696
M2,0.5952380952380952,1.0,0.846943256757996
M2,0.5714285714285714,1.0,0.8706163658661937
M2,0.5476190476190477,1.0,0.8725765630230659
M2,0.5238095238095238,1.0,0.8845961884430262
M2,0.5,1.0,0.9217406402676529
M2,0.47619047619047616,1.0,0.9228350143801463
M2,0.4523809523809524,1.0,0.9235313906956628
M2,0.42857142857142855,1.0,0.926217043090103
M2,0.40476190476190477,1.0,0.9326251697811203
M2,0.38095238095238093,1.0,0.937974394858475
M2,0.35714285714285715,1.0,0.94514754196306
M2,0.3333333333333333,1.0,0.9471612131524266
M2,0.30952380952380953,1.0,0.9473346454166643
M2,0.2857142857142857,1.0,0.9506483287694187
M2,0.2619047619047619,1.0,0.9519460551281245
M2,0.23809523809523808,1.0,0.9562884690049028
M2,0.21428571428571427,1.0,0.9564855628091815
M2,0.19047619047619047,1.0,0.9573498048784278
M2,0.16666666666666666,1.0,0.9606197735979267
M2,0.14285714285714285,1.0,0.9632140899061049
M2,0.11904761904761904,1.0,0.9682602488099127
M2,0.09523809523809523,1.0,0.9718427595114945
M2,0.07142857142857142,1.0,0.9725300178856049
M2,0.047619047619047616,1.0,0.9769038556867962
M2,0.023809523809523808,1.0,0.9771364768379878
M2,0.0,1.0,
M3,1.0,0.17094017094017094,0.002457923100915477
M3,1.0,0.1724137931034483,0.0031185357164663454
M3,1.0,0.17391304347826086,0.003653975106526595
M3,1.0,0.17543859649122806,0.0037126500495079586
M3,1.0,0.17699115044247787,0.004517803757181029
M3,1.0,0.17857142857142858,0.0047117254201633945
M3,1.0,0.18018018018018017,0.0047204938098856725
M3,1.0,0.18181818181818182,0.005078305891913437
M3,1.0,0.1834862385321101,0.005082872727004751
M3,1.0,0.18518518518518517,0.005691827995778989
M3,1.0,0.18691588785046728,0.005998168021662773
M3,1.0,0.18867924528301888,0.006198091687057658
M3,1.0,0.19047619047619047,0.0065213699990494724
M3,1.0,0.19230769230769232,0.006547142005203958
M3,1.0,0.1941747572815534,0.0072983882614595175
M3,1.0,0.19607843137254902,0.0074050442720094796
M3,1.0,0.19801980198019803,0.0078092491060903785
M3,1.0,0.2,0.007865413946018699
M3,1.0,0.20202020202020202,0.00823726781304559
M3,1.0,0.20408163265306123,0.008292211711540303
M3,1.0,0.20618556701030927,0.008388941604552549
M3,1.0,0.20833333333333334,0.008481342976144179
M3,1.0,0.21052631578947367,0.00877193480135972
M3,1.0,0.2127659574468085,0.010008633981047791
M3,1.0,0.21505376344086022,0.010119450774046012
M3,1.0,0.21739130434782608,0.010277415303134333
M3,1.0,0.21978021978021978,0.01034662763859182
M3,1.0,0.2222222222222222,0.010519106559310756
M3,1.0,0.2247191011235955,0.010616980573082524
M3,1.0,0.22727272727272727,0.010754115265751122
M3,1.0,0.22988505747126436,0.011015279756136165
M3,1.0,0.23255813953488372,0.011229892729005445
M3,1.0,0.23529411764705882,0.0115005987354031
M3,1.0,0.23809523809523808,0.012216542250184488
M3,1.0,0.24096385542168675,0.01327244478731251
M3,1.0,0.24390243902439024,0.013891473446191049
M3,1.0,0.24691358024691357,0.01446471229206231
M3,1.0,0.25,0.014718491688971911
M3,1.0,0.25316455696202533,0.015027559834551757
M3,1.0,0.2564102564102564,0.016314902777766913
M3,1.0,0.2597402597402597,0.018986243237569464
M3,1.0,0.2631578947368421,0.020478585534814582
M3,1.0,0.26666666666666666,0.021055673702936928
M3,1.0,0.2702702702702703,0.021238625439119356
M3,1.0,0.273972602739726,0.021453081861874865
M3,1.0,0.2777777777777778,0.021908517552985857
M3,1.0,0.28169014084507044,0.022312225343599192
M3,1.0,0.2857142857142857,0.022735088283141924
M3,1.0,0.2898550724637681,0.02408641253627555
M3,1.0,0.29411764705882354,0.024105672343862333
M3,1.0,0.29850746268656714,0.024846216535086327
M3,1.0,0.30303030303030304,0.028011214675853276
M3,1.0,0.3076923076923077,0.02912845665879135
M3,1.0,0.3125,0.03136104593520923
M3,1.0,0.31746031746031744,0.032402361963509395
M3,1.0,0.3225806451612903,0.03246395788744841
M3,1.0,0.32786885245901637,0.03628664917980299
M3,1.0,0.3333333333333333,0.037529246149133146
M3,1.0,0.3389830508474576,0.038282515533123625
M3,1.0,0.3448275862068966,0.04190979176873531
M3,1.0,0.3508771929824561,0.044328059714978926
M3,1.0,0.35714285714285715,0.04958643826495218
M3,1.0,0.36363636363636365,0.05110343867988168
M3,1.0,0.37037037037037035,0.05158899585648062
M3,1.0,0.37735849056603776,0.05452262476064828
M3,1.0,0.38461538461538464,0.05505540276302036
M3,1.0,0.39215686274509803,0.05522756252844214
M3,1.0,0.4,0.056051075711711376
M3,1.0,0.40816326530612246,0.0569212122641258
M3,1.0,0.4166666666666667,0.06103069541469176
M3,1.0,0.425531914893617,0.0652725265696803
M3,1.0,0.43478260869565216,0.06773169260984234
M3,1.0,0.4444444444444444,0.07254054907725657
M3,1.0,0.45454545454545453,0.07454461460926082
M3,1.0,0.46511627906976744,0.08005554888410851
M3,1.0,0.47619047619047616,0.08008132394981535
M3,1.0,0.4878048780487805,0.10066083532578467
M3,1.0,0.5,0.10076856030556193
M3,1.0,0.5128205128205128,0.10266775555455818
M3,1.0,0.5263157894736842,0.11044724333662032
M3,1.0,0.5405405405405406,0.11124295435072089
M3,1.0,0.5555555555555556,0.11341255337857113
M3,1.0,0.5714285714285714,0.12242952027749703
M3,1.0,0.5882352941176471,0.12901001122254271
M3,1.0,0.6060606060606061,0.13888456807580493
M3,1.0,0.625,0.19210865706322347
M3,1.0,0.6451612903225806,0.1924547258156421
M3,1.0,0.6666666666666666,0.1925734843548965
M3,1.0,0.6896551724137931,0.20883972133055478
M3,1.0,0.7142857142857143,0.2511028691122439
M3,1.0,0.7407407407407407,0.27621684860101975
M3,1.0,0.7692307692307693,0.28363010032330777
M3,1.0,0.8,0.32072571619151197
M3,1.0,0.8333333333333334,0.35281870204350885
M3,1.0,0.8695652173913043,0.3625019033995679
M3,0.95,0.8636363636363636,0.3855639380239139
M3,0.9,0.8571428571428571,0.43171397925495736
M3,0.9,0.9,0.44098832113661707
M3,0.9,0.9473684210526315,0.444915439094347
M3,0.85,0.9444444444444444,0.44908669966669995
M3,0.85,1.0,0.5260754034865845
M3,0.8,1.0,0.5699685874079158
M3,0.75,1.0,0.5926522711797395
M3,0.7,1.0,0.7026182186507984
M3,0.65,1.0,0.7275427440537305
M3,0.6,1.0,0.7541957809814572
M3,0.55,1.0,0.7699486702903957
M3,0.5,1.0,0.7700561810560634
M3,0.45,1.0,0.8497079811810542
M3,0.4,1.0,0.8594174481709185
M3,0.35,1.0,0.8667479953804654
M3,0.3,1.0,0.9123900956108626
M3,0.25,1.0,0.9248237516367941
M3,0.2,1.0,0.929923707352852
M3,0.15,1.0,0.942062237138634
M3,0.1,1.0,0.9487626959084572
M3,0.05,1.0,0.950449676313746
M3,0.0,1.0,
M4,1.0,0.10256410256410256,0.0018989691456063847
M4,1.0,0.10344827586206896,0.0025802855295709746
M4,1.0,0.10434782608695652,0.0027090097018727267
M4,1.0,0.10526315789473684,0.003477905172614959
M4,1.0,0.10619469026548672,0.0036485422294941137
M4,1.0,0.10714285714285714,0.004093452938920645
M4,1.0,0.10810810810810811,0.004312015501346112
M4,1.0,0.10909090909090909,0.004544721477147571
M4,1.0,0.11009174311926606,0.004585615899222867
M4,1.0,0.1111111111111111,0.004788253370138431
M4,1.0,0.11214953271028037,0.005250605895368315
M4,1.0,0.11320754716981132,0.005499944322378381
M4,1.0,0.11428571428571428,0.005970226824144806
M4,1.0,0.11538461538461539,0.005997341838238371
M4,1.0,0.11650485436893204,0.006191454204816387
M4,1.0,0.11764705882352941,0.006222147628077853
M4,1.0,0.1188118811881188,0.006352622763819702
M4,1.0,0.12,0.006771520164122738
M4,1.0,0.12121212121212122,0.006827430999055781
M4,1.0,0.12244897959183673,0.006855330022978979
M4,1.0,0.12371134020618557,0.0069502348767959245
M4,1.0,0.125,0.007104966280627474
M4,1.0,0.12631578947368421,0.007233232400167787
M4,1.0,0.1276595744680851,0.007504296385716001
M4,1.0,0.12903225806451613,0.008036369739448997
M4,1.0,0.13043478260869565,0.008205283181707672
M4,1.0,0.13186813186813187,0.008544831203238549
M4,1.0,0.13333333333333333,0.008550430645600682
M4,1.0,0.1348314606741573,0.008577971874861964
M4,1.0,0.13636363636363635,0.00904196859805832
M4,1.0,0.13793103448275862,0.009281665176568997
M4,1.0,0.13953488372093023,0.009716098505987
M4,1.0,0.1411764705882353,0.009725743245630353
M4,1.0,0.14285714285714285,0.009934309856669429
M4,1.0,0.14457831325301204,0.009964713646744715
M4,1.0,0.14634146341463414,0.010117668938076
M4,1.0,0.14814814814814814,0.010197291543842578
M4,1.0,0.15,0.010638882985164326
M4,1.0,0.1518987341772152,0.010660995522137208
M4,1.0,0.15384615384615385,0.0111168412296625
M4,1.0,0.15584415584415584,0.0118521517651617
M4,1.0,0.15789473684210525,0.012116066238269491
M4,1.0,0.16,0.012438972512172486
M4,1.0,0.16216216216216217,0.012492393999570979
M4,1.0,0.1643835616438356,0.012559884724747299
M4,1.0,0.16666666666666666,0.012600772946343127
M4,1.0,0.16901408450704225,0.012828226378741647
M4,1.0,0.17142857142857143,0.013009081483354865
M4,1.0,0.17391304347826086,0.01316928547340031
M4,1.0,0.17647058823529413,0.013573592408412457
M4,1.0,0.1791044776119403,0.013844703095891888
M4,1.0,0.18181818181818182,0.014353249485278599
M4,1.0,0.18461538461538463,0.0146930097446705
M4,1.0,0.1875,0.015471866121380002
M4,1.0,0.19047619047619047,0.015537466436133306
M4,1.0,0.1935483870967742,0.01567607708190015
M4,1.0,0.19672131147540983,0.015692350806980795
M4,1.0,0.2,0.01639821289271948
M4,1.0,0.2033898305084746,0.01666879963092318
M4,1.0,0.20689655172413793,0.017679721358304423
M4,1.0,0.21052631578947367,0.01784628608587243
M4,1.0,0.21428571428571427,0.018915248974916962
M4,1.0,0.21818181818181817,0.019678892382190987
M4,1.0,0.2222222222222222,0.020575318392260542
M4,1.0,0.22641509433962265,0.021109882646872278
M4,1.0,0.23076923076923078,0.021524129001387098
M4,1.0,0.23529411764705882,0.022076235793838744
M4,1.0,0.24,0.02210917197399266
M4,1.0,0.24489795918367346,0.02293200759795777
M4,1.0,0.25,0.025277751152069018
M4,1.0,0.2553191489361702,0.0283839872455432
M4,1.0,0.2608695652173913,0.028575550267441567
M4,1.0,0.26666666666666666,0.028891818138948807
M4,1.0,0.2727272727272727,0.030120729795327626
M4,1.0,0.27906976744186046,0.03067991012095923
M4,1.0,0.2857142857142857,0.031042346256637002
M4,1.0,0.2926829268292683,0.03402460240816877
M4,1.0,0.3,0.03550264340580026
M4,1.0,0.3076923076923077,0.036316302955911935
M4,1.0,0.3157894736842105,0.036594477304249744
M4,1.0,0.32432432432432434,0.036839536337289897
M4,1.0,0.3333333333333333,0.03793655821895776
M4,1.0,0.34285714285714286,0.03841124989631119
M4,1.0,0.35294117647058826,0.03927792573972823
M4,1.0,0.36363636363636365,0.03998680929606103
M4,1.0,0.375,0.044676514391250484
M4,1.0,0.3870967741935484,0.04869126135834011
M4,1.0,0.4,0.05244548612798585
M4,1.0,0.41379310344827586,0.053477577129451004
M4,1.0,0.42857142857142855,0.06109232336674358
M4,1.0,0.4444444444444444,0.06501192923639738
M4,1.0,0.46153846153846156,0.0660235106985799
M4,1.0,0.48,0.07314962535329499
M4,1.0,0.5,0.07500354796876468
M4,1.0,0.5217391304347826,0.0855976359782788
M4,1.0,0.5454545454545454,0.08703344088442315
M4,1.0,0.5714285714285714,0.09688088517740469
M4,1.0,0.6,0.10218259449115087
M4,1.0,0.631578947368421,0.10341905954836517
M4,1.0,0.6666666666666666,0.10563591948931554
M4,1.0,0.7058823529411765,0.15915328411348714
M4,0.9166666666666666,0.6875,0.1692955669809326
M4,0.9166666666666666,0.7333333333333333,0.24556580219735127
M4,0.9166666666666666,0.7857142857142857,0.26325884880099787
M4,0.9166666666666666,0.8461538461538461,0.2724742899776545
M4,0.9166666666666666,0.9166666666666666,0.33222514678413645
M4,0.9166666666666666,1.0,0.3933181696551591
M4,0.8333333333333334,1.0,0.3999223782100284
M4,0.75,1.0,0.41709153173513536
M4,0.6666666666666666,1.0,0.445826723072337
M4,0.5833333333333334,1.0,0.48926605598642414
M4,0.5,1.0,0.5903225427497613
M4,0.4166666666666667,1.0,0.6154210965517612
M4,0.3333333333333333,1.0,0.69819840952526
M4,0.25,1.0,0.7118231126892899
M4,0.16666666666666666,1.0,0.8353899177785299
M4,0.08333333333333333,1.0,0.8886936420972656
M4,0.0,1.0,
