GC_E,tSNE_2,MSN_unique_ID,tSNE_1,HC_E,HC_GC_consensus,HC_GC_consensus_E,RPCA_major_class
E3,13.6087614766028,A10157_Batch4,-1.35650160634278,E3,True,E3,D1
E2,5.56978122878541,A10158_Batch4,-1.07920802726324,E2,True,E2,D2
E2,5.40153386776646,A10161_Batch4,-7.59699152611495,E2,True,E2,D1
E4,-0.661643109802668,A10162_Batch4,4.35191352694803,E4,True,E4,D2
E2,4.08828921964007,A10163_Batch4,-6.2544346710045,E2,True,E2,D1
E3,13.6051908733993,A10164_Batch4,-1.55410130163531,E3,True,E3,D1
E4,2.63290098498403,A10166_Batch4,4.07856013271171,E4,True,E4,D2
E4,12.5207327082372,A10167_Batch4,3.70029390996043,E4,True,E4,D1
E1,-10.6714704367635,A10174_Batch4,-1.77503237636644,E1,True,E1,D1
E2,-7.46866134039981,A10175_Batch4,-0.810328622228751,E2,True,E2,D1
E1,-9.07462005288535,A10177_Batch4,4.51440832130992,E1,True,E1,D1
E5,14.5464499432516,A10181_Batch4,1.80978457582494,E5,True,E5,D1
E5,18.4564818823007,A10184_Batch4,0.471821976070281,E5,True,E5,D1
E2,0.636153862814247,A10185_Batch4,-6.78710171211172,E2,True,E2,D2
E1,-16.9035691694904,A10186_Batch4,1.47691660036896,E1,True,E1,D1
E2,5.01886696356357,A10231_Batch4,0.0062491002518692,E2,True,E2,D2
E1,-9.7767964505225,A10232_Batch4,-2.18844005193358,E1,True,E1,D2
E2,-2.87754702659909,A10243_Batch4,-8.14944406049091,E2,True,E2,D1
E2,0.41419304783394,A10252_Batch4,-4.14200262859073,E2,True,E2,D1
E4,8.19325162065419,A10292_Batch4,3.42750813879159,E4,True,E4,D1
E2,-2.65228077200309,A10293_Batch4,-3.42477988166894,E2,True,E2,D2
E4,7.26979130773013,A10295_Batch4,4.64875895580581,E4,True,E4,D2
E2,2.53419264104656,A10305_Batch4,-4.52346526856496,E2,True,E2,D1
E4,11.0820110427918,A10313_Batch4,2.51981670123507,E4,True,E4,D2
E3,13.5765419293828,A11114_Batch4,-4.58484866663822,E3,True,E3,D1
E2,4.42339709855518,A11121_Batch4,-2.11948651359279,E2,True,E2,D1
E1,-4.44494830367654,A11126_Batch4,6.05622617369809,E2,False,,D1
E2,-1.43902988223431,A11132_Batch4,-11.7365708859742,E3,False,,D2
E1,-7.74677624922192,A11135_Batch4,1.43854307177548,E1,True,E1,D1
E1,-12.41734840457,A11156_Batch4,4.85223265855468,E1,True,E1,D1
E2,2.72516252734387,A11181_Batch4,-6.6084534537425,E2,True,E2,D1
E2,-0.623321339118537,A11184_Batch4,-1.92230582185123,E2,True,E2,D1
E2,4.94651728218408,A11186_Batch4,-4.03279402526433,E2,True,E2,D1
E5,14.5140249871497,A11254_Batch4,5.90318865504082,E5,True,E5,D1
E1,-9.70090312931181,A11255_Batch4,-1.07490867101639,E1,True,E1,D1
E3,11.9408696406313,A11274_Batch4,-2.59985292220789,E3,True,E3,D1
E1,-17.1279912473178,A1174_Batch4,1.12185187060692,E1,True,E1,D1
E2,2.31891273966268,A1176_Batch4,-0.417904705838209,E2,True,E2,D2
E2,8.38659156998243,A1182_Batch4,-1.02119802593207,E2,True,E2,D1
E2,4.09000749777769,A1222_Batch4,1.63010875540447,E2,True,E2,D1
E1,-7.8355995233183,A1225_Batch4,6.62899749914633,E1,True,E1,D1
E2,-3.04031514506218,A20256101_Batch7,-0.610627875797554,E2,True,E2,D2
E4,0.418261923745202,A20256103_Batch7,3.82102177842085,E4,True,E4,D1
E3,13.6623516090676,A20256106_Batch7,-4.87712522683641,E3,True,E3,D2
E5,14.9295416072246,A20256111_Batch7,4.26020926879348,E5,True,E5,D1
E2,3.14791439943383,A20256113_Batch7,-2.18324433795304,E2,True,E2,D2
E5,16.1026085411753,A20256114_Batch7,1.888325066485,E5,True,E5,D1
E2,-1.1356513446781,A20256116_Batch7,-3.14494544666251,E2,True,E2,D2
E1,-3.51839992857944,A20256117_Batch7,7.33330177313019,E1,True,E1,D2
E1,-10.2273668449225,A20256118_Batch7,3.29922222534297,E1,True,E1,D2
E2,6.94223954451065,A20256122_Batch7,-1.66944276838026,E2,True,E2,D2
E2,-1.35340980691531,A20256123_Batch7,-2.91090105575642,E2,True,E2,D2
E2,-0.530270114003586,A20256124_Batch7,-1.43181295924444,E2,True,E2,D2
E3,11.5460575743084,A20256127_Batch7,-3.98211741979211,E3,True,E3,D2
E4,10.9747939657917,A20256131_Batch7,4.3247603225404,E4,True,E4,D2
E4,10.585802224033,A20256162_Batch7,4.07493873667863,E4,True,E4,D1
E2,2.76895084926929,A20256163_Batch7,-1.41014404635028,E2,True,E2,D2
E1,-9.04258898329194,A20256164_Batch7,2.93077501185611,E1,True,E1,D2
E2,-4.34815043111412,A20256165_Batch7,-1.02125239522255,E2,True,E2,D1
E5,15.6266158963121,A20256166_Batch7,-3.54700153229554,E3,False,,D2
E3,14.1342606197241,A20256167_Batch7,-2.17958390886629,E3,True,E3,D2
E4,10.6988503955089,A20256171_Batch7,3.59562246892808,E4,True,E4,D2
E2,1.85594409714753,A20256172_Batch7,-1.1321242824269,E2,True,E2,D2
E2,-6.36817039852145,A20256173_Batch7,0.44596228217151,E2,True,E2,D2
E3,8.10294260854854,A20256176_Batch7,-4.4877224568472,E3,True,E3,D2
E2,2.54667229254218,A20256177_Batch7,1.42109330971882,E2,True,E2,D2
E2,5.05875148230027,A20256182_Batch7,0.718312775349631,E2,True,E2,D2
E5,17.1585484397539,A20256183_Batch7,0.718684349140364,E5,True,E5,D1
E1,-8.97355989804743,A20256185_Batch7,4.28271123551643,E1,True,E1,D2
E1,-4.84747041106342,A20256186_Batch7,4.68993029598794,E2,False,,D2
E2,-5.99307316519084,A20256187_Batch7,-1.04370877700583,E2,True,E2,D2
E2,0.0926470878998556,A20256201_Batch7,-6.15753208224223,E2,True,E2,D2
E5,15.6308877543991,A20256202_Batch7,4.33514156764078,E5,True,E5,D2
E2,-5.03328324726264,A20256205_Batch7,-6.90096230768475,E2,True,E2,D2
E2,-3.06833779860855,A20256206_Batch7,0.992155470638315,E2,True,E2,D2
E3,6.69791597053598,A20256241_Batch7,-4.28672142073328,E3,True,E3,D2
E2,4.54104303294701,A20256242_Batch7,0.476553229635717,E2,True,E2,D2
E5,15.3360886737492,A20256243_Batch7,6.21561706646554,E2,False,,D2
E3,1.5581904038329,A20256245_Batch7,-5.42276264994592,E2,False,,D2
E3,11.4555921731896,A20256247_Batch7,-4.18308963441514,E3,True,E3,D2
E2,-1.84337803939709,A20256251_Batch7,-7.25422189576491,E2,True,E2,D2
E2,1.96717253864366,A20256252_Batch7,-4.40578807928036,E2,True,E2,D2
E2,-2.84546947319238,A20256254_Batch7,-8.73071318483227,E2,True,E2,D2
E4,1.73234707930134,A20256262_Batch7,4.6616679413351,E4,True,E4,D2
E2,-1.21982149911991,A20256263_Batch7,-6.39868609103373,E2,True,E2,D2
E2,-2.24911646773464,A20256264_Batch7,-8.07605844409482,E2,True,E2,D2
E2,-1.45647281006715,A20256265_Batch7,-7.65614849789656,E2,True,E2,D2
E2,4.31781772180382,A20256266_Batch7,-5.00274905645155,E2,True,E2,D2
E3,10.461376976658,A20256267_Batch7,-4.480225579232,E3,True,E3,D2
E3,9.27456311261013,A20256268_Batch7,-3.41938599326865,E3,True,E3,D2
E2,1.8211436678712,A20256274_Batch7,-1.75727040083576,E2,True,E2,D2
E1,-14.8289248429036,A20256275_Batch7,2.15324692034119,E1,True,E1,D2
E3,11.315999556533,A20256276_Batch7,-3.54870348919811,E3,True,E3,D2
E4,11.4476166451968,A20256303_Batch7,2.90555550552881,E4,True,E4,D2
E2,3.54929424100261,A20256304_Batch7,0.206493849583301,E2,True,E2,D2
E1,-8.9370288032546,A20256307_Batch7,1.56315727956298,E1,True,E1,D2
E3,10.5736445314419,A20256410_Batch7,-4.02394376507766,E3,True,E3,D2
E2,-2.6811403351055,A2025644_Batch7,-7.44722904713313,E2,True,E2,D2
E4,9.79184683486092,A2025646_Batch7,5.26994197306967,E4,True,E4,D2
E3,13.4462892169482,A2025647_Batch7,-1.85296067608757,E3,True,E3,D2
E2,6.21450678671362,A2025648_Batch7,-6.38613481255539,E2,True,E2,D2
E2,4.80969051678505,A2025652_Batch7,-4.99200116715097,E2,True,E2,D2
E2,3.22930367329633,A2025653_Batch7,-6.2417215502684,E2,True,E2,D2
E2,0.496916471098271,A2025654_Batch7,-2.60573655159585,E2,True,E2,D2
E2,4.46675902885289,A2025656_Batch7,-6.11101615872577,E2,True,E2,D1
E4,6.11501344634298,A2025657_Batch7,2.35766976575407,E2,False,,D1
E5,16.2427127881399,A2025661_Batch7,-1.8736624229109,E5,True,E5,D2
E4,8.28544030516474,A2025664_Batch7,3.38777429219226,E4,True,E4,D1
E2,5.25566895939264,A2025666_Batch7,-0.522512929881404,E2,True,E2,D2
E2,-1.96992571397597,A2025712_Batch7,-5.97680563657606,E2,True,E2,D2
E3,6.39538521411748,A20257151_Batch7,-5.10304246489358,E2,False,,D2
E5,16.2285108860453,A20257152_Batch7,-1.26838862318126,E5,True,E5,D2
E3,9.74755720221098,A20257155_Batch7,-4.79857545974203,E3,True,E3,D1
E1,-15.7682745786136,A20257156_Batch7,1.93650762830629,E1,True,E1,D2
E1,-3.42431412060803,A20257157_Batch7,6.34314543107019,E2,False,,D2
E1,-7.49106904474834,A20257158_Batch7,2.5703380900527,E1,True,E1,D2
E1,-12.8727937627946,A20257161_Batch7,-3.09796538302749,E1,True,E1,D2
E2,-1.60645376233153,A20257162_Batch7,-11.6901948600748,E3,False,,D2
E1,-10.7549743599717,A2025716_Batch7,-0.642931170614678,E1,True,E1,D2
E4,10.0111555438491,A20257171_Batch7,5.31008161093853,E4,True,E4,D2
E2,3.4108263075081,A20257172_Batch7,-5.87743899023807,E2,True,E2,D2
E2,-2.8982053929166,A20257174_Batch7,-7.65430085422048,E2,True,E2,D2
E1,-12.083319566442,A20257177_Batch7,-2.13439009064551,E1,True,E1,D2
E5,16.1428383460809,A20257178_Batch7,-1.95390041143141,E5,True,E5,D2
E4,-0.0400218532603856,A20257182_Batch7,1.74919528005617,E2,False,,D2
E2,-1.23199794485385,A20257184_Batch7,-11.9614465780259,E3,False,,D2
E1,-9.47096773535447,A20257186_Batch7,3.16451070157925,E1,True,E1,D2
E1,-5.7635795859729,A20257188_Batch7,4.14028736563564,E1,True,E1,D2
E4,12.0666009760063,A2025731_Batch7,2.98342434797779,E4,True,E4,D2
E1,-12.3241906321703,A2025732_Batch7,-2.3175358827566,E1,True,E1,D2
E4,0.273003493717698,A2025734_Batch7,6.43532280054506,E4,True,E4,D2
E2,4.65654518662281,A2025735_Batch7,-0.113316357519167,E2,True,E2,D2
E4,1.78845835113222,A2025737_Batch7,3.23304468661353,E4,True,E4,D2
E2,-3.48685610328989,A2025738_Batch7,-3.6740010288947,E2,True,E2,D2
E2,-3.16960499068736,A2025781_Batch7,-9.28999149268047,E2,True,E2,D2
E4,0.161117754152484,A2025784_Batch7,5.0095643011464,E4,True,E4,D1
E1,-6.34913740040446,A2025786_Batch7,5.7807196207825,E1,True,E1,D2
E1,-4.88244290915934,A2025788_Batch7,3.36399077146198,E1,True,E1,D2
E4,-0.645965909725054,A2025792_Batch7,1.95824527030573,E2,False,,D2
E2,-1.37768636157624,A2025793_Batch7,-0.199867349918203,E2,True,E2,D2
E1,-14.1708512522402,A2025794_Batch7,4.68527060628561,E1,True,E1,D2
E1,-9.7847986968815,A2025795_Batch7,3.18123084365184,E1,True,E1,D2
E2,-6.456916949925,A2025796_Batch7,-1.19359240997699,E1,False,,D2
E3,14.0299306981234,A2025797_Batch7,-1.81248119485089,E3,True,E3,D2
E3,8.15798840701571,A2025798_Batch7,-3.13173058104669,E3,True,E3,D2
E1,-17.7218291760277,D2510215_Batch8,4.81571448410621,E1,True,E1,D1
E3,11.574266764626,D2510218_Batch8,-1.87190905360177,E3,True,E3,D1
E2,-6.65668437197391,D251022_Batch8,-2.03131356319985,E2,True,E2,D1
E1,-12.5312224101831,D2510232_Batch8,6.46194514219402,E1,True,E1,D2
E5,15.0164748805513,D2510233_Batch8,1.31879246890575,E5,True,E5,D1
E5,15.6898328912472,D2510242_Batch8,4.47763487689908,E5,True,E5,D2
E1,-13.5673187957664,D2510245_Batch8,3.51706767117804,E1,True,E1,D2
E5,16.007943287805,D251024_Batch8,6.37543957840267,E5,True,E5,D1
E5,15.3006084209947,D251025_Batch8,1.64294331306143,E5,True,E5,D1
E1,-15.8541444144908,D251027_Batch8,1.55904856590559,E1,True,E1,D1
E4,-1.40814548927904,D251031_Batch8,5.34056132931938,E4,True,E4,D2
E2,4.7838173779293,D251061_Batch8,-0.855641638185154,E2,True,E2,D1
E2,2.76210988907765,D251062_Batch8,-1.01945904892319,E2,True,E2,D1
E4,11.1398435766298,D251064_Batch8,3.89678967098812,E4,True,E4,D1
E1,-10.8900267653294,D251071_Batch8,5.70747135966656,E1,True,E1,D2
E1,-8.27853578169404,D251074_Batch8,8.7621976769284,E1,True,E1,D1
E4,1.18478022905553,D251075_Batch8,4.73189865788341,E4,True,E4,D2
E2,2.90305535765574,D251076_Batch8,-2.6448924687027,E2,True,E2,D2
E5,16.1265859503461,D251081_Batch8,1.67577568453267,E5,True,E5,D1
E2,-5.34708155558274,D251083_Batch8,-2.76212820890158,E1,False,,D1
E2,-1.49391958177263,D251084_Batch8,-11.4867043412512,E3,False,,D1
E1,-9.97593563189942,D2510885_Batch8,4.71601126588545,E1,True,E1,D1
E1,-17.1330365174523,D251092_Batch8,4.43168064900619,E1,True,E1,D1
E1,-15.3100307873521,D2511256_Batch8,4.32308904893453,E1,True,E1,D1
E3,12.4521193075707,D251161_Batch8,-2.11715589871523,E3,True,E3,D2
E1,-14.488714372338,D251162_Batch8,4.12703540347724,E1,True,E1,D2
E1,-3.66046773284118,D251163_Batch8,7.38792180097618,E1,True,E1,D1
E1,-17.5860494283303,D251166_Batch8,3.42422430177609,E1,True,E1,D1
E1,-17.2872377581639,D251167_Batch8,4.45964183946673,E1,True,E1,D1
E2,-3.80253580118625,D251171_Batch8,-7.2914557581173,E2,True,E2,D1
E1,-17.3883264811233,D251172_Batch8,3.4683515253511,E1,True,E1,D1
E1,-9.2646383928914,D251174_Batch8,-3.19981576832196,E1,True,E1,D1
E3,7.61081714318876,D258113_Batch8,-5.09860705036294,E3,True,E3,D1
E1,-13.8948591232084,D258124_Batch8,0.342508742436683,E1,True,E1,D1
E5,14.5031350707007,D258132_Batch8,4.79240385130889,E5,True,E5,D1
E2,-5.13301021645841,D258141_Batch8,-9.06011928812868,E2,True,E2,D1
E5,15.1441380293309,D258142_Batch8,2.77303102578303,E5,True,E5,D1
E2,4.30344106026448,D258143_Batch8,1.03392498981858,E2,True,E2,D1
E1,-14.9508184145474,D258151_Batch8,1.80152385362607,E1,True,E1,D1
E1,-14.6752119016014,D258152_Batch8,3.69733849059661,E1,True,E1,D1
E1,-9.71088033990263,D258155_Batch8,2.3883618813131,E1,True,E1,D1
E1,-7.45914796425146,D258156_Batch8,8.55602948291211,E1,True,E1,D1
E2,-6.99939149864033,D258181_Batch8,-0.155379912694988,E2,True,E2,D2
E2,-3.35078128279077,D258182_Batch8,-8.53069916700351,E2,True,E2,D2
E1,-15.5380196513774,D258183_Batch8,1.0406580175033,E1,True,E1,D1
E1,-10.1944822271636,D258184_Batch8,5.20012730703502,E1,True,E1,D1
E4,0.556359107015023,D258191_Batch8,2.65496564220338,E4,True,E4,D1
E1,-10.1878621337199,D258195_Batch8,-0.951487725955338,E1,True,E1,D2
E3,9.06715394390221,D258221_Batch8,-6.46509091867939,E3,True,E3,D2
E2,-4.14635465115013,D258224_Batch8,-4.73320338558682,E2,True,E2,D2
E4,7.47228377970039,D258283_Batch8,2.60020469485485,E4,True,E4,D1
E2,-4.5921938728012,D25881_Batch8,-8.2927244394505,E2,True,E2,D2
E1,-17.889649810058,D25883_Batch8,3.12014890961174,E1,True,E1,D2
E1,-14.1918499313841,D259101_Batch8,6.03300560829503,E1,True,E1,D1
E2,3.60107910811366,D259121_Batch8,1.99279391601006,E2,True,E2,D1
E5,16.2776092506705,D259122_Batch8,3.24198240510642,E5,True,E5,D1
E1,-16.6743625828949,D259161_Batch8,3.91238806753196,E1,True,E1,D1
E4,-1.86212999350022,D259162_Batch8,5.04319196605133,E4,True,E4,D2
E1,-14.5918320612465,D259164_Batch8,-1.08494149548056,E1,True,E1,D1
E4,-1.63251941219614,D25941_Batch8,4.97782242057495,E4,True,E4,D1
E5,14.5412666487419,D25943_Batch8,6.08724221380779,E5,True,E5,D1
E5,17.8925329703651,D25944_Batch8,0.841066624815851,E5,True,E5,D1
E1,-13.443081427876,D25945_Batch8,4.21155751307371,E1,True,E1,D2
E2,-3.99669795512575,D25952_Batch8,-5.30870201489109,E2,True,E2,D2
E2,-2.63342245033806,D25953_Batch8,-3.68254984552231,E2,True,E2,D1
E1,-16.0225630674664,D25954_Batch8,3.09109495772375,E1,True,E1,D1
E1,-14.6685403183254,D25955_Batch8,3.48063607107245,E1,True,E1,D2
E3,10.9607754591075,D25957_Batch8,-1.57370986838936,E3,True,E3,D1
E2,5.76382994217659,D25958_Batch8,-6.64517845932097,E2,True,E2,D1
E1,-14.2522654049194,D25992_Batch8,1.53984136831115,E1,True,E1,D1
E3,7.60497685370699,D25993_Batch8,-2.87515597693292,E3,True,E3,D2
E1,-17.1329087206383,D25994_Batch8,4.61781768832369,E1,True,E1,D2
E2,-5.30380229765313,D25995_Batch8,0.339413870201594,E2,True,E2,D2
E1,-11.1315005515173,D25996_Batch8,0.0744878113256752,E1,True,E1,D2
E2,3.02472388114612,J10103_Batch3,1.30272455854477,E2,True,E2,D2
E1,-12.9939151522824,J10104_Batch3,5.90992825217691,E1,True,E1,D1
E4,6.87248705709219,J10105_Batch3,2.06551443433207,E4,True,E4,D1
E5,14.728712023356,J10106_Batch3,5.12690460151086,E5,True,E5,D1
E5,15.9644988114799,J10113_Batch3,-0.240826238650706,E5,True,E5,D1
E1,-8.1243329079441,J10114_Batch3,0.782528116387713,E1,True,E1,D2
E2,3.73339791663864,J10141_Batch3,-0.312380891216408,E2,True,E2,D2
E2,5.70381195743292,J10144_Batch3,0.777841569944951,E2,True,E2,D1
E5,15.8549577878446,J10146_Batch3,5.86349756618205,E5,True,E5,D1
E4,0.369540714541046,J10147_Batch3,5.94065866184101,E4,True,E4,D2
E1,-13.8158344906903,J10152_Batch3,5.48914979686029,E1,True,E1,D1
E2,5.31968825094055,J10153_Batch3,1.05528570380166,E2,True,E2,D2
E4,11.6703050329386,J10154_Batch3,2.06078799272067,E4,True,E4,D2
E2,-0.80466158416404,J10156_Batch3,-3.25826657508674,E2,True,E2,D2
E2,-2.52506086515258,J1021_Batch3,-6.53304160838194,E2,True,E2,D1
E2,-9.54508737773472,J1022_Batch3,-4.39022615136204,E1,False,,D1
E4,7.80528402314046,J1024_Batch3,1.68867177878255,E4,True,E4,D2
E1,-6.14569053523006,J1025_Batch3,6.51205246170952,E1,True,E1,D1
E2,-3.55630924405276,J1026_Batch3,-7.85976629592707,E2,True,E2,D2
E1,-12.2121343823767,J1034_Batch3,-2.08992046649499,E1,True,E1,D1
E5,16.1266285007228,J1042_Batch3,0.99671114608386,E5,True,E5,D1
E4,2.44261364033373,J1074_Batch3,4.39671451330036,E4,True,E4,D1
E4,12.966638293307,J1081_Batch3,2.16842203850735,E4,True,E4,D1
E2,-2.80801990937063,J1082_Batch3,-2.21462932186064,E2,True,E2,D1
E3,9.07651207782948,J1083_Batch3,0.408524059758628,E4,False,,D1
E4,7.7139924673628,J1092_Batch3,3.43302705836777,E4,True,E4,D1
E4,9.00444664788775,J1093_Batch3,1.34346421732628,E4,True,E4,D2
E2,0.989715364486688,J1287_Batch6,-6.84529032784584,E2,True,E2,D2
E1,-8.84217552650408,J2106_Batch6,5.34098098561609,E1,True,E1,D2
E1,-7.67257667102334,J2107_Batch6,4.02617349753637,E1,True,E1,D1
E1,-4.74168977658113,J2111_Batch6,5.15283828251361,E2,False,,D2
E4,0.460241440757907,J2112_Batch6,5.39294295198514,E4,True,E4,D1
E2,4.05145827902894,J2113_Batch6,-3.23481449683821,E2,True,E2,D1
E2,-2.2856090330103,J2114_Batch6,-8.86475952118632,E2,True,E2,D1
E1,-9.07043251635227,J2122_Batch6,3.90851141109846,E1,True,E1,D1
E1,-7.24568832554892,J2126_Batch6,3.17448550999672,E1,True,E1,D1
E1,-5.44854400333185,J2142_Batch6,3.41619558197292,E1,True,E1,D1
E1,-9.60441626053238,J2145_Batch6,-2.8381781544764,E1,True,E1,D1
E2,-4.16627112021078,J2147_Batch6,-8.76711626652496,E2,True,E2,D1
E4,11.6825746788317,J2243_Batch6,3.91631632563552,E4,True,E4,D2
E1,-12.390781708615,J2245_Batch6,-1.31870658732114,E1,True,E1,D1
E3,10.7465891358408,J2251_Batch6,-3.51287709647288,E3,True,E3,D1
E1,-13.6545585457706,J2252_Batch6,2.47923301735398,E1,True,E1,D1
E1,-11.8169583103258,J2254_Batch6,3.18311720647458,E1,True,E1,D1
E1,-5.86790415805065,J2264_Batch6,3.0927000402548,E1,True,E1,D1
E5,16.8496235615012,J231_Batch6,-0.485262131130093,E5,True,E5,D2
E2,-1.66948567271759,J232_Batch6,-3.21691687682229,E2,True,E2,D2
E2,2.69054113279388,J235_Batch6,-1.75222933822484,E2,True,E2,D2
E3,8.51136934684147,J252_Batch6,-4.84596781738342,E3,True,E3,D1
E2,-5.42568465855711,J265_Batch6,-8.07097902404759,E2,True,E2,D2
E2,7.11075699089318,J268_Batch6,-6.57476453875506,E3,False,,D1
E1,-12.7111130216635,J271_Batch6,-0.633487936953139,E1,True,E1,D1
E1,-9.64770748089521,J273_Batch6,1.8686368669872,E1,True,E1,D1
E4,12.6075747476399,J274_Batch6,6.06379309312359,E4,True,E4,D1
E3,15.0480539197371,J3101_Batch6,-3.32829453792464,E3,True,E3,D1
E1,-13.1647757085517,J3112_Batch6,5.21398869357539,E1,True,E1,D2
E2,-4.92769373295672,J3141_Batch6,-6.39657981369655,E2,True,E2,D2
E1,-11.9545929695861,J3144_Batch6,3.0073347335382,E1,True,E1,D1
E1,-13.4402250414807,J3213_Batch6,3.06296662110261,E1,True,E1,D2
E1,-11.7985538535924,J3216_Batch6,1.03358142703317,E1,True,E1,D2
E2,-1.26860941292199,J3243_Batch6,-11.6764588541332,E3,False,,D1
E2,0.403790204451058,J3253_Batch6,-1.01507184799013,E2,True,E2,D2
E4,11.8141083653843,J3254_Batch6,2.31608822849806,E4,True,E4,D2
E3,11.4470139776964,J3256_Batch6,-2.64992208123096,E3,True,E3,D1
E4,5.29610831659754,J3262_Batch6,3.85126265783783,E4,True,E4,D2
E2,4.77658972899984,J3268_Batch6,-1.61845508377924,E2,True,E2,D1
E1,-7.15310950440412,J3284_Batch6,5.13396771334889,E1,True,E1,D1
E1,-5.54324019021556,J3314_Batch6,6.87501216671511,E1,True,E1,D1
E1,-13.2975702740648,J341_Batch6,2.95027675087312,E1,True,E1,D1
E1,-10.6174914695279,J344_Batch6,-3.5782345669181,E1,True,E1,D1
E1,-15.7200389986314,J346_Batch6,2.39798063541984,E1,True,E1,D1
E2,3.7190754161902,J351_Batch6,-6.27791613608618,E2,True,E2,D1
E2,6.02552851666619,J372_Batch6,-2.03825147711825,E2,True,E2,D1
E2,-1.94754806719712,J373_Batch6,-5.48829385646851,E2,True,E2,D1
E2,-2.92656528433196,J375_Batch6,-5.57955719254549,E2,True,E2,D1
E3,10.3295960880041,J377_Batch6,-1.60968538848073,E3,True,E3,D2
E2,-8.95705290741705,J4118_Batch6,-4.45832780990277,E1,False,,D1
E2,4.17564590522851,J412_Batch6,-2.7754018066881,E2,True,E2,D1
E2,3.93589395495272,J4141_Batch6,0.114126226529406,E2,True,E2,D1
E1,-8.74849249092905,J4144_Batch6,4.14859348005305,E1,True,E1,D1
E1,-5.74529463847515,J4145_Batch6,6.30982414930538,E1,True,E1,D1
E1,-7.67211398490825,J4146_Batch6,4.77797505273584,E1,True,E1,D1
E2,5.69512385794648,J4147_Batch6,-5.6686751712358,E2,True,E2,D1
E3,7.96112206140624,J4153_Batch6,-4.6331013947188,E3,True,E3,D2
E2,1.50859742593134,J4156_Batch6,-1.86749587859246,E2,True,E2,D2
E4,-0.633646803655013,J4162_Batch6,1.63212263924999,E2,False,,D2
E2,-5.31256436031638,J4163_Batch6,1.60145706837207,E2,True,E2,D2
E4,-1.71831757390211,J4165_Batch6,1.59654968116918,E2,False,,D2
E1,-13.2550271987499,J4175_Batch6,-2.9483962948184,E1,True,E1,D1
E1,-9.31476848881428,J4177_Batch6,-2.07897957354102,E1,True,E1,D1
E4,-1.3099485787162,J4183_Batch6,4.16708465603243,E4,True,E4,D2
E2,-4.52255857681404,J4184_Batch6,-4.15100593735723,E2,True,E2,D2
E2,0.975312720665805,J4212_Batch6,-0.679726591389948,E2,True,E2,D2
E2,-4.98732178870178,J4214_Batch6,-0.580532446387562,E2,True,E2,D2
E2,6.19623752379466,J4216_Batch6,1.24854401885177,E2,True,E2,D2
E1,-8.93891111406929,J4217_Batch6,1.11221820257876,E1,True,E1,D2
E2,0.139121453617845,J4229_Batch6,-2.74609275089886,E2,True,E2,D1
E1,-17.9390622036626,J4235_Batch6,3.23172604072026,E1,True,E1,D1
E4,13.1475895299424,J4241_Batch6,5.98664843609847,E4,True,E4,D1
E2,-0.576577965906506,J4242_Batch6,-6.30900957344795,E2,True,E2,D2
E1,-7.84743143917632,J4247_Batch6,1.74611280159067,E1,True,E1,D2
E2,-3.87654503363081,J4257_Batch6,-6.92887905214177,E2,True,E2,D2
E1,-7.00270511544009,J426_Batch6,6.4253944596076,E1,True,E1,D1
E2,6.67026232725343,J4281_Batch6,-7.29462193660591,E3,False,,D2
E4,11.1912571961194,J4283_Batch6,2.31773291404181,E4,True,E4,D2
E3,7.38356597677492,J4284_Batch6,0.997788463091745,E4,False,,D2
E2,-4.47385625995522,J4285_Batch6,-1.74835766359895,E2,True,E2,D2
E1,-7.48879970770288,J434_Batch6,6.14155783969843,E1,True,E1,D2
E1,-5.96288645208736,J435_Batch6,7.52465819572448,E1,True,E1,D1
E1,-5.22114143201488,J438_Batch6,7.93781621019993,E1,True,E1,D1
E1,-8.27613372183497,J471_Batch6,8.53085804518504,E1,True,E1,D1
E1,-14.4342487026303,J485_Batch6,2.70571379501904,E1,True,E1,D1
E4,9.16194091918712,J486_Batch6,3.50742176177301,E4,True,E4,D2
E1,-11.9362954192067,J487_Batch6,2.9859537381419,E1,True,E1,D2
E2,-3.861239428278,J495_Batch6,-2.03539658568981,E2,True,E2,D2
E5,16.719408353522,J5122_Batch6,1.17502065873219,E5,True,E5,D1
E1,-9.33648908800121,J5126_Batch6,-0.555571140162462,E1,True,E1,D2
E2,3.27096559279912,J5128_Batch6,-2.08943259359237,E2,True,E2,D2
E4,8.12898821937458,J5141_Batch6,2.20891473244914,E4,True,E4,D2
E2,-5.13275298247623,J5144_Batch6,-9.11192258924996,E2,True,E2,D2
E1,-4.50875061838877,J5146_Batch6,7.98350621353609,E1,True,E1,D2
E4,-2.91507797866381,J5149_Batch6,1.8029751575773,E2,False,,D2
E4,2.28416370735669,J5161_Batch6,4.63944612064608,E4,True,E4,D2
E2,7.51512071540242,J5162_Batch6,-2.27731511939957,E3,False,,D2
E3,8.92885687849887,J5164_Batch6,-3.87393916689842,E3,True,E3,D2
E2,-7.06501678680607,J5165_Batch6,0.334856547071087,E2,True,E2,D2
E2,-1.47136675720415,J5167_Batch6,-12.0059084604249,E3,False,,D2
E4,13.1850652463422,J5168_Batch6,2.99565407097771,E4,True,E4,D1
E1,-12.2571847688828,J5191_Batch6,0.235486703445668,E1,True,E1,D2
E2,4.63147569754783,J5192_Batch6,2.49572020544416,E2,True,E2,D2
E2,-7.98338530851452,J5193_Batch6,-0.0837573674147169,E1,False,,D2
E3,9.04075016449566,J5194_Batch6,-4.37421416940889,E3,True,E3,D2
E2,-4.45047032898672,J5195_Batch6,-9.59891901138807,E2,True,E2,D2
E1,-12.4260591292663,J5196_Batch6,-4.05675574599078,E1,True,E1,D2
E4,11.6014186556924,J5197_Batch6,2.33049659125518,E4,True,E4,D2
E5,15.2539309527945,J5201_Batch6,5.03153889647579,E5,True,E5,D1
E2,8.27211538823113,J5202_Batch6,-1.58097649760114,E3,False,,D2
E2,-3.60861498219678,J5204_Batch6,-4.73442439747258,E2,True,E2,D2
E2,-3.07034399070452,J5205_Batch6,-9.62194957158478,E2,True,E2,D2
E1,-7.94689053150151,J5207_Batch6,3.60876516496148,E1,True,E1,D2
E1,-14.4620683704715,J5209_Batch6,2.34459993230813,E1,True,E1,D2
E2,-4.87684886119452,J5211_Batch6,-0.270577854704682,E2,True,E2,D2
E2,-1.35197867466094,J5212_Batch6,-5.91351000621425,E2,True,E2,D2
E2,2.97549320006793,J5214_Batch6,-3.28606192261809,E2,True,E2,D2
E1,-11.986795832087,J5215_Batch6,-0.382341688001117,E1,True,E1,D2
E4,8.81267385349148,J5216_Batch6,3.63634220715817,E4,True,E4,D1
E2,-0.984132293661625,J5217_Batch6,-7.82155386389792,E2,True,E2,D2
E2,-3.41282005581168,J5221_Batch6,0.131379740206467,E2,True,E2,D2
E4,1.09475305863588,J5222_Batch6,2.96024481944044,E4,True,E4,D2
E1,-3.52361709942566,J5223_Batch6,4.82581542004525,E1,True,E1,D2
E4,-1.00674183458595,J5224_Batch6,1.79523686353968,E2,False,,D2
E3,11.7776406113045,J5227_Batch6,-3.34137915923234,E3,True,E3,D2
E3,10.7450178892376,J5231_Batch6,-5.22847321583795,E3,True,E3,D2
E2,5.01472977762254,J5233_Batch6,2.14623635544647,E2,True,E2,D2
E1,-13.467296006279,J5235_Batch6,5.41443116546212,E1,True,E1,D2
E1,-15.3464033145668,J5236_Batch6,2.65077343773267,E1,True,E1,D1
E2,2.9598581554638,J5237_Batch6,2.75242165475075,E4,False,,D2
E3,7.74503019551464,J5238_Batch6,-4.47142850804539,E3,True,E3,D1
E4,11.8453519068529,M1141_Batch5,4.52652442037785,E4,True,E4,D2
E4,7.04854475647548,M1143_Batch5,4.62162941393434,E4,True,E4,D2
E1,-6.2458952365412,M1145_Batch5,2.40622195223663,E2,False,,D1
E1,-10.1729073420161,M1163_Batch5,0.692938589369699,E1,True,E1,D1
E1,-8.12554716503967,M1164_Batch5,1.76666916643401,E1,True,E1,D1
E1,-12.8429771771283,M1175_Batch5,3.82272117832824,E1,True,E1,D1
E2,-1.94244706528609,M12132_Batch5,-8.52474535961237,E2,True,E2,D1
E2,-3.78603680835832,M12134_Batch5,-9.71315062289,E2,True,E2,D2
E5,17.3733102631066,M1252_Batch5,-0.255891808568494,E5,True,E5,D1
E2,5.94406667948651,M1273_Batch5,1.14505412482378,E2,True,E2,D1
E2,-6.91593883811294,M1274_Batch5,0.484569530077488,E2,True,E2,D2
E1,-6.75420738860228,M1275_Batch5,3.91049824544536,E1,True,E1,D2
E4,-1.26012861916036,M1276_Batch5,5.21195383605943,E4,True,E4,D2
E1,-9.37119286287758,M1293_Batch5,0.376451318635672,E1,True,E1,D1
E5,16.5955466305417,M1296_Batch5,-0.697781156768727,E5,True,E5,D1
E2,-0.26425382786303,M132_Batch5,-6.10242526552484,E2,True,E2,D2
E2,4.83742530645601,M2103_Batch5,-5.4947753575085,E2,True,E2,D1
E1,-10.8824314728585,M2253_Batch5,1.26994921794523,E1,True,E1,D1
E2,3.68338026183254,M2255_Batch5,2.2344776763859,E2,True,E2,D1
E1,-17.7285683057852,M234_Batch5,2.48616882219049,E1,True,E1,D1
E2,-1.81516449048155,M251_Batch5,-1.93035721709155,E1,False,,D2
E3,14.7766773993011,M253_Batch5,-3.45142608428073,E3,True,E3,D1
E1,-18.091127296776,M266_Batch5,4.29059200346013,E1,True,E1,D1
E1,-14.1873192336279,M272_Batch5,3.23197060166744,E1,True,E1,D1
E5,15.4728887421778,M3111_Batch5,-1.33326107117437,E5,True,E5,D1
E2,-1.71276690619741,M3122_Batch5,-6.08109232038533,E2,True,E2,D1
E2,3.53772216806799,M3124_Batch5,-5.81004985282604,E2,True,E2,D2
E5,16.5008465970472,M3212_Batch5,0.321695194422245,E5,True,E5,D1
E3,10.1495467411365,M3214_Batch5,-3.10223973097579,E3,True,E3,D2
E3,7.52196567635598,M3263_Batch5,-2.65831965959973,E3,True,E3,D1
E1,-8.16314380938266,M3266_Batch5,4.04143919797871,E1,True,E1,D1
E5,15.3988989149945,M3271_Batch5,2.63064685296521,E5,True,E5,D1
E1,-4.61882169678339,M3272_Batch5,8.59570599772339,E1,True,E1,D2
E2,-7.45363463770368,M3273_Batch5,-0.994582886871193,E2,True,E2,D2
E4,11.7889008696081,M3274_Batch5,3.57988424549415,E4,True,E4,D1
E5,15.8727053598356,M3281_Batch5,5.60518058391167,E5,True,E5,D1
E1,-3.93354204219174,M3282_Batch5,7.30525476997532,E1,True,E1,D2
E4,-1.20481334292602,M3285_Batch5,4.15457106584352,E4,True,E4,D2
E5,16.3428299578459,M3311_Batch5,-0.825920649702516,E5,True,E5,D1
E3,9.35963027793744,M342_Batch5,-1.98543293945054,E3,True,E3,D2
E2,5.88591500068855,M354_Batch5,-7.69489905146143,E2,True,E2,D1
E5,17.9247063401138,M362_Batch5,0.209906724291453,E5,True,E5,D1
E5,16.2969165583846,M376_Batch5,0.689156401889948,E5,True,E5,D1
E3,11.0980415821721,M4112_Batch5,-4.4684640491286,E3,True,E3,D2
E2,2.20556930687367,M4113_Batch5,0.513641766805392,E2,True,E2,D2
E1,-12.688772772938,M4114_Batch5,-2.35470898853014,E1,True,E1,D1
E5,13.6593747460451,M4115_Batch5,6.73402455459906,E4,False,,D1
E2,5.31493479417656,M4116_Batch5,2.57831034284164,E2,True,E2,D2
E1,-5.36353260734712,M414_Batch5,4.79909413398179,E2,False,,D2
E4,12.0368573325617,M4155_Batch5,3.78066233322076,E4,True,E4,D2
E2,-1.09976036284284,M4164_Batch5,-2.08478839597797,E2,True,E2,D2
E3,9.04280121280199,M4167_Batch5,-2.1878970033143,E3,True,E3,D1
E5,16.1139432129116,M416_Batch5,6.01740235016062,E5,True,E5,D1
E2,-4.3086222256305,M4172_Batch5,0.12499463668635,E2,True,E2,D2
E3,10.4920667824478,M4173_Batch5,-2.49551729279358,E3,True,E3,D2
E1,-10.5027040664601,M4176_Batch5,0.0340572642848624,E1,True,E1,D1
E1,-14.7957269501358,M4178_Batch5,-1.11723817154988,E1,True,E1,D1
E1,-14.3178860200015,M4179_Batch5,0.994526567087826,E1,True,E1,D2
E2,7.12402167191708,M417_Batch5,-1.26198058922732,E2,True,E2,D1
E2,5.63821401559844,M4181_Batch5,-6.18115448150967,E2,True,E2,D2
E1,-14.6260646724258,M4185_Batch5,0.461064410634312,E1,True,E1,D2
E2,-2.38403722290589,M4186_Batch5,-2.2650183063874,E2,True,E2,D2
E1,-3.15481649027353,M421_Batch5,6.98220800755893,E1,True,E1,D1
E2,-6.79848495762376,M42210_Batch5,-0.551548456703163,E2,True,E2,D1
E5,15.253842401327,M4222_Batch5,1.80143851256265,E5,True,E5,D1
E1,-11.8283553267676,M4225_Batch5,-1.11485242464136,E2,False,,D1
E2,6.50297042123468,M4227_Batch5,-1.72042641167018,E2,True,E2,D1
E3,7.40599800021622,M4231_Batch5,-4.33210479653243,E3,True,E3,D2
E1,-5.81371351106732,M4237_Batch5,5.14741793910266,E2,False,,D1
E5,15.8614957289058,M423_Batch5,1.92109557876157,E5,True,E5,D1
E2,-3.94601949472552,M4243_Batch5,-2.81366392715565,E2,True,E2,D2
E1,-6.27626180310842,M4246_Batch5,1.51515925235285,E2,False,,D2
E2,-3.07676858439805,M4252_Batch5,-1.20280027369332,E2,True,E2,D2
E1,-7.19146108144623,M4253_Batch5,3.24182781495538,E1,True,E1,D1
E2,4.40075570446883,M472_Batch5,-1.27976946458421,E2,True,E2,D2
E1,-12.3030603585816,M483_Batch5,-0.954116165204353,E1,True,E1,D1
E4,7.14540003030448,M484_Batch5,3.3938290801681,E4,True,E4,D2
E4,-0.601276704008682,M491_Batch5,4.33873835383152,E4,True,E4,D1
E2,1.12920627621122,M492_Batch5,0.0280826619456111,E2,True,E2,D1
E1,-4.75441832112322,M493_Batch5,8.79512581761578,E1,True,E1,D1
E2,-3.48136978512696,M496_Batch5,-3.45013565594766,E2,True,E2,D2
E2,0.785650781595319,M497_Batch5,-1.09214122847543,E2,True,E2,D1
E2,3.88997340630424,M498_Batch5,2.85109225945156,E2,True,E2,D1
E2,3.23951850202912,O1013_Batch2,-0.895777031657325,E2,True,E2,D2
E1,-9.2628028106294,O8202_Batch2,-0.480822402250649,E1,True,E1,D1
E5,14.862943773737,O8204_Batch2,3.02114362879358,E5,True,E5,D1
E4,10.5428287229857,O8211_Batch2,3.34953880253115,E4,True,E4,D2
E2,-3.38410426652341,O8212_Batch2,-2.94305794948839,E2,True,E2,D2
E1,-12.5850463785956,O8221_Batch2,2.05566301489372,E1,True,E1,D1
E4,-3.58747282919564,O8233_Batch2,2.04673319511671,E2,False,,D2
E1,-7.45200196386002,O8244_Batch2,9.13880763451983,E1,True,E1,D1
E2,-4.78739702293617,O8264_Batch2,-8.3963771783754,E2,True,E2,D1
E2,4.6956750765614,O8272_Batch2,-5.32297122404404,E2,True,E2,D1
E1,-15.9722481346168,O8275_Batch2,2.92323902451185,E1,True,E1,D1
E3,14.2139180839219,O9115_Batch2,-3.83058037058061,E3,True,E3,D2
E2,-3.09152655670014,O9123_Batch2,0.110639266027381,E2,True,E2,D1
E4,13.2097712293029,O9131_Batch2,2.76490660186804,E4,True,E4,D1
E4,-4.0148806075256,O9132_Batch2,3.19770089773368,E1,False,,D1
E2,-3.48119406995257,O9161_Batch2,-2.52806337833817,E2,True,E2,D2
E5,14.1353538919503,O9163_Batch2,1.8873968615659,E5,True,E5,D1
E3,7.9273899834502,O9171_Batch2,0.620043648580193,E4,False,,D2
E1,-7.35996109354772,O9191_Batch2,7.60458126467596,E1,True,E1,D1
E1,-13.7647555942413,O9192_Batch2,-0.893467470263279,E1,True,E1,D2
E4,0.122975223668739,O9204_Batch2,6.85328442723169,E4,True,E4,D2
E2,5.10548070687379,O9206_Batch2,-4.52104727991545,E2,True,E2,D1
E1,-12.7639924535271,O9231_Batch2,0.667931001151908,E1,True,E1,D1
E1,-10.5522696949104,O9232_Batch2,-1.81280589839956,E1,True,E1,D1
E3,12.3264958524745,O9241_Batch2,-2.56732417964264,E3,True,E3,D2
E2,-5.84907229475392,O9242_Batch2,-0.0038835485865789,E2,True,E2,D2
E5,16.8639705801667,O9243_Batch2,1.11337729449111,E5,True,E5,D1
E1,-17.1659432912066,O9244_Batch2,2.89992399846922,E1,True,E1,D1
E2,4.03900067353609,O9267_Batch2,3.24843038989495,E2,True,E2,D2
E4,7.99522101593198,O9271_Batch2,3.07914742021566,E4,True,E4,D2
E2,-1.82273614661396,O9275_Batch2,-8.02832218674595,E2,True,E2,D2
E1,-14.2671006680013,O935_Batch2,0.98686676482775,E1,True,E1,D1
E2,-4.10323817116228,O993_Batch2,-7.70229178891607,E2,True,E2,D1
